"id","firstName","lastName","adp","projectedPoints","salary","positionRank","slotName","teamName","lineupStatus","byeWeek"
"9ee9bf4d-3c2e-4dc1-80fa-a2adaa6663b7","Josh","Allen","1.1","363.5","100","QB1","QB","Buffalo Bills",,
"f2a8a93f-dac1-41f6-ab84-dfff0248f470","Lamar","Jackson","2.6","323.3","99","QB2","QB","Baltimore Ravens",,
"76be3e20-1ef0-496c-9676-69f2e474c9c5","Bijan","Robinson","3.3","294.9","99","RB1","RB","Atlanta Falcons",,
"8d398b42-b0c1-4f97-9dee-692629657cda","Jahmyr","Gibbs","3.7","277.9","99","RB2","RB","Detroit Lions",,
"d1e16897-703a-45ec-a68a-9fa119af2e58","Joe","Burrow","5.8","308.1","98","QB3","QB","Cincinnati Bengals",,
"aba48c60-6422-4f89-920b-1c8080eb4b13","Jayden","Daniels","6.1","317.7","98","QB4","QB","Washington Commanders",,
"3840709c-2faa-41b5-b073-f905a14d6643","Drake","Maye","7.6","315.6","97","QB5","QB","New England Patriots",,
"ab222fe4-3df7-4d0d-be29-b2d00a6c1738","Ja'Marr","Chase","7.9","250.6","97","WR1","WR","Cincinnati Bengals",,
"e890927b-98f1-4dde-bdbe-31537dc48cfc","Jalen","Hurts","9.1","314.5","97","QB6","QB","Philadelphia Eagles",,
"f86c6417-1d51-420a-902b-0cf001136b1b","Puka","Nacua","10.4","259.0","96","WR2","WR","Los Angeles Rams",,
"26001c92-78e1-4184-9682-bd2802409c20","Caleb","Williams","11.0","303.3","96","QB7","QB","Chicago Bears",,
"3e01034f-3af4-4912-8a45-f5183679458e","Christian","McCaffrey","13.1","260.0","95","RB3","RB","San Francisco 49ers",,
"cc426f95-c368-4696-be2a-303023ed19e0","Dak","Prescott","13.7","309.9","95","QB8","QB","Dallas Cowboys",,
"6f865090-61af-40d4-bcc8-40636652c584","Jaxon","Smith-Njigba","14.4","235.1","95","WR3","WR","Seattle Seahawks",,
"bb1ad1ce-2245-49e9-a56e-e5535706c128","Jonathan","Taylor","15.2","256.3","94","RB4","RB","Indianapolis Colts",,
"593c2ce9-9736-4c5a-a5e7-d38412b53343","Justin","Herbert","15.6","307.3","94","QB9","QB","Los Angeles Chargers",,
"2270c572-8381-4079-b761-97cdaaf738a4","Trevor","Lawrence","16.2","307.4","94","QB10","QB","Jacksonville Jaguars",,
"fb0f6b42-b38d-4b10-8790-85a62fbf9fbd","Jaxson","Dart","18.8","304.5","93","QB11","QB","New York Giants",,
"e19636a5-e1fc-4327-adb1-704894b51182","Amon-Ra","St. Brown","19.7","227.5","92","WR4","WR","Detroit Lions",,
"279b1bba-cead-42fe-8ed8-1b21ae937187","Patrick","Mahomes","21.0","280.6","92","QB12","QB","Kansas City Chiefs",,
"9f81cac1-bed9-4ad2-9ab0-09e23b6a94d4","James","Cook","21.4","247.3","92","RB5","RB","Buffalo Bills",,
"e44a1b20-7009-4c8c-812c-2fe1c5523319","Ashton","Jeanty","23.0","238.5","91","RB6","RB","Las Vegas Raiders",,
"18caa049-de9b-485d-b842-240fca063fbf","Brock","Purdy","23.2","297.7","91","QB13","QB","San Francisco 49ers",,
"c0845671-cff2-41ce-ba12-e6f5aebc7b6a","CeeDee","Lamb","24.3","222.5","90","WR5","WR","Dallas Cowboys",,
"f9ed27b1-f231-49ec-aa6f-998438df1777","Bo","Nix","25.0","299.7","90","QB14","QB","Denver Broncos",,
"e1828ddb-cfb9-4515-b86f-9fa52602b0f5","Justin","Jefferson","26.3","202.1","90","WR6","WR","Minnesota Vikings",,
"67d30301-7729-42d8-91c7-b9ad0a5ed28f","Saquon","Barkley","27.9","226.0","89","RB7","RB","Philadelphia Eagles",,
"97755897-1c78-4d1a-89b2-588996ddf7fd","Jared","Goff","28.1","285.5","89","QB15","QB","Detroit Lions",,
"370048e3-1a27-4e04-9c3b-3af4b796c2bd","Matthew","Stafford","28.5","280.2","89","QB16","QB","Los Angeles Rams",,
"f71f2cc8-1243-4db1-9557-36b5b40413b3","De'Von","Achane","29.4","226.0","88","RB8","RB","Miami Dolphins",,
"60edc6ae-046c-45f3-b588-50bc2ed55637","Kyler","Murray","30.6","269.2","88","QB17","QB","Minnesota Vikings",,
"a0299f8d-8cde-4096-b615-4afd242f2cd2","Derrick","Henry","32.0","238.2","87","RB9","RB","Baltimore Ravens",,
"274fba7c-3b78-45d7-bac7-c27982fd3474","Jordan","Love","33.8","286.5","86","QB18","QB","Green Bay Packers",,
"f93ebde0-7669-4d8c-a01e-71fdf0339f2f","Kenneth","Walker III","34.3","212.0","86","RB10","RB","Kansas City Chiefs",,
"53f53386-29d8-456e-925d-42baca7935ac","Omarion","Hampton","34.5","221.9","86","RB11","RB","Los Angeles Chargers",,
"bd73d2ef-3372-4476-aef6-52b71ee9524a","Baker","Mayfield","36.0","280.9","85","QB19","QB","Tampa Bay Buccaneers",,
"cd730a3a-e4e2-480a-b7bb-7946f734045f","Chase","Brown","36.8","209.8","85","RB12","RB","Cincinnati Bengals",,
"0ebc4846-e564-4e51-a8cd-63b9afedac25","Tyler","Shough","37.8","264.0","85","QB20","QB","New Orleans Saints",,
"5f18a589-58dc-4224-980f-9be9aad5c6c9","Brock","Bowers","40.2","188.0","84","TE1","TE","Las Vegas Raiders",,
"02c53fe2-9568-4362-bd47-3babde3d8a7b","Jeremiyah","Love","41.6","214.5","83","RB13","RB","Arizona Cardinals",,
"c3e9a484-86fa-44a3-b83b-810dce813e1d","Sam","Darnold","42.8","266.7","83","QB21","QB","Seattle Seahawks",,
"252b9d0f-32b3-470a-9379-880fad4c3c71","Josh","Jacobs","43.2","201.3","82","RB14","RB","Green Bay Packers",,
"4de669a1-2155-445a-8cc1-a7d35f943cd2","Malik","Willis","43.4","256.8","82","QB22","QB","Miami Dolphins",,
"c147584a-29a8-4690-b3c5-62b64c2e2c09","Trey","McBride","43.6","191.4","82","TE2","TE","Arizona Cardinals",,
"4ae74c4b-a0f1-4818-b437-47e9ebd0d88c","Malik","Nabers","45.1","200.4","82","WR7","WR","New York Giants",,
"442ae03f-c122-42df-bd15-d18ea34c1bf3","Drake","London","45.9","195.7","81","WR8","WR","Atlanta Falcons",,
"e31e17f4-1b5e-40da-97f2-25a519fbd898","C.J.","Stroud","46.4","238.2","81","QB23","QB","Houston Texans",,
"a470ddfe-4ed6-4cc2-9452-372bcc8cb237","Cam","Ward","49.1","233.8","80","QB24","QB","Tennessee Titans",,
"e7d69efb-b239-4a6f-9668-0f398a2de7c0","Breece","Hall","49.4","199.6","80","RB15","RB","New York Jets",,
"563b8405-b00b-4439-a950-131525add4f4","Travis","Etienne Jr.","50.0","195.9","80","RB16","RB","New Orleans Saints",,
"86fd2196-de93-4276-b280-93b9ad80a22d","George","Pickens","50.9","195.9","79","WR9","WR","Dallas Cowboys",,
"1f181c79-f784-484d-aecc-2b34b0b032dc","Kyren","Williams","53.1","189.3","78","RB17","RB","Los Angeles Rams",,
"206d1619-5d28-4c0c-a266-e6d5a674a26f","Nico","Collins","53.4","196.0","78","WR10","WR","Houston Texans",,
"adb92ea1-fe52-46d7-98cc-b9ae8a6913fd","Daniel","Jones","53.4","235.5","78","QB25","QB","Indianapolis Colts",,
"98b79e32-7b44-441e-bc57-2cfad3c3eca3","Javonte","Williams","54.4","187.8","78","RB18","RB","Dallas Cowboys",,
"1f8ec09e-3088-4405-bd2f-7b43127925f9","Bryce","Young","55.7","229.3","77","QB26","QB","Carolina Panthers",,
"ac909f13-cbbd-4bb8-b12c-fb17ef20413b","Rashee","Rice","56.7","162.0","77","WR11","WR","Kansas City Chiefs",,
"935ad7d0-39e7-435c-9684-33807b53d41d","A.J.","Brown","56.9","193.8","77","WR12","WR","Philadelphia Eagles",,
"0c63bb7f-65a0-4353-8e1b-eba498ee4b29","DeVonta","Smith","60.4","166.5","75","WR13","WR","Philadelphia Eagles",,
"685d4d4b-2c46-4b53-a589-38e607b6dc3f","Chris","Olave","60.8","187.8","75","WR14","WR","New Orleans Saints",,
"22e949d9-798e-44cb-a4c3-758e607df6cb","Cam","Skattebo","62.1","170.7","75","RB19","RB","New York Giants",,
"dd8edd06-738e-4eae-902b-a86c5f943ddb","Fernando","Mendoza","63.9","216.2","74","QB27","QB","Las Vegas Raiders",,
"ce738346-fa11-47c8-983e-b5b1f25a6fcf","David","Montgomery","64.1","182.4","74","RB20","RB","Houston Texans",,
"e5852ecf-dec4-4695-95a9-490c324dc00c","Bucky","Irving","65.2","183.3","73","RB21","RB","Tampa Bay Buccaneers",,
"db5069cd-c892-48c6-9e40-c73b84269c64","Tee","Higgins","65.5","172.6","73","WR15","WR","Cincinnati Bengals",,
"b976397d-3bf1-4f18-a53f-657a1695c2c3","Colston","Loveland","66.4","161.9","73","TE3","TE","Chicago Bears",,
"75decc7f-7c59-4f62-b008-318c9335853a","Geno","Smith","67.0","230.5","73","QB28","QB","New York Jets",,
"56dce7c7-6a0a-4af9-b851-8ef4fe64f942","Tetairoa","McMillan","67.5","176.9","72","WR16","WR","Carolina Panthers",,
"623fb709-3465-4510-a5f0-a0d37e7afa82","TreVeyon","Henderson","69.3","164.0","72","RB22","RB","New England Patriots",,
"05b7a121-6dba-4c60-9bbe-e1b158a0c7b4","Aaron","Rodgers","70.4","179.0","71","QB29","QB","Pittsburgh Steelers",,
"359cfcdd-2d91-48d7-b1ca-1ba95477f0fa","Zay","Flowers","70.4","187.2","71","WR17","WR","Baltimore Ravens",,
"adff9d88-ec68-4702-a91c-8e52b564e4e3","D'Andre","Swift","71.5","177.4","71","RB23","RB","Chicago Bears",,
"8657cd48-2bc3-4133-985c-e1261f8a569e","Quinshon","Judkins","72.7","169.8","70","RB24","RB","Cleveland Browns",,
"250a0364-fd8e-4f4e-9b31-371f86603bb0","Garrett","Wilson","73.1","188.1","70","WR18","WR","New York Jets",,
"ba428bd4-2073-4817-b74e-db5097f65495","Emeka","Egbuka","74.3","163.6","70","WR19","WR","Tampa Bay Buccaneers",,
"fba7a9bc-c296-40bd-8905-43c3cbf8f667","Jadarian","Price","76.3","162.5","69","RB25","RB","Seattle Seahawks",,
"6cb1aa9f-6aa5-4e7d-8074-91de729a9f43","Jacoby","Brissett","76.8","166.0","68","QB30","QB","Arizona Cardinals",,
"c0f1e95c-e022-4fa3-867e-4b9e4e58a081","Ladd","McConkey","77.5","166.6","68","WR20","WR","Los Angeles Chargers",,
"9bf0d236-e025-4fbf-bc98-c718a84715b4","Bhayshul","Tuten","78.8","154.9","68","RB26","RB","Jacksonville Jaguars",,
"afc33e64-4dbf-4203-8389-46e21fe2d7c6","Mike","Evans","80.0","171.0","67","WR21","WR","San Francisco 49ers",,
"c0663757-fbb0-48dc-ae14-2fcb83b81d5b","Terry","McLaurin","81.2","165.6","67","WR22","WR","Washington Commanders",,
"7a740ddd-fb01-4e1c-87c7-c649df6ddb24","Davante","Adams","81.6","155.7","67","WR23","WR","Los Angeles Rams",,
"6490e362-9085-4324-b0ad-9cd794d3ac3c","Luther","Burden","82.4","166.7","66","WR24","WR","Chicago Bears",,
"af873eb5-01d9-4012-a844-90c41ee76ed0","Jameson","Williams","83.8","176.2","66","WR25","WR","Detroit Lions",,
"25b7bd65-934d-42ed-a1c4-4529bad1c3a9","Chuba","Hubbard","84.9","161.1","65","RB27","RB","Carolina Panthers",,
"f68a57f5-7d0b-4818-a7f7-a4766c07929f","Tyler","Warren","86.1","151.2","65","TE4","TE","Indianapolis Colts",,
"d2a224f5-2c43-4e18-8ee1-2a9a595aec28","Jaylen","Waddle","86.6","155.0","64","WR26","WR","Denver Broncos",,
"af95aa85-b17d-45d4-a247-6df66d6b7787","D.J.","Moore","87.8","149.5","64","WR27","WR","Buffalo Bills",,
"46dc507f-145b-49f8-9a7c-85b17f7f276c","Rome","Odunze","89.2","156.7","63","WR28","WR","Chicago Bears",,
"69edfa64-1aaf-4cae-aeef-e75b94b8b46d","Rhamondre","Stevenson","90.8","159.9","63","RB28","RB","New England Patriots",,
"ddbc6d44-8d6e-49ac-8edc-22d1af8d62d8","Tony","Pollard","91.8","148.1","62","RB29","RB","Tennessee Titans",,
"cae27a83-1cfc-439b-9df6-5fbd68d100a3","Christian","Watson","92.2","159.9","62","WR29","WR","Green Bay Packers",,
"16ac952f-b772-4db8-98ba-3d04bc1112a8","Carnell","Tate","93.6","154.8","62","WR30","WR","Tennessee Titans",,
"c980d900-49d9-421e-a2f9-bf590ccbe156","Jaylen","Warren","93.7","156.6","61","RB30","RB","Pittsburgh Steelers",,
"650117eb-6a66-407b-970d-74839397e70b","Tua","Tagovailoa","94.2","137.9","61","QB31","QB","Atlanta Falcons",,
"2f9b0d0f-1266-4843-b895-6def571a248a","Jordyn","Tyson","96.9","145.6","60","WR31","WR","New Orleans Saints",,
"dd8ac8ea-460f-4105-9949-e022a51e1aba","Rico","Dowdle","98.0","138.6","60","RB31","RB","Pittsburgh Steelers",,
"93189a40-f7df-49d4-9396-50690c146986","Brian","Thomas","99.1","152.9","59","WR32","WR","Jacksonville Jaguars",,
"358e9810-a1d7-4897-b5d1-92834b684190","Marvin","Harrison","99.4","145.7","59","WR33","WR","Arizona Cardinals",,
"d4cf8a27-c27e-4544-80ce-688d4cceda7a","Tucker","Kraft","100.4","134.8","59","TE5","TE","Green Bay Packers",,
"5967b386-f29e-4ecc-850f-7d79002b2ef9","RJ","Harvey","101.1","141.8","58","RB32","RB","Denver Broncos",,
"f47da747-5ea0-48d1-9ab8-fe9624b16a10","Kyle","Monangai","103.0","145.1","58","RB33","RB","Chicago Bears",,
"32228bd1-28aa-48e5-9a36-55efd26c4a4a","Alec","Pierce","103.4","157.0","57","WR34","WR","Indianapolis Colts",,
"4cce19ba-2c7d-458b-869c-bedd19ef4f92","Harold","Fannin","105.3","148.1","57","TE6","TE","Cleveland Browns",,
"131bd882-8592-4fba-b655-1150198018be","Blake","Corum","106.1","129.8","56","RB34","RB","Los Angeles Rams",,
"f17ce251-3c4e-40e0-84f1-f7530a94ddd2","Michael","Penix","106.1","110.4","56","QB32","QB","Atlanta Falcons",,
"a821785b-3460-4c7f-92bb-55e2de76eec5","Parker","Washington","107.7","156.2","56","WR35","WR","Jacksonville Jaguars",,
"bfbc3161-6d85-4b8a-a295-4957c2e61f0f","DK","Metcalf","108.1","152.3","55","WR36","WR","Pittsburgh Steelers",,
"d4be09aa-4eb0-4c83-a4d0-f5142ccaccac","Sam","LaPorta","109.4","144.1","55","TE7","TE","Detroit Lions",,
"13898c54-572c-415f-baa5-bf3f92c7fa3f","Makai","Lemon","109.8","138.5","55","WR37","WR","Philadelphia Eagles",,
"2d5eed2a-fed9-4fac-9ba5-6bece553833f","J.K.","Dobbins","110.5","147.2","54","RB35","RB","Denver Broncos",,
"431b8cb0-7a87-467e-ab96-0ed2cd55b4e7","Deshaun","Watson","110.9","56.9","54","QB33","QB","Cleveland Browns",,
"f070c58c-62bf-445a-89ba-7b92eb096a8e","Kyle","Pitts","112.3","138.6","54","TE8","TE","Atlanta Falcons",,
"d52ba31d-7b69-4f35-a440-6adec5fda919","Chris","Rodriguez","114.1","127.0","53","RB36","RB","Jacksonville Jaguars",,
"cdba7bc1-1597-4041-a16d-83b3a9c44d65","Courtland","Sutton","115.4","139.5","52","WR38","WR","Denver Broncos",,
"bf39d65b-4fe3-41e2-a5e6-78960a0ba174","Jayden","Reed","116.6","138.8","52","WR39","WR","Green Bay Packers",,
"5b3a8fcb-7b6e-4977-95e6-e4399f0a4c2a","Michael","Wilson","118.2","139.9","51","WR40","WR","Arizona Cardinals",,
"af936496-43d0-457f-94ec-572a46b88084","Jacory","Croskey-Merritt","119.0","120.4","51","RB37","RB","Washington Commanders",,
"1193583b-ceb3-41de-acbe-d6fa13c6ddca","Kenneth","Gainwell","120.4","118.2","50","RB38","RB","Tampa Bay Buccaneers",,
"91300c44-2a19-4e8c-879c-650308b890fe","Aaron","Jones","120.5","138.8","50","RB39","RB","Minnesota Vikings",,
"215b6138-8f5e-4a91-9af1-a6a3c511f46c","Chris","Godwin","121.0","139.6","50","WR41","WR","Tampa Bay Buccaneers",,
"baf7c4e7-10be-461c-961d-46e43c5ad62c","George","Kittle","122.3","123.4","50","TE9","TE","San Francisco 49ers",,
"3b3b820f-f656-4bd0-b086-0166f49a8d00","Jonathon","Brooks","123.6","24.3","49","RB40","RB","Carolina Panthers",,
"35b1671c-4e01-45bd-b7f2-61f221ea2c6d","Jordan","Addison","123.9","134.1","49","WR42","WR","Minnesota Vikings",,
"a491aa2c-b98c-49dd-9b7e-541cb2f440ea","Travis","Kelce","125.9","131.5","48","TE10","TE","Kansas City Chiefs",,
"88183a62-6576-4819-8837-5f51c8d5a861","Josh","Downs","126.8","132.1","48","WR43","WR","Indianapolis Colts",,
"288644cb-32f1-47df-8254-b414135b5820","Rachaad","White","127.8","108.7","47","RB41","RB","Washington Commanders",,
"4ce985b2-cd99-4a78-aedf-d861b75caadc","Jordan","Mason","128.0","120.0","47","RB42","RB","Minnesota Vikings",,
"e07552ab-e440-41dd-8aee-22d5163edb97","Quentin","Johnston","129.1","134.9","47","WR44","WR","Los Angeles Chargers",,
"4a56d391-aa70-41ec-a955-23000f5f9fa9","Shedeur","Sanders","130.7","57.2","46","QB34","QB","Cleveland Browns",,
"db0b1c65-4bd1-4866-8e3c-37262c67fdee","Jakobi","Meyers","131.2","137.3","46","WR45","WR","Jacksonville Jaguars",,
"5a7efa18-2086-4bce-bfc2-cd06f3ee1958","Jake","Ferguson","131.6","126.8","46","TE11","TE","Dallas Cowboys",,
"0f338326-1df3-4446-a102-accaa9894641","Michael","Pittman Jr.","132.6","133.5","45","WR46","WR","Pittsburgh Steelers",,
"76672502-b7e8-4d2f-855a-ded64f712cb5","Tyrone","Tracy","134.7","102.8","44","RB43","RB","New York Giants",,
"5e13d92c-d93a-4c53-b9e9-ad9bee869ec4","Mark","Andrews","135.1","127.8","44","TE12","TE","Baltimore Ravens",,
"9c21d07d-1a0b-4ed8-8ee7-17656be924fd","Ricky","Pearsall","136.0","139.7","44","WR47","WR","San Francisco 49ers",,
"58fe2a42-f733-4909-aea0-774ac5f67e61","Kirk","Cousins","136.6","43.2","44","QB35","QB","Las Vegas Raiders",,
"7b825f98-8e9f-464b-87ae-847ddd2a92d9","Xavier","Worthy","137.2","136.0","43","WR48","WR","Kansas City Chiefs",,
"936cbda4-c003-4996-b91a-3460410c725a","Matthew","Golden","137.8","132.3","43","WR49","WR","Green Bay Packers",,
"5db55608-34dc-4798-be78-e399f3fb55bc","Isaiah","Likely","139.1","121.7","43","TE13","TE","New York Giants",,
"73de75e5-47a2-4af5-8748-55d99afa8cd4","Romeo","Doubs","141.1","138.7","42","WR50","WR","New England Patriots",,
"513ed93b-10ef-4318-b9f6-1fc21d1a5466","Dalton","Kincaid","141.9","125.6","41","TE14","TE","Buffalo Bills",,
"1caea0e1-3c7d-401c-a1d4-81c419d11df0","KC","Concepcion","142.5","124.2","41","WR51","WR","Cleveland Browns",,
"9e985e1b-94b8-4b96-9802-42831f4b6ad7","Wan'Dale","Robinson","143.1","127.0","41","WR52","WR","Tennessee Titans",,
"f58055c2-d6ab-4e9d-87c1-738baafb35e0","Dallas","Goedert","145.0","115.5","40","TE15","TE","Philadelphia Eagles",,
"afb68df3-ca2e-4ad4-8ba4-19f60f55f510","Woody","Marks","146.7","76.3","39","RB44","RB","Houston Texans",,
"8f427bbc-f721-4f0e-a712-143cc0e4885b","Oronde","Gadsden","147.6","122.1","39","TE16","TE","Los Angeles Chargers",,
"28d014b8-ef62-4413-9839-dfbc3d52b2b9","Khalil","Shakir","147.8","132.0","39","WR53","WR","Buffalo Bills",,
"36b62f95-3065-4c93-b02d-93c1aee13c17","Jayden","Higgins","150.1","135.2","38","WR54","WR","Houston Texans",,
"286be135-aaa9-48d3-bdb7-0ab30007e9c6","Jonah","Coleman","151.1","61.3","38","RB45","RB","Denver Broncos",,
"9bc43c28-5b2a-438c-b712-fc40f1f6b8e4","Isiah","Pacheco","151.6","50.6","37","RB46","RB","Detroit Lions",,
"f859ee0a-2a3e-46ae-ab45-b2eb904fa530","Keaton","Mitchell","153.0","89.9","37","RB47","RB","Los Angeles Chargers",,
"b9de151d-afb7-4843-a1d4-bbe3d4ae7c8a","Carson","Beck","153.3","56.9","37","QB36","QB","Arizona Cardinals",,
"1b98f36b-fafe-4ca6-b79c-6d3ae231ea64","Chig","Okonkwo","154.2","95.9","36","TE17","TE","Washington Commanders",,
"12d3a2d0-fd14-42f8-97d8-6796e72bd538","Jalen","Coker","155.1","133.9","36","WR55","WR","Carolina Panthers",,
"55339e46-2096-40f6-87aa-23251e653496","Kenyon","Sadiq","155.3","109.4","36","TE18","TE","New York Jets",,
"317f7b08-2c38-4608-a4c8-9331d0d40145","Hunter","Henry","157.5","119.9","35","TE19","TE","New England Patriots",,
"09a779e8-b74f-448e-a142-13e393564866","Zach","Charbonnet","159.6","70.8","34","RB48","RB","Seattle Seahawks",,
"9baad046-dc08-48ee-9eb1-c903ad0fbb89","Brenton","Strange","159.7","124.8","34","TE20","TE","Jacksonville Jaguars",,
"6f3cc914-4c7b-4ba5-b14b-f9ba415b6c52","Tyler","Allgeier","160.4","69.8","34","RB49","RB","Arizona Cardinals",,
"e0565d1a-4a65-4b95-b426-bafa4c3ff7bf","Stefon","Diggs","160.7","0.0","34","WR56","WR",,,
"54b68190-229a-41ac-a60f-f1b12d47ea9f","Rashid","Shaheed","161.1","113.2","33","WR57","WR","Seattle Seahawks",,
"40ba285b-44c4-4497-aa86-3b3e5c25179e","Juwan","Johnson","162.5","109.6","33","TE21","TE","New Orleans Saints",,
"06eb281d-cd1f-4504-9018-ba78e96a71c6","Omar","Cooper","162.8","123.8","33","WR58","WR","New York Jets",,
"728d8fe7-e1f6-4b43-8275-25ce9d79dbf2","Travis","Hunter","164.4","79.1","32","WR59","WR","Jacksonville Jaguars",,
"f15ccb8b-03f2-4ddc-9d6f-fbb39c8725e6","Tyjae","Spears","165.1","99.1","32","RB50","RB","Tennessee Titans",,
"87d9e2f1-3dec-49ae-9150-c061afc34ca8","Dylan","Sampson","167.7","79.2","31","RB51","RB","Cleveland Browns",,
"c919ab8c-bd99-43b8-b9aa-b6e2c457aa68","Brian","Robinson","168.2","63.4","30","RB52","RB","Atlanta Falcons",,
"978eb3f7-4b1d-4ffe-af40-0c87a98d053c","T.J.","Hockenson","169.1","103.0","30","TE22","TE","Minnesota Vikings",,
"25f15a80-7642-4712-8ea8-5e6084cf2b16","Jalen","Nailor","171.2","116.1","29","WR60","WR","Las Vegas Raiders",,
"73b7a7a4-7502-4454-9060-1ea871e04477","Dalton","Schultz","171.8","106.0","29","TE23","TE","Houston Texans",,
"f74d360d-06c6-47de-8d95-e354570baa4f","Jauan","Jennings","172.8","108.1","29","WR61","WR","Minnesota Vikings",,
"6e38c7d4-b357-44af-8fe8-03b5bf197218","AJ","Barner","173.6","113.4","28","TE24","TE","Seattle Seahawks",,
"56ebd6a2-c66e-4b9b-9b98-4037e3d6f63b","Emmett","Johnson","174.6","61.2","28","RB53","RB","Kansas City Chiefs",,
"bdbdffc9-077c-4c13-8eb1-4d20d0083726","Jalen","McMillan","174.7","98.4","28","WR62","WR","Tampa Bay Buccaneers",,
"83d72f52-f7ff-4f2c-93be-285a6b437178","Tre","Tucker","177.0","91.8","27","WR63","WR","Las Vegas Raiders",,
"1abf386a-cbcf-472e-969d-dd74f320ebac","Nicholas","Singleton","177.8","59.7","26","RB54","RB","Tennessee Titans",,
"05fb9e50-1c4b-4b1a-8816-5f05482ddcd5","Antonio","Williams","178.3","79.5","26","WR64","WR","Washington Commanders",,
"2bff704d-27a3-4fe4-b222-3cd11a92c518","Denzel","Boston","179.5","119.2","26","WR65","WR","Cleveland Browns",,
"55062e54-249e-4ef1-b034-45631cb93587","Alvin","Kamara","181.2","42.9","25","RB55","RB","New Orleans Saints",,
"5c295beb-6ba1-4ef0-aa36-5617d2c37a01","Tank","Bigsby","181.8","55.2","25","RB56","RB","Philadelphia Eagles",,
"ebbc460a-7daf-44eb-9f96-ea32c9637b44","Gunnar","Helm","182.2","94.3","25","TE25","TE","Tennessee Titans",,
"ff17edea-e9a3-4526-89a8-ecbe37f3ead8","Cade","Otton","184.3","100.0","24","TE26","TE","Tampa Bay Buccaneers",,
"d4b41f22-9258-4ea0-8f97-81e842d2f7bb","Emanuel","Wilson","185.4","51.0","23","RB57","RB","Seattle Seahawks",,
"05da00c2-9df4-43a9-ae0b-ee1741fc926b","De'Zhaun","Stribling","186.2","93.1","23","WR66","WR","San Francisco 49ers",,
"fe1c966f-69e3-48b4-a098-2d749601b49b","Kaytron","Allen","186.9","43.9","23","RB58","RB","Washington Commanders",,
"77009c4f-692e-47bf-9781-e02789e88e3a","Pat","Freiermuth","188.1","102.9","22","TE27","TE","Pittsburgh Steelers",,
"301adc17-417c-4998-beac-e6430997fcae","Isaac","TeSlaa","188.9","88.9","22","WR67","WR","Detroit Lions",,
"c45c6764-76d7-4699-89be-1ea1223e385c","David","Njoku","189.4","64.2","22","TE28","TE","Los Angeles Chargers",,
"d0abd113-e4b1-4638-8f87-99a502582451","Sean","Tucker","190.8","50.5","21","RB59","RB","Tampa Bay Buccaneers",,
"541ac457-067f-4736-9df6-e310917241a9","Deebo","Samuel","191.5","0.0","21","WR68","WR",,,
"bf37efaf-d1ee-400d-922d-b9bcf56f798b","Brandon","Aiyuk","191.8","106.3","21","WR69","WR","San Francisco 49ers",,
"5d7901f7-a28f-4b07-8af1-9df4dc664522","Eli","Stowers","195.0","84.0","19","TE29","TE","Philadelphia Eagles",,
"8a5c9a20-fdd5-4388-abf5-3ff6d514763e","Ryan","Flournoy","196.7","94.0","19","WR70","WR","Dallas Cowboys",,
"17e3bbe0-224c-4dfc-afb6-f56be3e9a823","Mike","Washington","197.1","57.5","18","RB60","RB","Las Vegas Raiders",,
"144b0156-25b0-4f90-94a9-b3ac8af06047","Justin","Fields","197.3","36.7","18","QB37","QB","Kansas City Chiefs",,
"7e204100-a2b6-401a-995e-3b58acf5b703","Jerry","Jeudy","198.3","98.1","18","WR71","WR","Cleveland Browns",,
"1c5c872f-4b11-462c-9ad3-93d9d62cc728","Ray","Davis","198.5","53.5","18","RB61","RB","Buffalo Bills",,
"244fddf8-7c89-4543-9b74-dde793aaba16","Braelon","Allen","200.1","48.8","17","RB62","RB","New York Jets",,
"fe1e9888-e37d-4013-b2e6-36147cf59dbb","Ted","Hurst","200.2","83.2","17","WR72","WR","Tampa Bay Buccaneers",,
"075ee210-102d-4df6-b42f-5f7d5337a6e3","Germie","Bernard","203.0","80.9","16","WR73","WR","Pittsburgh Steelers",,
"966032c8-9dde-4ca6-8554-4e16261ef0ba","Chris","Bell","203.1","74.7","16","WR74","WR","Miami Dolphins",,
"bd1d4440-e6eb-41e8-884a-9ac0c1825932","Mike","Gesicki","204.9","83.9","15","TE30","TE","Cincinnati Bengals",,
"46c4f2bd-1790-45cf-88c1-47f92bd16dd9","Zachariah","Branch","205.2","82.1","15","WR75","WR","Atlanta Falcons",,
"be8705a7-fc99-470d-b865-c8c6f3b9721d","Kaelon","Black","206.7","39.3","14","RB63","RB","San Francisco 49ers",,
"cc624137-de68-42fd-b688-8bb8aac4e199","Calvin","Ridley","208.9","63.8","13","WR76","WR","Tennessee Titans",,
"7c8ae4da-2275-4f94-9427-e6200ba0b9ea","Terrance","Ferguson","209.1","66.4","13","TE31","TE","Los Angeles Rams",,
"d9a55de3-284d-40f2-a6bc-b8221cd27b8a","Mac","Jones","209.5","28.7","13","QB38","QB","San Francisco 49ers",,
"6c26fc75-1d4c-4e7b-b18c-c0402ca2429c","Tre'","Harris","210.3","93.4","13","WR77","WR","Los Angeles Chargers",,
"955b0806-6a73-430d-88d5-be60ce6fd399","Kimani","Vidal","212.0","32.2","12","RB64","RB","Los Angeles Chargers",,
"56652781-16c8-416b-8714-fb53ac350ad5","Greg","Dulcich","212.5","50.5","12","TE32","TE","Miami Dolphins",,
"59c4677f-4393-4b0c-99bf-06bc898503da","Malik","Washington","214.3","82.2","11","WR78","WR","Miami Dolphins",,
"d2072af3-3dc2-4698-bd73-18a8f78ead13","Darnell","Mooney","215.6","58.5","11","WR79","WR","New York Giants",,
"622e92a6-34b4-4dbd-839e-08117537cc16","Tank","Dell","216.2","80.8","10","WR80","WR","Houston Texans",,
"8a696aa0-8bc0-4357-9342-f79514072117","Tyreek","Hill","217.1","0.0","10","WR81","WR",,,
"cdf326b5-82d4-42fb-8d7c-3d695722efa3","Jake","Tonges","218.0","55.8","10","TE33","TE","San Francisco 49ers",,
"a4a61d0f-7f65-4b3d-bfab-07ac55514063","Demond","Claiborne","218.7","27.8","9","RB65","RB","Minnesota Vikings",,
"c31386b0-c7c5-4c2d-bf3c-4fd19e78585b","Malachi","Fields","220.2","73.0","9","WR82","WR","New York Giants",,
"9bce1d8b-358b-4196-9499-a27bd3d71017","James","Conner","220.5","55.8","9","RB66","RB","Arizona Cardinals",,
"cc05fa3a-8576-4179-a189-b025e4c5fcf1","Kayshon","Boutte","221.3","95.6","8","WR83","WR","New England Patriots",,
"852abd54-604b-4a79-97a3-ccad96f4d744","J.J.","McCarthy","221.5","19.6","8","QB39","QB","Minnesota Vikings",,
"6a313b10-fbe7-4e6c-8483-7dc435264944","Colby","Parkinson","222.7","67.2","8","TE34","TE","Los Angeles Rams",,
"3addafec-45d0-4129-8e91-a6dcf6d5b8c1","Jordan","James","224.6","54.2","7","RB67","RB","San Francisco 49ers",,
"905a553d-28f2-4df6-8969-755949dec483","Cooper","Kupp","225.4","70.4","7","WR84","WR","Seattle Seahawks",,
"ce8d3a10-5aad-4abc-ac77-d05a613b9644","Justice","Hill","225.7","45.0","6","RB68","RB","Baltimore Ravens",,
"4073928a-0979-42fb-bbdd-7a06b0dc6fca","Troy","Franklin","225.9","70.6","6","WR85","WR","Denver Broncos",,
"952642e3-ee4a-4502-a29b-efc8a4fe333c","Jaydon","Blue","228.5","41.4","5","RB69","RB","Dallas Cowboys",,
"1f9ecd22-5454-4d06-b948-010cf5daf807","Tory","Horton","229.0","88.8","5","WR86","WR","Seattle Seahawks",,
"d2520d8b-01dd-459b-b22a-adfeca42cdcf","Anthony","Richardson","229.4","36.5","5","QB40","QB","Indianapolis Colts",,
"157bb056-e046-4683-bc36-ee21b63306ed","Adonai","Mitchell","230.3","52.2","5","WR87","WR","New York Jets",,
"b4fe3a4d-b0b7-4021-8d8f-62920dc965cf","Dontayvion","Wicks","230.4","71.6","4","WR88","WR","Philadelphia Eagles",,
"171a8d59-1fb1-404a-9af7-22a41d6cf179","Cade","Klubnik","232.3","24.0","4","QB41","QB","New York Jets",,
"72305907-5d8e-47c4-aaf7-430dd48c0ef5","Chris","Brazzell","233.0","70.8","3","WR89","WR","Carolina Panthers",,
"9e0a10f9-6397-4eac-804b-1b76d07d784f","Evan","Engram","233.1","55.2","3","TE35","TE","Denver Broncos",,
"63ce79c5-9618-48a8-aa45-601f2cf40094","Joe","Flacco","233.2","28.7","3","QB42","QB","Cincinnati Bengals",,
"be9e67a6-1c7f-4b89-913d-706f9aebb7e5","Elijah","Sarratt","233.7","73.1","3","WR90","WR","Baltimore Ravens",,
"3b114642-644c-43aa-b71b-a12dc5b81cf7","Darnell","Washington","234.1","71.4","3","TE36","TE","Pittsburgh Steelers",,
"c235ecc4-9d71-4697-884e-6ddd000d921f","Jameis","Winston","235.1","12.9","3","QB43","QB","New York Giants",,
"d6fc24dc-d643-40a9-92a1-86ca862c565f","Pat","Bryant","235.3","78.9","2","WR91","WR","Denver Broncos",,
"de1d8f35-cde2-4419-a5e1-dc2bf344f675","Adam","Randall","235.4","26.1","2","RB70","RB","Baltimore Ravens",,
"26655b2e-b5e6-494a-801f-327fdb06c510","Ollie","Gordon","235.7","21.7","2","RB71","RB","Miami Dolphins",,
"c5560c11-a5bb-436c-9a79-09d890b8d528","Theo","Johnson","235.9","61.5","2","TE37","TE","New York Giants",,
"a11fed25-3093-4c4d-a8bf-b72eabf44be2","Christian","Kirk","236.3","60.7","2","WR92","WR","San Francisco 49ers",,
"f5cf21c2-1b81-4ae8-ac56-2581b70a7fc1","Skyler","Bell","236.5","76.2","2","WR93","WR","Buffalo Bills",,
"a36ff6a4-fb11-4bb7-95c3-54d8bef7d899","Tyquan","Thornton","236.6","52.6","2","WR94","WR","Kansas City Chiefs",,
"da564094-2053-4e34-8321-e09894337043","Keon","Coleman","236.8","31.8","2","WR95","WR","Buffalo Bills",,
"32f6baa2-5011-46b7-b133-9388ae6fab21","Samaje","Perine","236.9","29.2","2","RB72","RB","Cincinnati Bengals",,
"ed0994a8-3538-4c95-9144-6aa3cf2ba644","Malik","Davis","236.9","27.4","2","RB73","RB","Dallas Cowboys",,
"a93548c6-8e51-42b2-ab0e-ce1044f14068","Michael","Mayer","237.1","59.1","2","TE38","TE","Las Vegas Raiders",,
"c5c88de6-fe51-4f95-9c8b-2e71fedf6d43","Marcus","Mariota","237.3","13.1","2","QB44","QB","Washington Commanders",,
"51d95397-b595-49e5-a508-68bd79a73de3","DJ","Giddens","237.3","27.0","2","RB74","RB","Indianapolis Colts",,
"36729e05-5e53-4100-a313-7dce974da18b","Jack","Bech","237.9","71.7","1","WR96","WR","Las Vegas Raiders",,
"426d3ecb-112d-4b30-b412-0b4000b1c975","Ja'Kobi","Lane","238.1","74.1","1","WR97","WR","Baltimore Ravens",,
"cebbac23-20fc-44bf-9ff6-7ce248b1ed24","Jaylin","Noel","238.2","67.4","1","WR98","WR","Houston Texans",,
"97d42d24-4429-4553-9340-0ab50c28d50a","Dawson","Knox","238.2","62.4","1","TE39","TE","Buffalo Bills",,
"53f60feb-47b5-48bf-bd71-d6ab2305496e","Chris","Brooks","238.2","32.6","1","RB75","RB","Green Bay Packers",,
"c9024ebc-51c6-4653-bddb-4be0f62ca34f","Ty","Johnson","238.3","47.3","1","RB76","RB","Buffalo Bills",,
"453bc0e9-02d8-4bf8-ba84-b23762f4850e","Ty","Simpson","238.4","13.6","1","QB45","QB","Los Angeles Rams",,
"aee43d4d-5003-47b7-8a11-24ad92557c8a","Najee","Harris","238.7","0.0","1","RB77","RB",,,
"a39834c0-d374-4f24-b5ba-970bcdb97713","Keenan","Allen","238.7","0.0","1","WR99","WR",,,
"083b54ab-d310-4773-8057-96656dfdec0a","Andrei","Iosivas","238.8","75.3","1","WR100","WR","Cincinnati Bengals",,
"b5cbd0ac-ce01-4e0b-b9e6-1ffe4b5cff55","Taylen","Green","238.8","59.6","1","QB46","QB","Cleveland Browns",,
"2ec23593-ecbb-4e31-b8b2-9ab79ac1116b","Gardner","Minshew II","238.8","28.0","1","QB47","QB","Arizona Cardinals",,
"4d4a06da-7a9c-4176-9ea0-222228254a37","Caleb","Douglas","238.8","26.5","1","WR101","WR","Miami Dolphins",,
"26d7ba3c-9b5c-4847-9706-a0cd98ef4372","Rashod","Bateman","238.8","70.1","1","WR102","WR","Baltimore Ravens",,
"9d1e185f-55ec-4afe-b9ae-ec1c5a557e12","Ja'Tavion","Sanders","238.9","29.3","1","TE40","TE","Carolina Panthers",,
"15efeb9b-b3a3-45c9-bdf7-4122050f93d7","LeQuint","Allen","238.9","47.2","1","RB78","RB","Jacksonville Jaguars",,
"744eab34-a25f-478e-966a-feb83d8f8bed","Justin","Joly","239.0","46.5","1","TE41","TE","Denver Broncos",,
"ccebea76-9870-4327-9c8b-bb29fc6984be","Devaughn","Vele","239.0","74.5","1","WR103","WR","New Orleans Saints",,
"66b1ea81-0474-46fe-84e5-e30bdf6e33e2","Riley","Leonard","239.0","0.0","1","QB48","QB","Indianapolis Colts",,
"c493b5bc-9f6e-4922-b3f7-90adaea0a783","Oscar","Delp","239.1","30.9","1","TE42","TE","New Orleans Saints",,
"603c4f0f-2aff-4b86-85ce-d66177fdf37a","Darius","Slayton","239.1","78.6","1","WR104","WR","New York Giants",,
"c0d11c8a-e7ea-454e-b370-61eabbbb677f","Brenen","Thompson","239.2","32.0","1","WR105","WR","Los Angeles Chargers",,
"2f071f98-d0fe-4864-9c14-983badbf53cd","Eli","Heidenreich","239.2","0.0","1","RB79","RB","Pittsburgh Steelers",,
"086adcd2-3b91-4ad3-a9ca-b83f4891f045","Max","Klare","239.2","66.7","1","TE43","TE","Los Angeles Rams",,
"bbf831f5-4ede-4ae9-bc4b-32b9f577bb11","Cole","Kmet","239.2","54.1","1","TE43","TE","Chicago Bears",,
"36e5937f-7843-470d-bce7-03a84be9a105","Jaylen","Wright","239.3","41.1","1","RB80","RB","Miami Dolphins",,
"601fb698-6f29-4ec1-95b8-0ddc4666c8aa","Joe","Milton","239.3","12.4","1","QB49","QB","Dallas Cowboys",,
"2f75519e-abbe-4577-9f7f-175114949493","Mason","Taylor","239.3","60.8","1","TE45","TE","New York Jets",,
"fefd82b3-d2c3-4858-8a65-2902e314be96","Kaleb","Johnson","239.3","29.5","1","RB81","RB","Pittsburgh Steelers",,
"08ffafb9-571d-4ee9-9a1e-c934b6c84742","Chimere","Dike","239.3","72.4","1","WR106","WR","Tennessee Titans",,
"fedb8529-2963-4eb9-8436-741eae67cb38","Will","Howard","239.3","24.5","1","QB50","QB","Pittsburgh Steelers",,
"7ad316c6-1e9c-49eb-b591-cb3cf2fe26a6","Drew","Allar","239.3","24.0","1","QB51","QB","Pittsburgh Steelers",,
"7d6efd0c-3b9b-42c2-a923-ef4d125bf548","MarShawn","Lloyd","239.3","4.5","1","RB82","RB","Green Bay Packers",,
"03724486-5376-4bdd-a2c4-b0fd5e125f46","Bryce","Lance","239.3","31.2","1","WR107","WR","New Orleans Saints",,
"c5892438-95d4-4e9a-b8e8-f7ed8d59a8ca","Devin","Neal","239.3","30.4","1","RB83","RB","New Orleans Saints",,
"64321a82-1b8d-4660-8040-b51057deb577","Tyler","Huntley","239.4","12.7","1","QB52","QB","Baltimore Ravens",,
"0864e0ea-5710-4c5e-8eff-2094d4ff6a75","Tyson","Bagent","239.5","12.5","1","QB53","QB","Chicago Bears",,
"a08e86e3-ef0e-4a4e-8212-a7a790354e24","Zavion","Thomas","239.5","47.2","1","WR108","WR","Chicago Bears",,
"50632a89-62dc-466f-9fc1-edb53746a61f","Eli","Raridon","239.5","30.7","1","TE46","TE","New England Patriots",,
"11208dd2-de80-421b-aa10-5648f07985e9","Kendrick","Bourne","239.6","57.3","1","WR109","WR","Arizona Cardinals",,
"a48b4fee-4127-41bb-a2f1-ff5b29120c8c","Kyle","Williams","239.6","51.8","1","WR110","WR","New England Patriots",,
"7a915b72-66c4-4d85-8d95-fe173731c1d6","Jahdae","Walker","239.6","21.4","1","WR111","WR","Chicago Bears",,
"647c487a-398d-49d4-ae85-495331768118","Elijah","Arroyo","239.7","57.7","1","TE47","TE","Seattle Seahawks",,
"9339e859-fa31-4dec-8dca-2fcfaa23a387","Jahan","Dotson","239.7","52.4","1","WR112","WR","Atlanta Falcons",,
"b38c3ac4-b980-40c8-b9fb-eb36b65b31b4","Elic","Ayomanor","239.7","46.7","1","WR112","WR","Tennessee Titans",,
"7b32974f-0590-493a-855b-82684c67170b","Jalen","Tolbert","239.7","27.7","1","WR114","WR","Miami Dolphins",,
"b7b4879c-2735-48f6-a9b7-110381a0c882","KaVontae","Turpin","239.7","63.0","1","WR115","WR","Dallas Cowboys",,
"e26ac0dc-952b-47db-ae1e-af8ee488fa7e","Tahj","Brooks","239.7","22.9","1","RB84","RB","Cincinnati Bengals",,
"c4601409-78ae-42e0-8c08-9b45431c941b","Tyrod","Taylor","239.7","12.9","1","QB54","QB","Green Bay Packers",,
"7d91df4f-14c8-4774-a2a5-9ea77ea62a80","Jarrett","Stidham","239.8","12.2","1","QB55","QB","Denver Broncos",,
"29cde144-5951-4d12-b45d-eb1425e17ccf","Olamide","Zaccheaus","239.8","60.8","1","WR116","WR","Atlanta Falcons",,
"73a54cf7-fe13-4687-a944-00d06b507d41","Jalen","Milroe","239.8","13.9","1","QB56","QB","Seattle Seahawks",,
"c34c7679-dd9c-493a-a970-259c89395887","Tez","Johnson","239.8","31.4","1","WR117","WR","Tampa Bay Buccaneers",,
"c9c54e03-0a70-4278-b8d7-fb530e4793f6","Trey","Lance","239.8","14.6","1","QB57","QB","Los Angeles Chargers",,
"0df0a875-e425-48fc-b239-d628fc7d32b4","Kaden","Wetjen","239.8","3.2","1","WR117","WR","Pittsburgh Steelers",,
"82540e55-28f1-49a1-a0ae-fe12f533d2c3","Tylan","Wallace","239.8","3.2","1","WR117","WR","Cleveland Browns",,
"ca8f1adc-dfa9-45c4-aa40-a0a9d923665c","Savion","Williams","239.8","10.6","1","WR120","WR","Green Bay Packers",,
"0ec1c2b9-bbea-48ce-9ca5-1981188da2d0","Seth","McGowan","239.8","29.3","1","RB85","RB","Indianapolis Colts",,
"e25a5208-b4b9-4da0-9f50-2888366e5178","Kyle","Juszczyk","239.8","14.4","1","RB85","RB","San Francisco 49ers",,
"3b4b388d-f984-45d1-91cc-bf6dc59e9fc8","Derek","Carr","239.9","29.2","1","QB58","QB",,,
"848338fb-8eda-44d8-bd5e-3b4886f9c113","Lil'Jordan","Humphrey","239.9","20.0","1","WR121","WR","Denver Broncos",,
"df66c8e3-4582-4e2a-b78a-11dd97e91e74","Spencer","Rattler","239.9","12.7","1","QB58","QB","New Orleans Saints",,
"fa491f8a-fffc-47a2-94bf-e3bc6b72e882","Noah","Gray","239.9","47.1","1","TE48","TE","Kansas City Chiefs",,
"24aab9ef-289f-4f7a-acb3-9b146e8d8a20","Quinn","Ewers","239.9","12.4","1","QB60","QB","Miami Dolphins",,
"3e2eca0c-c29e-4176-b185-2f1a64d5b000","Erick","All","239.9","0.0","1","TE48","TE","Cincinnati Bengals",,
"f652879f-875b-49b4-933b-295645d6e8f1","Cyrus","Allen","239.9","30.2","1","WR122","WR","Kansas City Chiefs",,
"6077447d-1a59-4123-a07e-4be0f1f04717","Emari","Demercado","239.9","28.6","1","RB87","RB","Kansas City Chiefs",,
"62edfc2e-aee9-4c9a-a7c2-7cff0ea4d922","Sam","Howell","239.9","0.0","1","QB61","QB","Dallas Cowboys",,
"ae29cf46-a2b2-4c4f-83cc-31486e0672e4","Tyler","Higbee","239.9","25.9","1","TE50","TE","Los Angeles Rams",,
"286bf4a5-d2da-44f7-b8e8-22d08b5b7182","Isaac","Guerendo","239.9","20.2","1","RB88","RB","San Francisco 49ers",,
"965b1a25-e016-4a9b-9829-3bf1d3a8d5c1","Hollywood","Brown","239.9","55.0","1","WR123","WR","Philadelphia Eagles",,
"baffaf52-a964-40ed-ab73-f745ef2e2d46","Isaiah","Davis","239.9","36.2","1","RB89","RB","New York Jets",,
"5dc55f0f-a4ba-4f45-9418-e3128c3176c7","Jerome","Ford","239.9","33.2","1","RB89","RB","Washington Commanders",,
"e4a2f014-0923-43c6-8ef3-37ef031a5397","Trey","Benson","239.9","27.7","1","RB89","RB","Arizona Cardinals",,
"a23a70c7-c52a-4038-84aa-8fcdb7ad28ad","Kalif","Raymond","239.9","23.2","1","WR124","WR","Chicago Bears",,
"1a311ace-d3e8-4833-bc3c-29d14ba6ff45","George","Holani","239.9","23.2","1","RB89","RB","Seattle Seahawks",,
"5f0ab6e0-90ad-40e8-b56c-bfd549e19332","Davis","Mills","239.9","12.0","1","QB62","QB","Houston Texans",,
"3651ca9b-fed4-4a37-954d-c5928d6ab4e1","Drew","Lock","239.9","0.0","1","QB62","QB","Seattle Seahawks",,
"8faab8af-c1b1-4ef2-bf45-1a2fb98e04f9","DeMario","Douglas","239.9","75.4","1","WR125","WR","New England Patriots",,
"ef497ba5-0637-433a-b2de-5f754ded3903","Marvin","Mims Jr.","239.9","58.4","1","WR125","WR","Denver Broncos",,
"eb858518-9a97-42cb-b02f-f1b91eb6b21f","Luke","Musgrave","239.9","32.1","1","TE51","TE","Green Bay Packers",,
"7ae4f509-fb27-4c25-a3a6-7ebde245d5cd","Calvin","Austin III","239.9","31.6","1","WR125","WR","New York Giants",,
"b8311a11-b0d2-48d7-9a39-7215825d1fb2","Treylon","Burks","239.9","28.8","1","WR125","WR","Washington Commanders",,
"64146efc-8444-42af-815d-b8b0802ffac4","Michael","Trigg","239.9","26.8","1","TE51","TE","Dallas Cowboys",,
"d031f6d8-e370-488c-af03-e46444b3721d","Audric","Estime","239.9","21.1","1","RB93","RB","New Orleans Saints",,
"d64495ad-ed66-4c22-a213-e1a6d1ee0da8","Tanner","McKee","239.9","12.4","1","QB64","QB","Philadelphia Eagles",,
"696b0cb0-0840-4a80-b34a-923a2269f93c","Luke","McCaffrey","239.9","7.3","1","WR125","WR","Washington Commanders",,
"57b4a121-6029-40c9-96b0-4a1b2d5d6fc8","Jeff","Caldwell","239.9","0.0","1","WR125","WR","Kansas City Chiefs",,
"96263c39-b265-40df-a944-e2d202b1ae17","Nick","Westbrook-Ikhine","240.0","22.2","1","WR131","WR","Indianapolis Colts",,
"19b2bf3e-dc0e-4108-a7c0-ba45adfdfdf7","Mack","Hollins","240.0","71.3","1","WR132","WR","New England Patriots",,
"e85de2a5-52e4-4cd2-bcad-2de25e656fce","Jalen","Royals","240.0","32.7","1","WR132","WR","Kansas City Chiefs",,
"90b6e398-1d8e-4cf1-9895-e5101b7a4241","Joshua","Palmer","240.0","26.6","1","WR132","WR","Buffalo Bills",,
"552fa5a9-559b-4688-ae14-5f86eaf74fb9","Deion","Burks","240.0","22.6","1","WR132","WR","Indianapolis Colts",,
"0d9f9a82-4484-4f31-b5bb-b79e3886007e","Nick","Mullens","240.0","12.0","1","QB65","QB","Jacksonville Jaguars",,
"0942d55c-d3ab-4788-9a2b-ee37779e0beb","Kyle","Allen","240.0","12.0","1","QB65","QB","Buffalo Bills",,
"25c5567d-bc48-4d82-9f4b-114ef4e4eeff","Malik","Benson","240.0","0.0","1","WR132","WR","Las Vegas Raiders",,
"bf1b612f-05b1-4ed9-b5d3-1873d472dace","Tommy","DeVito","240.0","0.0","1","QB65","QB","New England Patriots",,
"1b7cde47-486a-4ff0-ae5b-aa62781fc37a","Nick","Chubb","240.0","0.0","1","RB94","RB","Houston Texans",,
"9411a652-2f68-4745-a79d-b5dc0c4733de","Nathan","Carter","240.0","0.0","1","RB94","RB","Atlanta Falcons",,
"ae7074cb-0218-4528-b81c-9ac8cb95227f","Xavier","Legette","240.0","32.1","1","WR137","WR","Carolina Panthers",,
"25faf931-b270-4a83-abfc-9db2a84a0b5d","CJ","Daniels","240.0","31.8","1","WR137","WR","Los Angeles Rams",,
"e8b901e6-6bdf-4c1c-96b1-9e540696e243","Isaiah","Bond","240.0","29.4","1","WR137","WR","Cleveland Browns",,
"41f1ddeb-96ea-40ea-94ac-e6bf39ec0365","Mitchell","Evans","240.0","25.4","1","TE53","TE","Carolina Panthers",,
"4ca9d812-76d4-4a0a-bea3-0ab8f7cfc0e8","Tommy","Tremble","240.0","25.3","1","TE53","TE","Carolina Panthers",,
"81fb91b5-18d4-4842-bb86-0c139e786377","Jordan","Whittington","240.0","19.3","1","WR137","WR","Los Angeles Rams",,
"e5f0c604-a934-4dbf-8df0-bf396ad0b349","Noah","Brown","240.0","0.0","1","WR137","WR","Washington Commanders",,
"22a11347-bd15-4342-b694-a75a6045a306","Will","Kacmarek","240.0","49.1","1","TE55","TE","Miami Dolphins",,
"95880919-7379-42cb-bad0-81df9f1bf852","Elijah","Higgins","240.0","32.9","1","TE55","TE","Arizona Cardinals",,
"c48b8e34-016c-4e8a-a383-36b08d0ebe9a","Trevor","Etienne","240.0","28.6","1","RB96","RB","Carolina Panthers",,
"d3143b6d-6ca6-4b10-925a-6ca16cc29ea1","Tutu","Atwell","240.0","28.2","1","WR142","WR","Miami Dolphins",,
"b95626ef-8165-4340-b83c-0967995927ab","Brashard","Smith","240.0","17.9","1","RB96","RB","Kansas City Chiefs",,
"8cf61f44-47f9-48a4-93b6-a11c156dcaff","Teddy","Bridgewater","240.0","11.6","1","QB68","QB","Detroit Lions",,
"37b43bb6-579e-401d-b349-60a71d44c341","Devontez","Walker","240.0","9.7","1","WR142","WR","Baltimore Ravens",,
"6ead6cb8-6c94-4c7a-b675-0b604fd83a47","Phil","Mafah","240.0","5.7","1","RB96","RB","Dallas Cowboys",,
"7e74d978-9e01-4f05-aa6f-f07cb7ea8bfb","Jake","Browning","240.0","0.0","1","QB68","QB","Tampa Bay Buccaneers",,
"3eb79ace-0d09-4091-94c8-e2df02d01889","Jack","Strand","240.0","0.0","1","QB68","QB","Atlanta Falcons",,
"2c92aced-2563-4b85-b1aa-ad8d3d28c95d","Kareem","Hunt","240.0","0.0","1","RB96","RB",,,
"7dd44d07-5662-4726-bdec-ef9cca3bfb0b","Austin","Ekeler","240.0","0.0","1","RB96","RB",,,
"e3240c31-97af-420e-a560-e016adbad450","Frank","Gore","240.0","0.0","1","RB96","RB","Buffalo Bills",,
"75540430-a85b-482f-855b-b260a7bb9dba","Jaylin","Lane","240.0","53.0","1","WR144","WR","Washington Commanders",,
"7435ee87-1b23-4284-9d26-af4044e631d4","Jack","Endries","240.0","42.8","1","TE57","TE","Cincinnati Bengals",,
"795cd1bf-4696-4911-9ff8-ca4fa337c9e3","Noah","Fant","240.0","29.1","1","TE57","TE","New Orleans Saints",,
"83c5fb36-a918-4af1-baf3-f77796b3717e","KeAndre","Lambert-Smith","240.0","29.0","1","WR144","WR","Los Angeles Chargers",,
"37159381-5382-4e51-a3c3-fb008d530757","Colbie","Young","240.0","25.5","1","WR144","WR","Cincinnati Bengals",,
"da55c768-aa12-4b77-a49b-30a36eaf819a","Dont'e","Thornton","240.0","24.4","1","WR144","WR","Las Vegas Raiders",,
"1419e9e1-4673-447c-8f95-5ed098e58cb4","Tai","Felton","240.0","24.2","1","WR144","WR","Minnesota Vikings",,
"df25c56e-c40c-4066-a3c8-c564f36c2ed2","Brevyn","Spann-Ford","240.0","23.4","1","TE57","TE","Dallas Cowboys",,
"8be635dd-3c64-41f5-9059-e2ab95511204","Nate","Boerkircher","240.0","21.9","1","TE57","TE","Jacksonville Jaguars",,
"93b5d403-e74d-46d5-b620-2c230097d67a","Mitchell","Trubisky","240.0","11.9","1","QB71","QB","Tennessee Titans",,
"ea04313d-7094-4a7e-9b24-f1323e2077f6","Andy","Dalton","240.0","11.8","1","QB71","QB","Philadelphia Eagles",,
"f9221b1d-b4fb-4e00-84f8-e36c59d66305","Mason","Rudolph","240.0","11.7","1","QB71","QB","Pittsburgh Steelers",,
"ca746cbe-aee6-4156-b9d7-9ed4b6b28518","Devin","Singletary","240.0","9.8","1","RB102","RB","New York Giants",,
"68950c1e-c5aa-454f-b9aa-d4e13ce838b9","Sione","Vaki","240.0","3.0","1","RB102","RB","Detroit Lions",,
"750730b8-dd22-4252-bb5a-995491022349","Damien","Martinez","240.0","2.1","1","RB102","RB","Green Bay Packers",,
"8822de29-5d4d-4f8e-b04c-aa62bd25019e","Joe","Mixon","240.0","0.0","1","RB102","RB",,,
"da8dc08d-9e09-4313-a514-06931685e8a3","Taysom","Hill","240.0","0.0","1","TE57","TE",,,
"864e990a-77d5-47a2-b860-94dfa07a743a","Stetson","Bennett","240.0","0.0","1","QB71","QB","Los Angeles Rams",,
"c5b85ef8-88ef-4c70-9cf1-5e3531894a76","Cole","Payton","240.0","0.0","1","QB71","QB","Philadelphia Eagles",,
"e55a70ca-f996-4393-9ead-db4fd3fe70a6","Kenny","Pickett","240.0","0.0","1","QB71","QB","Carolina Panthers",,
"3069fed4-26b5-4428-8b18-a6b9745564a1","Robert","Henry","240.0","0.0","1","RB102","RB","Washington Commanders",,
"dcad8c3d-8dc9-47aa-a3a0-cb03b9a97d07","Daniel","Bellinger","240.0","31.6","1","TE62","TE","Tennessee Titans",,
"96430ae2-3393-4b32-aa2a-1ceb397cf312","Ben","Sinnott","240.0","24.9","1","TE62","TE","Washington Commanders",,
"2218a686-c2dd-4bfd-88de-21b84c347cac","Will","Levis","240.0","12.7","1","QB77","QB","Tennessee Titans",,
"8f05ffa0-2998-465b-8f96-b61554ad4cae","Diego","Pavia","240.0","12.5","1","QB77","QB","Baltimore Ravens",,
"a2d876e0-d2db-48e7-ad70-70c6eee48256","Carson","Wentz","240.0","12.4","1","QB77","QB","Minnesota Vikings",,
"ae5f8742-7fb1-4aff-9f71-66c84a72cfa8","Jarquez","Hunter","240.0","8.6","1","RB107","RB","Los Angeles Rams",,
"ecc53718-d5be-41a0-8c66-4b5a23945095","Caleb","Lohner","240.0","0.0","1","TE62","TE","Denver Broncos",,
"962478d8-ac39-4124-82e3-4b4caadbc25a","Jonnu","Smith","240.0","0.0","1","TE62","TE",,,
"bda07cc6-a5b9-47ba-8546-08444e951bf7","Theo","Wease","-","55.1","1",,"WR","Miami Dolphins",,
"5409e266-360e-4e77-a3c5-8e3702347d69","Josh","Cameron","-","49.1","1",,"WR","Jacksonville Jaguars",,
"97a5693f-e656-413e-95c1-f39da34804be","Joe","Royer","-","46.3","1",,"TE","Cleveland Browns",,
"21245649-67c7-49d8-9279-16de3ad2a1dc","Konata","Mumpfield","-","33.7","1",,"WR","Los Angeles Rams",,
"7c442e9e-fe98-44e5-94a0-d26e4507c7f7","Rasheen","Ali","-","32.7","1",,"RB","Baltimore Ravens",,
"73507419-4fdb-4684-a4ad-a45a734c2e99","Xavier","Hutchinson","-","31.6","1",,"WR","Houston Texans",,
"a19d329f-181d-4dca-b3ac-f929643166fd","Charlie","Kolar","-","30.4","1",,"TE","Los Angeles Chargers",,
"0eef8f5b-7dff-45e7-b9c5-3654225a9ecc","John","Metchie III","-","30.0","1",,"WR","Carolina Panthers",,
"82ca88c2-0e4c-475f-8092-9a95ffb6e056","Will","Shipley","-","28.8","1",,"RB","Philadelphia Eagles",,
"99f4869c-6f65-44b2-a338-bff1ede7c6ec","J'Mari","Taylor","-","28.2","1",,"RB","Jacksonville Jaguars",,
"acd3fbca-ec35-4e03-96f6-0c4a84fd44a2","Isaiah","Williams","-","27.3","1",,"WR","New York Jets",,
"98f1e5cc-0f8e-4983-af74-4884a21e280c","Van","Jefferson","-","27.2","1",,"WR","Washington Commanders",,
"fbb516e4-ac71-4cf9-8855-ebc0cbfa49c3","Sam","Roush","-","26.5","1",,"TE","Chicago Bears",,
"8226667c-5c1e-4774-a94a-515f27c6922e","Kevin","Coleman","-","26.4","1",,"WR","Miami Dolphins",,
"6c139d58-6f68-42d7-b3b6-e55ed13552d8","Austin","Hooper","-","26.2","1",,"TE","Atlanta Falcons",,
"752d5253-9046-4412-badd-9fbcfb4445c2","Cade","Stover","-","26.2","1",,"TE","Houston Texans",,
"7c788ad7-e7f1-400d-9540-7f3086ad1e86","Demarcus","Robinson","-","26.0","1",,"WR","San Francisco 49ers",,
"642ee461-7b9d-4032-8fa1-de10f96963f0","Tanner","Koziol","-","25.8","1",,"TE","Jacksonville Jaguars",,
"aeb75315-4864-4503-91a8-b50e5ba93f15","Jackson","Hawes","-","25.4","1",,"TE","Buffalo Bills",,
"bef0bfdd-1d4b-496a-99dc-c4949c5c2433","Kevin","Austin","-","25.4","1",,"WR","New Orleans Saints",,
"0ec5da86-2144-4455-97ab-97c5b28acab0","John","Bates","-","25.3","1",,"TE","Washington Commanders",,
"0bd994ae-bcd3-43fe-97a5-3fa4812f3666","Matt","Hibner","-","25.3","1",,"TE","Baltimore Ravens",,
"81c36184-997f-48ab-80af-a8c82878aaeb","Efton","Chism","-","25.2","1",,"WR","New England Patriots",,
"8233a5f2-19a7-4f31-81d0-bc16fa511db8","Jaren","Kanak","-","25.1","1",,"TE","Tennessee Titans",,
"ddc38864-f578-44a9-8abd-73a9430a8e06","Drew","Sample","-","25.1","1",,"TE","Cincinnati Bengals",,
"bea18b43-18ab-4946-97aa-15a5cf36e729","Lance","Mason","-","25.1","1",,"TE","Seattle Seahawks",,
"48dbc97c-b969-4dd6-a8b9-47f8b4775c27","Miles","Kitselman","-","25.1","1",,"TE","Detroit Lions",,
"3b73c010-e28c-40f9-b233-2bfe8cf43be9","Dean","Connors","-","25.0","1",,"RB","Los Angeles Rams",,
"3e29cfd1-5f74-45a1-91e7-51dddba78b33","Luke","Schoonmaker","-","24.9","1",,"TE","Dallas Cowboys",,
"6c0cb6be-65bb-48da-b89a-ed2e4857c5d6","Josh","Oliver","-","24.9","1",,"TE","Minnesota Vikings",,
"596916b3-b058-4756-8483-1ea31f1ebe51","Aaron","Anderson","-","24.7","1",,"WR","Cleveland Browns",,
"8fd0670d-5bf9-4971-b596-4a50082b1781","Barion","Brown","-","24.6","1",,"WR","New Orleans Saints",,
"4b9c77a4-095f-49ef-8f57-f28c2bcfe18f","Jawhar","Jordan","-","24.5","1",,"RB","Houston Texans",,
"f4caca1c-4da2-4896-8c58-16faf018c84c","Tyrell","Shavers","-","24.2","1",,"WR","Buffalo Bills",,
"7e2886f9-1d60-40b5-8757-fbe55833975b","Grant","Calcaterra","-","24.0","1",,"TE","Philadelphia Eagles",,
"6bf4fe6d-d086-461e-a672-8dac843308f2","Eric","Rivers","-","23.9","1",,"WR","Tampa Bay Buccaneers",,
"1fc660e9-98ad-427a-8491-3cfb84f4fc84","Marlin","Klein","-","23.5","1",,"TE","Houston Texans",,
"156b7795-f843-4d54-b0b2-ea8128e3eb69","Desmond","Reid","-","23.3","1",,"RB","Buffalo Bills",,
"4aa10914-bd07-4ffe-b2e8-620380585da4","John Michael","Gyllenborg","-","22.9","1",,"TE","Kansas City Chiefs",,
"174339ac-7771-46f0-8ed6-b7c7446a2ea5","Marquez","Valdes-Scantling","-","22.9","1",,"WR","Dallas Cowboys",,
"4c728967-dac4-4222-85eb-0bd19a63f4bb","Jimmy","Horn","-","22.9","1",,"WR","Carolina Panthers",,
"1cc0c04a-a5d8-4cbc-b4eb-41b7089d9116","Greg","Dortch","-","22.7","1",,"WR","Detroit Lions",,
"0295a4c7-777a-4b3e-bd8b-85d7f5a95a82","David","Sills","-","22.4","1",,"WR","Tampa Bay Buccaneers",,
"76ea75ed-1a56-47f9-8660-7c5661298754","Josh","Cuevas","-","22.3","1",,"TE","Baltimore Ravens",,
"f799c946-bd6b-410b-991e-5b3acdf34745","Roman","Wilson","-","22.3","1",,"WR","Pittsburgh Steelers",,
"3c49c3f1-14a1-497e-b373-faf5e8381947","Adam","Trautman","-","22.3","1",,"TE","Denver Broncos",,
"f67dc589-0505-42d8-8bb5-f51a1f31ad0b","Brock","Wright","-","21.8","1",,"TE","Detroit Lions",,
"491cb9c1-00d2-47ea-a2e0-af01893d000c","Xavier","Smith","-","20.6","1",,"WR","Los Angeles Rams",,
"76986d62-475a-442a-83ea-fb81b5560bc7","Dameon","Pierce","-","20.3","1",,"RB","Philadelphia Eagles",,
"038152c8-952e-4026-8459-2a80c48b65be","Jam","Miller","-","18.9","1",,"RB","New England Patriots",,
"b8dacc33-d10b-4a97-a48f-07662b8d250e","Tyler","Badie","-","18.9","1",,"RB","Denver Broncos",,
"86aa7723-0969-4a6c-9c24-12b3e26a9f94","Connor","Heyward","-","12.7","1",,"TE","Las Vegas Raiders",,
"164b9c96-0575-4b93-8484-39ca333ca823","Dillon","Gabriel","-","11.9","1",,"QB","Cleveland Browns",,
"a4bb3896-8b04-43bb-b315-7171f1e99515","Tip","Reiman","-","11.4","1",,"TE","Arizona Cardinals",,
"a665ca8c-5189-421f-8a4f-e33a4bd84cf0","Mo","Alie-Cox","-","11.4","1",,"TE","Indianapolis Colts",,
"68fd0cad-267d-4145-a4dc-10d05d0123ed","Josh","Johnson","-","11.3","1",,"QB","Cincinnati Bengals",,
"4cc1d239-a720-4b0d-8055-55d92b1cccb0","Tim","Patrick","-","10.7","1",,"WR","New York Jets",,
"a671c689-dd2b-4181-9cf5-ccb32cf5ab70","Jaydn","Ott","-","9.7","1",,"RB","Kansas City Chiefs",,
"c7272ddf-e248-49a2-bcf1-d087623157db","Zavier","Scott","-","9.1","1",,"RB","Minnesota Vikings",,
"a8941c8d-6d40-44cd-8ce9-f86752fa9c26","Ty","Chandler","-","9.0","1",,"RB","New Orleans Saints",,
"577390f4-dba8-44c8-979f-a6c0287efc28","Davis","Allen","-","8.2","1",,"TE","Los Angeles Rams",,
"cd0bcc8d-02ad-4d21-8724-b7e91a7278bd","Jeremy","McNichols","-","7.9","1",,"RB","Washington Commanders",,
"f28c0504-6f0d-4828-9bfb-2c2ae847192b","Luke","Farrell","-","7.6","1",,"TE","San Francisco 49ers",,
"34b8d4f7-e497-4061-be61-635efd4f741d","Gunner","Olszewski","-","7.6","1",,"WR","New York Giants",,
"95ed193b-269d-4095-9adf-899857c9adfd","Durham","Smythe","-","7.4","1",,"TE","Baltimore Ravens",,
"161f4e88-fb29-4b8c-b1c6-82f6fdd92710","Foster","Moreau","-","7.3","1",,"TE","Houston Texans",,
"b68be512-5e38-40ef-a1e8-28f4c83a6606","Isaiah","Hodgins","-","7.2","1",,"WR","New York Giants",,
"723e74f6-d3b9-4f92-a635-4c3553158533","Riley","Nowakowski","-","7.1","1",,"TE","Pittsburgh Steelers",,
"f1c061db-32fe-4b3e-860c-e30685893f5c","Jeremy","Ruckert","-","6.8","1",,"TE","New York Jets",,
"e052f4c6-3748-4dca-8291-bd7a1b3dafdd","Michael","Carter","-","6.6","1",,"RB","Tennessee Titans",,
"695c777f-baab-41b2-a206-ecb5de367cdd","Hunter","Luepke","-","6.5","1",,"RB","Dallas Cowboys",,
"e4a4a330-de84-466c-9b47-3fac2cb8dafa","Cody","White","-","6.5","1",,"WR","Seattle Seahawks",,
"3c5ce046-3f41-43a2-9e7e-0ab6fa28031d","Payne","Durham","-","6.1","1",,"TE","Tampa Bay Buccaneers",,
"553de4ac-4339-4794-8dc8-1c8c094a697a","Lucas","Krull","-","6.1","1",,"TE","Denver Broncos",,
"edfab75e-07ad-48bb-b8f1-ad072e28dfbc","Seydou","Traore","-","6.0","1",,"TE","Miami Dolphins",,
"947b557b-6c21-4c16-b57b-59e9298f7e9f","Quintin","Morris","-","6.0","1",,"TE","Jacksonville Jaguars",,
"a82b57c7-97fb-47ed-b107-160c73cdeef5","Charlie","Woerner","-","6.0","1",,"TE","Atlanta Falcons",,
"ed703c09-18e4-4e38-a4df-b666076c170a","Malachi","Corley","-","5.8","1",,"WR","Cleveland Browns",,
"c92e6223-cccf-4115-82e4-67e420957c63","Jaleel","McLaughlin","-","5.8","1",,"RB","Denver Broncos",,
"692a21b3-396f-4474-b6a0-e25d3a301226","Ronnie","Rivers","-","5.6","1",,"RB","Los Angeles Rams",,
"2381aa80-a789-44fe-b0ba-a5f323b266aa","Arian","Smith","-","5.6","1",,"WR","New York Jets",,
"8e36dc25-d71e-4eff-b019-1463397ab253","Xavier","Weaver","-","5.6","1",,"WR","Arizona Cardinals",,
"3d12204a-cbef-436d-b531-a1f8eda10999","Jack","Stoll","-","5.5","1",,"TE","Cleveland Browns",,
"81a89cb8-2511-411f-9755-7d4973ee0d7b","Devin","Culp","-","5.3","1",,"TE","Tampa Bay Buccaneers",,
"6824f914-fb58-4a00-a595-d5781965ddd0","Jack","Velling","-","5.3","1",,"TE","Atlanta Falcons",,
"d38a8448-2806-43c8-bef4-2aeb3b2f2810","Darius","Cooper","-","5.2","1",,"WR","Philadelphia Eagles",,
"e9a2e9e0-b5c7-4d74-a819-6f8bad0805c7","Chase","Roberts","-","5.1","1",,"WR","Las Vegas Raiders",,
"142a9bb6-3910-49e2-8441-91b890212756","Trebor","Pena","-","5.1","1",,"WR","Jacksonville Jaguars",,
"e09afa7b-5b72-4b93-abc2-05ffc5b56884","Dane","Key","-","5.1","1",,"WR","Denver Broncos",,
"ca6bef9b-3467-46db-992b-1c2989b71e5c","Cedric","Tillman","-","5.1","1",,"WR","Cleveland Browns",,
"b6dddb0a-a21d-4d0a-a304-91cac01c3dca","Noah","Thomas","-","5.1","1",,"WR","Cincinnati Bengals",,
"5e4fce87-a12a-4dc1-a2e0-34fec4bcc6cc","Reggie","Virgil","-","5.1","1",,"WR","Arizona Cardinals",,
"d5518636-fbb9-480b-b3f2-6e00e70e82b8","Jalen","Brooks","-","5.0","1",,"WR","Arizona Cardinals",,
"f9b778d1-bb87-4b7f-8cdc-5399724977b6","Tyler","Johnson","-","5.0","1",,"WR","Dallas Cowboys",,
"b4d62b39-f983-4e0d-b0ce-95f9e5f9f048","Josh","Whyle","-","4.7","1",,"TE","Green Bay Packers",,
"f5886b59-9f5c-4125-b148-db1fc3d0a58d","Julius","Chestnut","-","4.6","1",,"RB","Tennessee Titans",,
"fbf604c0-3f47-4292-955a-a0795b61bcf1","Kalel","Mullings","-","4.6","1",,"RB","Tennessee Titans",,
"588511db-19b3-492d-8074-6759e2262906","Kendre","Miller","-","4.6","1",,"RB","New Orleans Saints",,
"52873723-ccbc-4884-b0d4-ff7f518c3c0c","Tanner","Hudson","-","4.3","1",,"TE","Cincinnati Bengals",,
"de455b70-b6a5-4a24-84d8-c79ac90d3854","Kenny","McIntosh","-","4.2","1",,"RB","Seattle Seahawks",,
"b4e6cdfa-fd87-419c-980f-9269227291a9","Nate","Adkins","-","4.2","1",,"TE","Denver Broncos",,
"734b5a37-1240-4ec2-9267-c827fae8fbb3","Eric","Saubert","-","4.2","1",,"TE","Seattle Seahawks",,
"4ab1a976-76e2-4ff0-bd0b-87789ccb1c58","Stone","Smartt","-","4.2","1",,"TE","Philadelphia Eagles",,
"8f0a064c-9407-4fff-88e6-f63ef1691eba","Julian","Hill","-","4.1","1",,"TE","New England Patriots",,
"0e08aebc-cde1-4406-8158-33f8bdf48166","Brevin","Jordan","-","4.1","1",,"TE","Houston Texans",,
"3bfff517-627e-4479-a012-38740e0bd8d4","Dylan","Laube","-","4.1","1",,"RB","Las Vegas Raiders",,
"a5d28b91-ce42-4830-a0ec-b50c37714cc6","Dyami","Brown","-","3.9","1",,"WR","Washington Commanders",,
"0654987d-fcc0-4b09-84d3-d21a6757c7e6","Drew","Ogletree","-","3.9","1",,"TE","Indianapolis Colts",,
"5248ddd1-43ee-428a-b88a-2cb98b27bbc3","Ameer","Abdullah","-","3.8","1",,"RB","Jacksonville Jaguars",,
"1c9c1d53-f68b-4c61-b5b5-df527c740c84","Xavier","Restrepo","-","3.8","1",,"WR","Tennessee Titans",,
"074494c3-4e1e-4627-8056-9cb63db76769","Tyler","Goodson","-","3.8","1",,"RB","Atlanta Falcons",,
"bf4c2769-e57d-4397-b42b-3df7f26d6ce4","Raheim","Sanders","-","3.7","1",,"RB","Cleveland Browns",,
"5db3fe18-adb8-4dc7-ab03-4e791b4953c5","Dareke","Young","-","3.6","1",,"WR","Las Vegas Raiders",,
"1afec20c-081c-4f38-bde3-aceda4436814","Blake","Whiteheart","-","3.4","1",,"TE","Cleveland Browns",,
"74f4747f-d672-4344-aba2-99e346750077","Kendrick","Law","-","3.3","1",,"WR","Detroit Lions",,
"ecef0666-89df-449b-bba5-e8bd4bf94dad","Ricky","White","-","3.2","1",,"WR","Seattle Seahawks",,
"a547e2ce-4947-4e62-b417-a51afdc0bf9e","Jake","Bobo","-","3.2","1",,"WR","Seattle Seahawks",,
"a3cf647a-3fec-4ecd-b44e-a420568bbadd","Ben","Yurosek","-","3.0","1",,"TE","Minnesota Vikings",,
"704f68ba-8456-4d19-872e-3a49bcd041d6","Cameron","Latu","-","3.0","1",,"TE","Philadelphia Eagles",,
"bf00a206-334c-4481-9358-a5e7410d2f88","Ian","Thomas","-","3.0","1",,"TE","Las Vegas Raiders",,
"74f1c1bf-47ab-4e16-962c-97e15720cca5","Harrison","Bryant","-","3.0","1",,"TE","Seattle Seahawks",,
"54909cc5-8ee1-457e-94ec-0aa86729e032","Kylen","Granson","-","3.0","1",,"TE","Tennessee Titans",,
"715d0664-35a0-4277-ac0d-d0c66fb0d5b6","Trent","Sherfield","-","2.9","1",,"WR","Buffalo Bills",,
"6cf6e0fd-0397-429a-9c53-69d227929e86","Anthony","Gould","-","2.7","1",,"WR","Indianapolis Colts",,
"5a83111e-7939-4595-bbe2-cd572e3899b4","Ashton","Dulin","-","2.5","1",,"WR","Indianapolis Colts",,
"68abb936-bf0e-414f-8492-a5c17c1ded36","LaJohntay","Wester","-","2.5","1",,"WR","Baltimore Ravens",,
"d49311e3-7da3-40c0-a78a-9044fec8baf1","Skyy","Moore","-","2.5","1",,"WR","Green Bay Packers",,
"eb2e8483-599f-4075-b7dc-44f09893b874","Donovan","Edwards","-","2.1","1",,"RB","Miami Dolphins",,
"7352ad0e-51c5-4980-92ac-f018a5d1df7e","Jordan","Watkins","-","1.9","1",,"WR","San Francisco 49ers",,
"6be146ce-1e02-4057-b38a-4a99dd8c3f3f","Ko","Kieft","-","1.8","1",,"TE","Tampa Bay Buccaneers",,
"19d6edff-c670-47af-8dac-a55208ba7563","Chris","Manhertz","-","1.8","1",,"TE","New York Giants",,
"e0f9c44d-5672-48cf-9c24-e43b6d5f5ff6","Shane","Zylstra","-","1.8","1",,"TE","Buffalo Bills",,
"6502ec35-438e-4278-baa4-20ff16f02750","Feleipe","Franks","-","1.4","1",,"TE","Carolina Panthers",,
"8f182f1a-82a2-49a7-96b5-cf56634522dd","David","Moore","-","1.3","1",,"WR","Carolina Panthers",,
"4184ec14-5bb6-407e-8754-8a9daaf470d0","Jacob","Cowing","-","1.2","1",,"WR","San Francisco 49ers",,
"b3d69c61-dee7-4e5a-b803-2e7ea640c089","Tyler","Conklin","-","1.2","1",,"TE","Detroit Lions",,
"9847fbd1-2bf8-4a3a-b590-f524af2b235b","Derius","Davis","-","1.1","1",,"WR","Los Angeles Chargers",,
"f3bca017-f6c6-4321-9645-bf29538433da","Devin","Duvernay","-","0.6","1",,"WR","Arizona Cardinals",,
"4f2d55ea-169b-494b-a6f0-e272e8531ce6","Ben","Skowronek","-","0.6","1",,"WR","Pittsburgh Steelers",,
"893d8bc3-c34d-42a2-9afe-c668ce3e9706","Nikko","Remigio","-","0.6","1",,"WR","Kansas City Chiefs",,
"9b4250a6-278c-4752-a691-f1d6222df3ef","Jerick","McKinnon","-","0.0","1",,"RB",,,
"9bcd6533-ae95-4839-b284-337381b9a4e8","Kadarius","Toney","-","0.0","1",,"WR",,,
"9be167f1-6e99-4c23-b88b-442101564ed8","Elijah","Collins","-","0.0","1",,"RB",,,
"9c1d6a2e-d6a0-451f-b82e-69f4b18c77bf","Allen","Lazard","-","0.0","1",,"WR",,,
"9c493f1d-31c9-4560-976d-2c121da6ee80","Nate","Sudfeld","-","0.0","1",,"QB",,,
"9c84f743-daa3-45c8-8a1a-4e02e47a57ef","De'Anthony","Thomas","-","0.0","1",,"WR",,,
"9cce23de-42aa-4d37-abb6-2dc9c3c4958e","Beaux","Collins","-","0.0","1",,"WR","New York Giants",,
"9cf7a6c8-9b77-4475-95f3-2ed05173a117","Kendric","Pryor","-","0.0","1",,"WR","Cincinnati Bengals",,
"9d006413-2add-41b2-a22b-6572a1ed501f","Malik","Taylor","-","0.0","1",,"WR",,,
"9d0a7427-ab81-48db-8e75-72dddf604780","E.J.","Williams","-","0.0","1",,"WR","Las Vegas Raiders",,
"9d0f6402-b10d-4258-91df-8733e9894a2c","Michael","Ezeike","-","0.0","1",,"TE",,,
"9d1e73c7-3896-4d83-9877-0f760b491bf1","Mitchell","Wilcox","-","0.0","1",,"TE",,,
"9da4ad6d-b792-4b71-b5ed-18dcc4d26d79","Odell","Beckham Jr.","-","0.0","1",,"WR",,,
"9e021439-e994-449d-805b-56d68d8a02a6","Jaylon","Moore","-","0.0","1",,"WR",,,
"9eb2b2c0-c445-427f-b4d6-cdbe92c5c73d","Damien","Williams","-","0.0","1",,"RB",,,
"a01cf9e4-88a2-45f8-959b-8d19e62770c0","Jeff","Smith","-","0.0","1",,"WR",,,
"a02dc017-57d8-4db4-934d-8781639b2bee","Justin","Johnson","-","0.0","1",,"TE",,,
"a09fc100-9953-4848-9881-b94748999f2a","Austin","Jones","-","0.0","1",,"RB",,,
"a186a503-b990-4560-8a70-57030d5f7c3b","Nsimba","Webster","-","0.0","1",,"WR",,,
"a1aa15d5-9e63-4b84-9dd4-8c1b1908766e","Brian","Hill","-","0.0","1",,"RB",,,
"a24ca4aa-770a-423d-892d-c198d280c1d9","Marvin","Hall","-","0.0","1",,"WR",,,
"a25458a0-83fe-4cfd-b87e-e2065dc83f2b","Latavius","Murray","-","0.0","1",,"RB",,,
"a282bb22-77d2-476c-8d46-62949c31fa96","Luke","Grimm","-","0.0","1",,"WR","Los Angeles Chargers",,
"a343e240-10d0-4097-a18a-9a3cc9c0d16b","Matthew","Caldwell","-","0.0","1",,"QB","Los Angeles Rams",,
"a3d8b511-a3be-4dfb-8478-934fe7d5b75b","Kristian","Wilkerson","-","0.0","1",,"WR",,,
"a434b62d-1583-4cf9-b970-29a778569352","Antwane","Wells","-","0.0","1",,"WR",,,
"a45753db-d8dd-4fe4-aac3-2aa8e1c9206a","Raleigh","Webb","-","0.0","1",,"WR",,,
"a4949c57-db7e-4a7c-8a07-bddd777ac77a","Kayron","Lynch-Adams","-","0.0","1",,"RB",,,
"a4e2675d-00de-463a-a051-a8aa52f45b1b","Snoop","Conner","-","0.0","1",,"RB",,,
"a5021662-35f8-4a25-a11e-5f3e138ba552","Trenton","Irwin","-","0.0","1",,"WR",,,
"a51ae69b-4bd5-41eb-b78b-b168211d7d5b","Bam","Knight","-","0.0","1",,"RB","Arizona Cardinals",,
"a5932a7d-2f63-422a-8e7a-aae365a6ef9a","Johnny","Wilson","-","0.0","1",,"WR","Philadelphia Eagles",,
"a5c34007-3d5d-4052-817d-e7e5d1e360e2","Cash","Jones","-","0.0","1",,"RB","Atlanta Falcons",,
"a5d25f2c-8bc4-469f-86f6-4ac8f0e8b9d2","Jared","Wiley","-","0.0","1",,"TE","Kansas City Chiefs",,
"a605e278-0923-444a-98e8-3e8a20d7f938","Gavin","Hardison","-","0.0","1",,"QB",,,
"a614d174-5fc8-44c6-8db9-b0eac9a6ef05","Gavin","Bartholomew","-","0.0","1",,"TE","Minnesota Vikings",,
"a664f1cb-5950-4d3f-b145-3372fecebef3","Russell","Wilson","-","0.0","1",,"QB",,,
"a67e30a5-616a-406c-8e75-a9490c0d6792","Justin","Shorter","-","0.0","1",,"WR","Las Vegas Raiders",,
"a67ed5cd-a6bb-4a6d-9e09-7d0be08af3b2","Cody","Hardy","-","0.0","1",,"TE","New Orleans Saints",,
"a690781b-17ab-4b3b-961b-01de292bc59c","Cam","Grandy","-","0.0","1",,"TE","Cincinnati Bengals",,
"a6bb08d6-03f7-4b7e-80bd-8d27a34fa4e3","Izaiah","Gathings","-","0.0","1",,"WR",,,
"a71984d7-7be1-43f6-9658-5a35abf79358","Ethan","Fernea","-","0.0","1",,"WR",,,
"a767afa1-5b4e-4eb6-a196-e1b54014a6d6","Jermaine","Burton","-","0.0","1",,"WR",,,
"a7a09eee-c120-4efd-bbc4-ccadcbc15bc5","Carson","Steele","-","0.0","1",,"RB","Philadelphia Eagles",,
"a7aa4a48-335f-42c4-9cf9-157c50ba3cdb","Aidan","Robbins","-","0.0","1",,"RB",,,
"a7afb31d-09ea-4152-9ea1-c71b0f87530a","Mike","Boone","-","0.0","1",,"RB",,,
"a7c41c44-35ce-4c00-818b-7a80799edc7e","Kyle","McCord","-","0.0","1",,"QB","Green Bay Packers",,
"a7ce109d-c095-4610-8681-3a886e38266a","Tru","Edwards","-","0.0","1",,"WR","Los Angeles Rams",,
"a812cd1d-55a3-472b-9fdb-5d030ce38855","Grant","DuBose","-","0.0","1",,"WR",,,
"a8261135-bd88-49b0-aeee-52251efd4890","Tyler","Scott","-","0.0","1",,"WR","Los Angeles Rams",,
"a8b955be-35d4-444e-af0d-828601e498bf","Tony","Brown","-","0.0","1",,"WR",,,
"a8d0679c-4897-4b30-a51c-4a008224ae0f","Robert","Woods","-","0.0","1",,"WR",,,
"a8d4cbca-39a6-447d-bda6-2e7232cbffff","Malik","Knowles","-","0.0","1",,"WR",,,
"a8e58f18-c068-45ff-9c3d-0ea5b8280e52","Marquise","Goodwin","-","0.0","1",,"WR",,,
"a99f9a52-1fa6-4ed0-addb-e943e5d2eaae","Brevin","Easton","-","0.0","1",,"WR",,,
"a9f575d4-408a-46f0-bd52-416764cb27cd","Malik","Turner","-","0.0","1",,"WR","San Francisco 49ers",,
"aa3377c5-34f4-4dae-bd4c-a1d6a23e410f","Eli","Pancol","-","0.0","1",,"WR","Indianapolis Colts",,
"aa423246-6198-481d-8acc-7ab077b7cf2a","Tim","Jones","-","0.0","1",,"WR","Jacksonville Jaguars",,
"aa619978-13dc-4ff9-9d74-ef66538f9a35","Kyric","McGowan","-","0.0","1",,"WR",,,
"ab6d6615-94e8-4932-8904-c2999d0e152c","Cole","Beasley","-","0.0","1",,"WR",,,
"ab6dcbac-9d0d-481a-82dd-e451bb735174","Bryan","Thompson","-","0.0","1",,"WR",,,
"aba751eb-15ee-4f8e-9ac0-8d1bc4360586","Dan","Chisena","-","0.0","1",,"WR","Carolina Panthers",,
"abdf60e6-d557-4bbb-b690-65c13d245162","Chester","Rogers","-","0.0","1",,"WR",,,
"abf48837-6eb0-4eea-bd98-e8bdd4e4636c","Zakhari","Franklin","-","0.0","1",,"WR",,,
"ac61174f-e556-430b-873d-d27774bb3359","Irv","Smith Jr.","-","0.0","1",,"TE",,,
"acebba9d-ce06-46e1-95fd-5a5785952a25","Cade","Johnson","-","0.0","1",,"WR",,,
"ad06e573-e052-4500-b5d1-3d68d0119666","Jalen","Richard","-","0.0","1",,"RB",,,
"ad17a56d-a47b-4d82-9433-11215c75b622","Da'Quan","Felton","-","0.0","1",,"WR",,,
"ad8819c4-552c-4a11-8e85-9340c2a68799","Zach","Wilson","-","0.0","1",,"QB","New Orleans Saints",,
"ae0b3333-0977-4f54-b110-e6f9dd41600d","Thomas","Fidone","-","0.0","1",,"TE","New York Giants",,
"ae3ef5f0-6de3-42b5-a3d0-bed3da8bd518","Matt","LaCosse","-","0.0","1",,"TE",,,
"ae5ced2b-3046-4b86-ae1b-01175caa21f8","Elijah","Dotson","-","0.0","1",,"RB",,,
"ae85d763-c17b-4d6e-9a79-b1fae1fb53d1","Thyrick","Pitts","-","0.0","1",,"WR",,,
"aebe4a54-6de2-4028-b052-22f0c5907460","Jalen","Wydermyer","-","0.0","1",,"TE",,,
"af2c5fe7-bb27-4e19-88d9-9ce0f0aa8a37","Kenyan","Drake","-","0.0","1",,"RB",,,
"af68fd05-618d-4722-afff-2f1db53d65ef","Jack","Westover","-","0.0","1",,"RB","New England Patriots",,
"af803430-844f-42a2-bf83-0f9c47ebf5a0","Micah","Bernard","-","0.0","1",,"RB",,,
"afb8bd14-54af-4a1f-bd9e-69ddccb4e590","Elijah","Moore","-","0.0","1",,"WR","Philadelphia Eagles",,
"afc71de2-6743-4854-8d42-107d45253828","Eric","Ebron","-","0.0","1",,"TE",,,
"afcd7512-4995-4be9-b8c2-f6c4c3f11f01","DeMeer","Blankumsee","-","0.0","1",,"WR",,,
"afd75aeb-845c-4546-82b1-a52b320453e0","Rocky","Lombardi","-","0.0","1",,"QB",,,
"afff7bc0-36e4-4e45-ab7d-ee04b3756158","Troy","Fumagalli","-","0.0","1",,"TE",,,
"b0e5b689-14ab-4908-a1f8-1f71c057529d","Zach","Evans","-","0.0","1",,"RB",,,
"b0eb08d2-6030-4926-ada8-d445c7a593d0","Jalen","Cropper","-","0.0","1",,"WR",,,
"b10b217a-51ac-43a5-af1b-a070340e4a57","Bryant","Koback","-","0.0","1",,"RB",,,
"b13befa5-5d75-4f58-b3d9-b710db3f7a31","Ihmir","Smith-Marsette","-","0.0","1",,"WR","Arizona Cardinals",,
"b1411584-a31a-4f24-8939-7779106d8318","Ty'Son","Williams","-","0.0","1",,"RB",,,
"b1ce9b3a-4327-4e09-ae94-0593a542b92b","Zander","Horvath","-","0.0","1",,"RB",,,
"b1dfa138-ecbe-4bfd-9e02-130c3a814769","Charleston","Rambo","-","0.0","1",,"WR",,,
"b2147611-614b-4110-99d8-5874c467fa1b","Sage","Surratt","-","0.0","1",,"TE",,,
"b260b1ba-3056-4d29-9261-c4155f0b1f2c","Trestan","Ebner","-","0.0","1",,"RB",,,
"b33d4664-05fb-40ad-a1ba-915cbbc37409","Braxton","Berrios","-","0.0","1",,"WR",,,
"b3a2efdc-2bc3-4dd9-a535-000c56c0b3f6","Jahmal","Banks","-","0.0","1",,"WR",,,
"b3b6523e-2726-481d-bceb-0abde6892fd3","T.J.","Luther","-","0.0","1",,"WR",,,
"b40d4185-36dc-41e1-8d2b-0099526f637f","Bub","Means","-","0.0","1",,"WR","New Orleans Saints",,
"b457335e-fe9e-4b12-bcd3-19e8f3060275","Cole","Turner","-","0.0","1",,"TE","Miami Dolphins",,
"b52bdc88-4fe7-4c06-8db9-ad54fd1648cb","Brian","Hoyer","-","0.0","1",,"QB",,,
"b569c7e3-7928-4c96-a92a-fbae5c9c82d1","Jelani","Woods","-","0.0","1",,"TE","New York Jets",,
"b6764ee7-f060-44ef-9ea5-85ed6ae789ac","Parris","Campbell","-","0.0","1",,"WR","Dallas Cowboys",,
"b67922cb-f9b7-478d-8a7c-1f4178b1567f","Marvin","Jones Jr.","-","0.0","1",,"WR",,,
"b6aa3b61-d2b7-4a17-bf1f-64752ab7cdee","Caden","Prieskorn","-","0.0","1",,"TE",,,
"b77f7106-cb8f-47bc-86a6-e1954cc83406","Cody","Thompson","-","0.0","1",,"WR",,,
"b789acfd-2596-48af-a65b-b7d784d17ec6","Jeff","Driskel","-","0.0","1",,"QB",,,
"b79dedcc-317f-4264-9981-50136ea5b238","Jaray","Jenkins","-","0.0","1",,"WR",,,
"b85ee74a-2a82-4fa8-8cf7-40c51c9bf182","Rakim","Jarrett","-","0.0","1",,"WR",,,
"b878fed1-f4b0-47cb-9a0f-430f04d39974","Michael","Strachan","-","0.0","1",,"WR",,,
"b8c4ed35-badf-4d10-a5cc-de15f44cbbff","Quentin","Skinner","-","0.0","1",,"WR","New York Jets",,
"b922921b-2bf2-4e36-bb29-b398b31ecfa6","Miller","Forristall","-","0.0","1",,"TE",,,
"b98daf19-798a-4258-9329-f0e3e3b044e8","Austin","Stogner","-","0.0","1",,"TE",,,
"b9cdcb50-976e-4672-9495-5c9131af1730","Chris","Conley","-","0.0","1",,"WR",,,
"b9f4a879-f284-4b8f-a631-16bb5bc0a093","Bailey","Zappe","-","0.0","1",,"QB","New York Jets",,
"ba6e5c83-f99c-4c18-8785-6cc5e33ebdf3","Jake","Fromm","-","0.0","1",,"QB",,,
"bad8a39d-b8aa-4d70-abf2-11cc83e761af","Eric","Tomlinson","-","0.0","1",,"TE",,,
"baf7f1eb-0aa8-4ece-a8ca-fdff1840bd9e","Ronnie","Bell","-","0.0","1",,"WR","New Orleans Saints",,
"bb7dc06c-a8d5-4c69-941d-fbc87586a619","Pete","Guerriero","-","0.0","1",,"RB",,,
"bb959d5c-628f-4997-a1b1-9404d4241452","River","Cracraft","-","0.0","1",,"WR",,,
"bbae9fc0-988f-40f1-9f53-536f07333121","Will","Dissly","-","0.0","1",,"TE",,,
"bc01bec5-6924-48a2-bf27-d052d3d2787b","Brandon","Johnson","-","0.0","1",,"WR","Pittsburgh Steelers",,
"bc0232f7-a519-436f-9adf-3bdbc644e8c3","Nick","Muse","-","0.0","1",,"TE",,,
"bc2e244e-181c-411d-af53-e98759a65dfd","Josh","Ali","-","0.0","1",,"WR",,,
"bc5a344a-300c-4514-9ed6-b2e392e11850","Jalen","Guyton","-","0.0","1",,"WR",,,
"bca97b91-62cd-4b6e-b689-40a0dfa4e06f","Jerjuan","Newton","-","0.0","1",,"WR",,,
"bcc4f05e-5635-4ec0-a9e7-f8a8bd5c8df2","Luke","Wysong","-","0.0","1",,"WR","Minnesota Vikings",,
"bccfbfb7-dd43-4446-89ab-62695e6609a4","Stevo","Klotz","-","0.0","1",,"TE",,,
"bd06e7cf-b038-4460-8b5f-cdc6a9804bf8","Juwann","Winfree","-","0.0","1",,"WR",,,
"bd21aef6-2c72-4f34-921f-6de853e1a58c","Logan","Woodside","-","0.0","1",,"QB",,,
"bd86209d-53f1-44a1-9ff8-b34c9ecc00c9","Mason","Kinsey","-","0.0","1",,"WR","Tennessee Titans",,
"bda66258-5cf3-4821-8600-e07c538cfd3f","Makai","Polk","-","0.0","1",,"WR",,,
"be03f652-21ce-4184-a482-bc8186b41872","Josh","Reynolds","-","0.0","1",,"WR",,,
"be474829-1027-405f-a8fc-f61ba344048a","Patrick","Herbert","-","0.0","1",,"TE","Jacksonville Jaguars",,
"beaf4df9-79ac-44b1-89c2-7c49d4023b5d","Ben","Mason","-","0.0","1",,"RB",,,
"bec0d95f-03da-4fd7-8cbc-37d57ed2f161","Payton","Thorne","-","0.0","1",,"QB",,,
"bee13d85-1cbf-4d43-8430-c6ba244f9ede","Abram","Smith","-","0.0","1",,"RB",,,
"bf08edb1-ae07-4c7b-9055-d8156f4f48ad","Nick","Boyle","-","0.0","1",,"TE",,,
"bf7a3c54-6b49-4a8d-aeed-e48c4b276ebc","Sean","Clifford","-","0.0","1",,"QB","Cincinnati Bengals",,
"bfb01ae3-22c3-4778-8fce-42c53990f3ed","Jordan","Hudson","-","0.0","1",,"WR","Dallas Cowboys",,
"bfeb43a8-8af9-41a3-af04-bca521d14a55","Royce","Freeman","-","0.0","1",,"RB",,,
"bff272a0-8a1f-4534-8767-57abd8754273","Luke","Stocker","-","0.0","1",,"TE",,,
"c073b692-acb3-4152-8130-722daccebd61","Michael","Pratt","-","0.0","1",,"QB",,,
"c127d220-ab50-402e-89e2-6518a49a5af7","Jason","Cabinda","-","0.0","1",,"RB",,,
"c1363976-59c1-4928-b92b-b66e9df7705e","Trey","Palmer","-","0.0","1",,"WR","New Orleans Saints",,
"c1990295-d8cf-434d-b5d1-adb0c24cb637","Devin","Leary","-","0.0","1",,"QB",,,
"c22b5614-6cbd-4fcc-8d55-2dbbf71ec47e","E.J.","Perry","-","0.0","1",,"QB",,,
"c25101ee-da64-450a-afca-87979ec51c0e","Dontay","Demus","-","0.0","1",,"WR",,,
"c27aa109-36f2-498a-a167-548de8159425","Zach","Davidson","-","0.0","1",,"TE",,,
"c2dff89d-9c9b-4882-84c6-35cb67cb5f61","Kelvin","Harmon","-","0.0","1",,"WR",,,
"c3a8d92f-5eb3-4409-92c1-4065c931bbf0","AJ","Dillon","-","0.0","1",,"RB","Carolina Panthers",,
"c3cd677b-2e0f-44f3-9006-e478f380e744","Austin","Watkins","-","0.0","1",,"WR",,,
"c50fa9d4-7282-41d2-9dc9-f64f5bb9304f","Frank","Darby","-","0.0","1",,"WR",,,
"c51495f3-5a88-479c-850b-7542a2370c33","Rodney","Smith","-","0.0","1",,"RB",,,
"c54dadc6-092f-4794-98cd-02fc9d54dcba","Troy","Hairston","-","0.0","1",,"RB",,,
"c56781a1-b615-49f1-b43c-939f75fd4a0d","Hendon","Hooker","-","0.0","1",,"QB","Tennessee Titans",,
"c60acfd0-4fc3-43a4-9d11-4ef31d1c3379","Drew","Plitt","-","0.0","1",,"QB",,,
"c667aa04-0b36-4b74-b522-3c3c3ae12fcd","Adam","Shaheen","-","0.0","1",,"TE",,,
"c673269d-ddd4-440b-9d7c-759904295424","La'Michael","Pettway","-","0.0","1",,"TE",,,
"c695e5a1-a92c-4a3e-b470-45531acea040","Daewood","Davis","-","0.0","1",,"WR",,,
"c6bcac45-b6b3-455c-8031-fe6a9f46f7d3","Britain","Covey","-","0.0","1",,"WR","Philadelphia Eagles",,
"c6fd5694-f11e-4ee6-bc9e-1b37c6452fb2","Cam","Miller","-","0.0","1",,"QB","Miami Dolphins",,
"c70f1ea5-4d1e-47d0-9970-432a95f484b5","Brennan","Presley","-","0.0","1",,"WR","Los Angeles Rams",,
"c73792ef-1dee-407e-8f2b-faf92fc044be","Rodney","Adams","-","0.0","1",,"WR",,,
"c773b30e-1ac0-4770-8116-d82565411da3","Dae'Quan","Wright","-","0.0","1",,"TE","Philadelphia Eagles",,
"c7780b21-9f13-4e94-a125-172f1fe266f4","Dontae","McMillan","-","0.0","1",,"RB","Baltimore Ravens",,
"c7bcc3a9-c555-44c9-b4c3-1e1e6749c6f7","Deontay","Burnett","-","0.0","1",,"WR",,,
"c7f1fcd8-671d-4308-8f53-b21117f76b40","Samson","Nacua","-","0.0","1",,"WR",,,
"c8932d56-d1c0-461b-97b4-ab72975c2baf","Mason","Fairchild","-","0.0","1",,"TE",,,
"c8e07494-1357-477b-a9a2-d911c00d5390","Bryce","Ford-Wheaton","-","0.0","1",,"WR",,,
"c91a2d0a-fde9-4d6c-aafe-68cde35a0273","Deon","Cain","-","0.0","1",,"WR",,,
"c94fa933-10c5-4028-901b-192415a61355","Lynn","Bowden","-","0.0","1",,"WR",,,
"c98a795d-12a3-4492-9df0-3b88ada76499","Desmond","Ridder","-","0.0","1",,"QB",,,
"c9edd1eb-bc0b-40b3-a7b8-95d0cf299a65","Larry","Rountree","-","0.0","1",,"RB",,,
"ca3c6c61-45ca-4393-8fc1-db1a48d8ad13","Dylan","Drummond","-","0.0","1",,"WR","Atlanta Falcons",,
"caa75470-405c-4e3d-8da7-f438b3cc4aaf","Dorian","Thompson-Robinson","-","0.0","1",,"QB",,,
"cad17878-7fb5-46cd-9c10-4c9a6e1185dd","Jason","Bean","-","0.0","1",,"QB",,,
"caf24603-6eaa-4267-b9e6-65668a187395","Hayden","Large","-","0.0","1",,"TE","Chicago Bears",,
"cb059d97-a078-46c9-b8b8-b961b13de46b","Andre","Baccellia","-","0.0","1",,"WR",,,
"cb1db5f5-e050-48c2-94bd-cbfc3f116f4a","Danny","Gray","-","0.0","1",,"WR","Philadelphia Eagles",,
"cb8feeb5-81d7-4c6e-932c-d8f651937d83","Greg","Bell","-","0.0","1",,"RB",,,
"cbd2d20a-580e-4075-bd5c-3c7a703f3913","N'Keal","Harry","-","0.0","1",,"TE",,,
"cc163899-cfee-4f6f-9ccf-83358ebe8e48","DeWayne","McBride","-","0.0","1",,"RB",,,
"cc2fb3ef-c1ea-4d27-a597-4c6d30fb60d3","Patrick","Taylor","-","0.0","1",,"RB","San Francisco 49ers",,
"cc8b8353-1fa8-4a15-8c26-9e0b1f7c50e1","Cooper","Rush","-","0.0","1",,"QB",,,
"cca4fff5-902e-4d06-85c3-01a8d130d170","Diontae","Johnson","-","0.0","1",,"WR",,,
"cd3d28d4-fd45-4db7-a0d2-deb61f23c0e3","Aaron","Shampklin","-","0.0","1",,"RB",,,
"cd58f672-40ae-4bcc-bafe-ae9d4a63b688","Amari","Rodgers","-","0.0","1",,"WR",,,
"cdbf3b9b-26df-4674-be20-40cf2d4dfe6d","Jabari","Small","-","0.0","1",,"RB","Detroit Lions",,
"cdd61dd6-0d56-4ada-8589-a1c67f51650e","Phillip","Brooks","-","0.0","1",,"WR",,,
"ce3856fb-2543-475b-ab4d-0fadb80c4d1d","Will","Grier","-","0.0","1",,"QB","Carolina Panthers",,
"cf387755-b442-46d8-aa49-c0b5b193af01","Alex","Bachman","-","0.0","1",,"WR",,,
"cf3f26b6-5d8a-41b9-b01d-2bbff7863f03","Alex","Erickson","-","0.0","1",,"WR",,,
"cfcf147d-1b0d-4345-90e7-82f992e0bad4","Will","Mallory","-","0.0","1",,"TE","Indianapolis Colts",,
"d09dd755-6db6-420f-8981-0bc3196783a4","Jacob","Eason","-","0.0","1",,"QB",,,
"d130768b-dbba-455d-a59b-874fe4aeb3d7","Hayden","Rucci","-","0.0","1",,"TE","San Francisco 49ers",,
"d14a2751-57cf-4422-b094-6afb882dd4a3","Duece","Watts","-","0.0","1",,"WR",,,
"d1d9f470-3419-41ed-8372-0957ba2cd12d","JaMycal","Hasty","-","0.0","1",,"RB",,,
"d2511e8f-40fb-4d7e-8aaa-1253ea841932","DeAngelo","Hardy","-","0.0","1",,"WR",,,
"d2561d2f-c04c-4bf5-bd0b-56db6df9b2d6","Anthony","Brown","-","0.0","1",,"QB",,,
"d32f3774-00cb-4a4d-9626-cc390560bdff","Eric","McAlister","-","0.0","1",,"WR",,,
"d39309a2-f6c6-44f4-a817-d93cfdb90220","Robert","Tonyan","-","0.0","1",,"TE",,,
"d4098cc7-3aec-442b-b46f-35dd5517c609","D.J.","Williams","-","0.0","1",,"RB",,,
"d40d9c85-3ba9-4c9e-b450-e42a27b8f8cb","Shane","Buechele","-","0.0","1",,"QB","Buffalo Bills",,
"d424ae47-c6b3-460f-8186-c35aa2abc043","Kahale","Warring","-","0.0","1",,"TE",,,
"d44154e1-9139-43db-b0fd-6ce19ecc72e5","Tulu","Griffin","-","0.0","1",,"WR",,,
"d4ca147e-8265-45e2-b21a-19d60a04839a","Israel","Abanikanda","-","0.0","1",,"RB","Dallas Cowboys",,
"d4d4a456-b90a-4f6f-8aa2-f039a5f7730e","Alex","Armah","-","0.0","1",,"RB",,,
"d657cc92-c527-4e41-8a31-ed353605ba12","John","Copenhaver","-","0.0","1",,"TE",,,
"d6738257-d918-4a0c-af28-a67376a4e618","Teagan","Quitoriano","-","0.0","1",,"TE","Arizona Cardinals",,
"d72c5226-88a2-4480-b8e6-1c21042a1334","Kobe","Prentice","-","0.0","1",,"WR","Carolina Panthers",,
"d734b07c-85cd-4205-8faa-3ac7f41200e5","Pharaoh","Brown","-","0.0","1",,"TE",,,
"d73ccd29-9030-4c8f-a460-9c52ac996a10","A.T.","Perry","-","0.0","1",,"WR","Pittsburgh Steelers",,
"d775db14-7440-4890-85e4-295506d8cee5","Caullin","Lacy","-","0.0","1",,"WR","New York Jets",,
"d77a7526-db04-4bec-a24d-043bfcfec4af","Coleman","Bennett","-","0.0","1",,"RB","Chicago Bears",,
"d7c89eae-30a1-4989-b181-b43898c68c34","Travis","Homer","-","0.0","1",,"RB","Pittsburgh Steelers",,
"d868d338-0589-4bd1-a9b2-d77e234ae36a","Breshad","Perriman","-","0.0","1",,"WR",,,
"d89ad081-f49f-4450-ae16-a33c39e60aae","Nick","Nash","-","0.0","1",,"WR","Washington Commanders",,
"d8ad7212-c846-40f9-977e-4d91f8d25274","D.J.","Montgomery","-","0.0","1",,"WR",,,
"d8cb6ce7-ad8f-4300-ba29-6fb6857a3a23","Jalen","Walthall","-","0.0","1",,"WR","Houston Texans",,
"d8dd1c48-0869-4391-8d81-7a3502405458","Kenny","Golladay","-","0.0","1",,"WR",,,
"d8f9a1aa-f13a-4eb2-856a-8d4a291f5937","Haynes","King","-","0.0","1",,"QB","Carolina Panthers",,
"d92154fc-6f49-4952-b537-5601bd76fca2","Robbie","Ouzts","-","0.0","1",,"RB","Seattle Seahawks",,
"d97d4dd0-60eb-4724-98f4-d715a358d98f","Princeton","Fant","-","0.0","1",,"TE","Dallas Cowboys",,
"d9a08a22-1236-439d-b56d-a76eaad100cb","Nathaniel","Peat","-","0.0","1",,"RB",,,
"d9bde456-dc34-490d-b3fc-c998ee2f45ef","Noah","Short","-","0.0","1",,"WR",,,
"dacb587c-a1c3-49fd-af95-00d64140ec94","Daniel","Sobkowicz","-","0.0","1",,"WR","Houston Texans",,
"db0bd4e8-b953-4113-bef6-42fdbe49600e","Rashod","Owens","-","0.0","1",,"WR",,,
"db10bcb4-c0ca-4539-8391-8264d45dd421","Jacolby","George","-","0.0","1",,"WR",,,
"db1ba030-fa15-45f5-a2c5-fdfd2addaeb3","Marlon","Mack","-","0.0","1",,"RB",,,
"db8b2b95-78ff-4c09-8cbf-06893118f5e5","James","Mitchell","-","0.0","1",,"TE","Carolina Panthers",,
"dc4594c1-635c-4551-b15d-b5703a797974","Dalton","Keene","-","0.0","1",,"TE",,,
"dc5e5c4e-abb5-4906-8ea4-d9ddbbd9518b","Tre","Stewart","-","0.0","1",,"RB",,,
"dcb5874d-ea44-41cb-8187-3a34309872b3","Tyree","Jackson","-","0.0","1",,"TE",,,
"dcbce266-e62d-429e-ba9d-822af2cbdec9","Clive","Walford","-","0.0","1",,"TE",,,
"dccb9d69-30ce-4f50-ae22-5b41b6d1438e","Mecole","Hardman Jr.","-","0.0","1",,"WR","Buffalo Bills",,
"dd964dbd-2051-49ef-b355-f40465af6bdf","Willie","Snead","-","0.0","1",,"WR",,,
"dda46e85-f06c-487a-94ff-59e831ce7230","Chris","Carson","-","0.0","1",,"RB",,,
"ddc59020-493c-41fd-a060-95cdf9e13b0d","Kwamie","Lassiter","-","0.0","1",,"WR",,,
"de32d5e4-0025-4dee-9cf3-2337f0ca9299","JP","Richardson","-","0.0","1",,"WR","Chicago Bears",,
"de39b768-cad0-4356-b0c8-fa6d19ed9de6","Darrell","Daniels","-","0.0","1",,"TE",,,
"de48625e-727c-4ef5-8e2d-bfd2b4244894","Sam","Ehlinger","-","0.0","1",,"QB","Denver Broncos",,
"de650538-7592-4f34-89ed-70a2788f0686","Michael","Woods","-","0.0","1",,"WR","Denver Broncos",,
"de692116-42e0-4189-b37f-04010af82d27","Ayir","Asante","-","0.0","1",,"WR",,,
"de87d83b-c868-4c1e-884a-9fe746f4423c","Malcolm","Brown","-","0.0","1",,"RB",,,
"dea0dfcd-f006-42e2-8b5c-9c8f9ceb5c75","Xavier","Gipson","-","0.0","1",,"WR","New York Giants",,
"deb44351-edcb-4b04-bb67-9435ccf0f4cf","Jacob","Copeland","-","0.0","1",,"WR",,,
"df174842-c5ea-4820-95e6-3f3d4d4ff9e2","Freddie","Swain","-","0.0","1",,"WR",,,
"df44a44b-4bbf-472a-b537-7dec9854c90a","Matt","Sokol","-","0.0","1",,"TE",,,
"df99965d-c692-44e3-a2db-7b573109d96d","Corey","Kiner","-","0.0","1",,"RB","Arizona Cardinals",,
"dff4c8cd-c6ff-4cb3-97a5-3a474fe06d65","Charlie","Jones","-","0.0","1",,"WR","Cincinnati Bengals",,
"e0292884-b7b9-47e7-8b5a-471fd08a0eff","Nate","Noel","-","0.0","1",,"RB",,,
"e0ee2deb-3fca-42b5-bc22-6c5a5d8a957f","Tom","Kennedy","-","0.0","1",,"WR","Detroit Lions",,
"e0fb3a2a-b9d4-4720-b1c2-913a1a53801e","Jalen","Camp","-","0.0","1",,"WR",,,
"e1b8f7b2-5711-46d4-8c13-5783e7de7ee8","Giovanni","Ricci","-","0.0","1",,"TE",,,
"e23d06a5-8856-4ea8-9c8d-b7d867fabb3a","Khalan","Laborn","-","0.0","1",,"RB",,,
"e26133bb-88bb-477b-9731-589152302470","Devon","Allen","-","0.0","1",,"WR",,,
"e2c506ce-3344-41c5-a9be-216b2ae2c9f0","Tayvion","Robinson","-","0.0","1",,"WR",,,
"e2d1582e-c6ec-4786-977d-318a9e19cc26","Alexander","Mattison","-","0.0","1",,"RB",,,
"e3980bd2-1da2-4c86-a2b4-4659826a0dbb","Corey","Davis","-","0.0","1",,"WR",,,
"e3bd5b94-e23f-4a49-82ac-66813335d1c8","Carsen","Ryan","-","0.0","1",,"TE","Cleveland Browns",,
"e4063f29-1d0d-4753-880c-c8f9bf5300a6","Phillip","Lindsay","-","0.0","1",,"RB",,,
"e498f90b-9f90-4876-aa44-44758c2674d5","Marcedes","Lewis","-","0.0","1",,"TE",,,
"e4e06fa4-366e-41fe-a67a-7a9b3c27b213","Dai'Jean","Dixon","-","0.0","1",,"WR",,,
"e57dafce-a41d-409d-a789-e8ef4fe640ce","Giles","Jackson","-","0.0","1",,"WR",,,
"e5c5f701-e7cb-4213-bdbf-b1cf04784a29","Marcus","Rosemy-Jacksaint","-","0.0","1",,"WR",,,
"e5d0dfc5-9d99-453b-aab9-f61de1400d04","Colton","Dowell","-","0.0","1",,"WR","San Francisco 49ers",,
"e6075a9d-0413-43cc-849d-e2b8781883c4","C.J.","Beathard","-","0.0","1",,"QB",,,
"e6ec9357-09ed-4e6d-a53c-105c8552c4e5","Michael","Burton","-","0.0","1",,"RB","Cleveland Browns",,
"e74af6e5-6ad6-46b9-a059-1b38a5e3bf56","Patrick","Ricard","-","0.0","1",,"RB","New York Giants",,
"e76c9e3a-0955-4774-95b8-66a303b60f57","Tejhaun","Palmer","-","0.0","1",,"WR","Arizona Cardinals",,
"e7bddde5-63bf-4831-93e1-142e941d0a9c","Anthony","Schwartz","-","0.0","1",,"WR",,,
"e80249b8-53d5-4bed-8066-89239f967f13","Cody","Schrader","-","0.0","1",,"RB","Denver Broncos",,
"e842c83b-4ff4-4f08-a9e1-56cbd74d8c4e","Jadon","Janke","-","0.0","1",,"WR",,,
"e85d5c6f-1045-465a-be9b-e4e4b7f8eb21","Zack","Moss","-","0.0","1",,"RB",,,
"e8923ccb-73f5-4521-8a29-c0d2266205a8","Trishton","Jackson","-","0.0","1",,"WR",,,
"e895366e-b432-4543-b74c-3b86132a7598","Kurtis","Rourke","-","0.0","1",,"QB","San Francisco 49ers",,
"e8db90ca-8e98-4c34-8b0a-8bf49aa1a554","Cedrick","Wilson","-","0.0","1",,"WR","Detroit Lions",,
"e97ec32d-d650-467d-96b6-6ebf9ff0c6e6","Wayne","Gallman","-","0.0","1",,"RB",,,
"e985b6de-7b9f-4506-add6-02add2402d25","Luis","Perez","-","0.0","1",,"QB",,,
"e9efeec3-0eb2-494c-8adb-c7acf391723b","Ahmani","Marshall","-","0.0","1",,"RB","Cleveland Browns",,
"e9f6149e-4068-4e5d-b1f1-65097f3346e0","Rashaad","Penny","-","0.0","1",,"RB",,,
"ea8744ac-f1a7-4fd7-8b47-5c7be2b2b0a7","Marcus","Yarns","-","0.0","1",,"RB",,,
"eaf2de6a-ac47-45fe-9745-58ba3afbe89a","Hank","Beatty","-","0.0","1",,"WR","Tennessee Titans",,
"eb7ef7a0-9eb5-457c-a95c-3952d9411571","Antoine","Green","-","0.0","1",,"WR",,,
"ebd9b05f-8045-42f0-8f4b-232ab5fa3a1d","Justin","Hall","-","0.0","1",,"WR",,,
"ebfc6105-3d99-434e-a038-531ded971133","Jaden","Shirden","-","0.0","1",,"RB",,,
"ecc484ef-a9e9-4c98-b5a4-64e1323f2870","Hayden","Hatten","-","0.0","1",,"WR",,,
"ecd9c810-6173-4f87-ada9-7f5cc5ebff11","Dominic","Lovett","-","0.0","1",,"WR","Detroit Lions",,
"ed169f45-26d2-4ca2-8b54-5b48bd7b46ac","Jamaal","Pritchett","-","0.0","1",,"WR","New York Jets",,
"ed24c3c7-0c18-4c1e-8408-a44a6c31eb95","Kendall","Blanton","-","0.0","1",,"TE",,,
"ed3aa28c-5eaa-46d2-9198-7e25b272e939","Andre","Roberts","-","0.0","1",,"WR",,,
"ed49d541-a079-485b-a24d-9de4ec56f542","Jesper","Horsted","-","0.0","1",,"TE",,,
"ed5a8dda-78c7-4c7d-ad87-5be6dd6fa5bf","DeAndre","Hopkins","-","0.0","1",,"WR",,,
"ed609240-1815-4541-a18a-d1c0e0eeeddd","Dallin","Holker","-","0.0","1",,"TE",,,
"ed7a15ef-e4dd-4868-b1f8-44edd657c19a","DeVante","Parker","-","0.0","1",,"WR",,,
"ed7f32ea-bcae-4ff1-b9a0-4713dd4f7402","Ryan","Miller","-","0.0","1",,"WR","New York Giants",,
"edea3b17-59e4-4af8-adad-720569d42706","Dante","Pettis","-","0.0","1",,"WR",,,
"ee042bb7-1122-47ba-8e62-b7bb7ca8935f","DeAndre","Washington","-","0.0","1",,"RB",,,
"ee0c9404-d0db-41e0-9b7b-40b65af2438a","Owen","Wright","-","0.0","1",,"RB",,,
"eed31c7e-ce37-468a-9ebb-059be056b7dd","Trinity","Benson","-","0.0","1",,"WR",,,
"eeff1789-b505-4787-bbe9-e6bf8cd6032e","Garrett","Nussmeier","-","0.0","1",,"QB","Kansas City Chiefs",,
"ef04044c-2f18-4f7e-9e32-5619f63ef94c","Ulysses","Bentley","-","0.0","1",,"RB","Indianapolis Colts",,
"ef1931db-b43b-4737-abbf-e38ad17e502a","Harrison","Wallace","-","0.0","1",,"WR","Arizona Cardinals",,
"ef7364e0-7cc4-409b-95fa-b6c4e842bf0e","Miles","Sanders","-","0.0","1",,"RB",,,
"ef7d3734-88a0-410a-a30e-31bc52004d9b","Mason","Pline","-","0.0","1",,"TE",,,
"ef84c14d-bbb5-484f-8387-28aba62d0a77","Keleki","Latu","-","0.0","1",,"TE","Buffalo Bills",,
"ef84c81b-1602-41de-bb39-27877d6d9d67","Quez","Watkins","-","0.0","1",,"WR","Philadelphia Eagles",,
"efb14e9c-9516-48b5-ad00-190a2e35373d","Kene","Nwangwu","-","0.0","1",,"RB","New York Jets",,
"f009a760-863d-4c69-8b49-b408de1e7ca7","Joe","Reed","-","0.0","1",,"WR",,,
"f00c77e1-0d08-41aa-8ec9-2a1cb962d871","Kellen","Mond","-","0.0","1",,"QB",,,
"f02df18b-f434-4c2c-91d2-8f234f160baa","Josiah","Deguara","-","0.0","1",,"TE",,,
"f059f879-932b-49df-ac92-97c4ef3fd62b","Quali","Conley","-","0.0","1",,"RB",,,
"f0b96038-630a-4faf-867d-d98385f2d3df","Roschon","Johnson","-","0.0","1",,"RB","Chicago Bears",,
"f0ed602f-2721-40f2-8051-00d519ee9175","Albert","Okwuegbunam","-","0.0","1",,"TE","Las Vegas Raiders",,
"f0efefaa-87fd-4397-a3c3-5ced35d6a218","Darrel","Williams","-","0.0","1",,"RB",,,
"f0f73596-03d2-47bb-b202-71d1979f4b71","Seth","Williams","-","0.0","1",,"WR",,,
"f10cdd8a-206a-49d5-8597-0da2e99f5211","Jack","Doyle","-","0.0","1",,"TE",,,
"f155d66e-3e0f-4147-97cf-1b67cc55823c","Jalon","Calhoun","-","0.0","1",,"WR",,,
"f16ef320-8b1a-41b3-b64d-eefd6dba31cd","Le'Veon","Moss","-","0.0","1",,"RB",,"OUT",
"f171ca6d-cdb1-497e-8162-49beaf7f16b6","Casey","Washington","-","0.0","1",,"WR","Atlanta Falcons",,
"f1a2338c-7289-4f32-a94a-968b824d0311","Damien","Harris","-","0.0","1",,"RB",,,
"f202fef8-4c23-4300-bddd-d10273ba6e42","Tyrie","Cleveland","-","0.0","1",,"WR",,,
"f21501b2-43a3-4fa8-b62b-8047d82dc631","Leroy","Watson","-","0.0","1",,"TE",,,
"f2a3c518-8ec6-4627-acd6-8204389537b7","Montorie","Foster","-","0.0","1",,"WR","Seattle Seahawks",,
"f32fb984-afdf-4703-a484-02f67b0ff7c3","Nathan","Rourke","-","0.0","1",,"QB",,,
"f3b20a46-e17a-4b54-b884-1d995aa7a443","Michael","Bandy","-","0.0","1",,"WR","Denver Broncos",,
"f3b98f04-45a6-4c64-8434-37f32725095a","Gabe","Davis","-","0.0","1",,"WR",,,
"f3e114e0-838a-46f0-8a2f-598a4627710b","Anthony","Firkser","-","0.0","1",,"TE",,,
"f3f31d3c-e1bb-40e6-8a2f-07a3d13fb64e","Brandon","Bolden","-","0.0","1",,"RB",,,
"f4019a60-f1d5-4ae2-b48c-ba06bdf28164","Malik","Cunningham","-","0.0","1",,"WR","Detroit Lions",,
"f44ac9a0-ec51-4ca9-b7c3-d76d65509314","Junior","Bergen","-","0.0","1",,"WR","San Francisco 49ers",,
"f497250d-2831-4566-9a18-7abb7cb80a37","Richie","James Jr.","-","0.0","1",,"WR",,,
"f4bd4add-b6b6-4808-8ca4-696c069a528a","Joey","Aguilar","-","0.0","1",,"QB","Jacksonville Jaguars",,
"f50bd4f2-a506-4456-90c6-def5cdf17d03","Ja'Corey","Brooks","-","0.0","1",,"WR","Washington Commanders",,
"f54a8a19-d0e0-4f18-91c1-9d4c1ad9c992","P.J.","Walker","-","0.0","1",,"QB",,,
"f5813bda-d6b9-4b0a-9a38-0c0eb42f6fa3","Davion","Davis","-","0.0","1",,"WR",,,
"f5bb6eea-47b2-4381-beb8-4a4c70f73a07","Alex","Bullock","-","0.0","1",,"WR",,"OUT",
"f5c5a020-1f2a-4118-8330-58e8ac065e22","Corey","Clement","-","0.0","1",,"RB",,,
"f62c94e4-5607-4933-8a6c-0505e0e7f66c","Sam","Hartman","-","0.0","1",,"QB","Washington Commanders",,
"f6c4000a-e47b-411e-8b5c-c6f3d8d66ca5","Chip","Trayanum","-","0.0","1",,"RB","New York Jets",,
"f6cbe570-dd5b-4435-9638-2249d68f29b0","Malcolm","Perry","-","0.0","1",,"WR",,,
"f6cca9d4-1c19-48ae-879f-b890a769da25","Jalin","Hyatt","-","0.0","1",,"WR","New York Giants",,
"f6f2ff37-e34b-4b7e-ad8e-75044ee0fcd7","Mark","Redman","-","0.0","1",,"TE","Los Angeles Rams",,
"f752b5d2-9202-437a-8bd5-0b92e6042511","Spencer","Brown","-","0.0","1",,"RB",,,
"f7697fea-c554-4a53-9b90-9b85efb00f1d","Kevin","Harris","-","0.0","1",,"RB",,,
"f8446208-2716-4d65-a077-d06cc29bf941","Lewis","Bond","-","0.0","1",,"WR","Houston Texans",,
"f844ddff-c921-4bfa-91ff-5d7b6cc9548e","Collin","Johnson","-","0.0","1",,"WR",,,
"f8d9cff5-d07b-4f63-b2bd-61e540605de5","Pierre","Strong Jr.","-","0.0","1",,"RB","Green Bay Packers",,
"f904472c-66ac-4915-b7d8-f7b3aae926e9","Tyler","Kroft","-","0.0","1",,"TE",,,
"f9b85e0e-0dbb-4ba4-ae1b-857d1e1c551b","Johnny","Johnson","-","0.0","1",,"WR",,,
"f9caf3e1-e7ee-49a2-a0fa-9db8b341a212","Tre'Quan","Smith","-","0.0","1",,"WR",,,
"f9ce8251-3198-4486-bc5f-e5ca2351c735","Jacques","Patrick","-","0.0","1",,"RB",,,
"f9e72f0f-b80b-401a-a494-9667e8765fed","Tanner","Conner","-","0.0","1",,"TE","New York Giants",,
"fa209a91-8707-4921-866c-d2699b344739","Quintez","Cephus","-","0.0","1",,"WR",,,
"fa40885d-d52c-494f-9b37-d41f0e27f9f3","Josh","Pederson","-","0.0","1",,"TE",,,
"fad8dafa-0570-4df4-b36c-66f810e1d0c5","Austin","Allen","-","0.0","1",,"TE",,,
"fadf262d-c54f-47fc-8be2-68ada724efe8","Trey","Knox","-","0.0","1",,"TE",,,
"faf8c1c3-8885-45f5-bf98-a4106f049159","Kenny","Yeboah","-","0.0","1",,"TE",,,
"fb0698b6-da6c-4b55-a34e-dfa14a10660a","Jordan","Murray","-","0.0","1",,"TE",,,
"fb11cebe-8b2f-4cb7-b632-151a6e0cef81","Landon","Parker","-","0.0","1",,"WR",,,
"fb479613-a03a-445c-8ae3-b742ae75320e","Brycen","Hopkins","-","0.0","1",,"TE",,,
"fbe2afee-f883-411d-bd79-a2c852fec66b","Tommy","Sweeney","-","0.0","1",,"TE",,,
"fc5e5b90-eb00-4cb8-89d2-b7f99776d64a","Zach","Ertz","-","0.0","1",,"TE",,,
"fc976041-b254-40d3-8350-5bdad582ccd4","Stephen","Sullivan","-","0.0","1",,"TE",,,
"fd079987-78cc-46c4-9434-5e65f3cf9257","Jaren","Hall","-","0.0","1",,"QB",,,
"fda84b50-9a55-451d-af48-22d65fb8f1e1","Rashard","Higgins","-","0.0","1",,"WR",,,
"fe3f10db-3355-4d66-ad53-fa9c28bbb910","Chris","Herndon","-","0.0","1",,"TE",,,
"fe3f9e37-7e68-4194-b975-a5c51ea2ba87","Tyler","Davis","-","0.0","1",,"TE",,,
"fe6d0710-0e2f-4add-af99-198e061ce383","Mason","Tipton","-","0.0","1",,"WR","New Orleans Saints",,
"fe99597d-23d9-4cfc-8336-1927554106c5","Tim","Boyle","-","0.0","1",,"QB",,,
"feded9a8-4b19-4f12-902d-c2a59549e3f3","Will","Sheppard","-","0.0","1",,"WR","Green Bay Packers",,
"ff50affc-6fc0-4b08-9f6e-86acff8b6c0c","Jamaal","Williams","-","0.0","1",,"RB",,,
"0039503d-8b59-4e4c-bc8c-46036d5bdb91","Brady","Boyd","-","0.0","1",,"WR","Jacksonville Jaguars",,
"ff9aaae4-c607-4e0c-b33f-359ec0499e92","Mohamed","Ibrahim","-","0.0","1",,"RB",,,
"0084881c-742a-4407-9bdf-df080fafd5db","Trey","Sermon","-","0.0","1",,"RB",,,
"00e4c226-f1e8-4128-bea9-7084b94fcfee","Chase","Cota","-","0.0","1",,"WR",,,
"013777e2-83df-4180-97af-ad7a5b2b1482","Tanner","Taula","-","0.0","1",,"TE",,,
"01849115-7f29-40ac-855e-1ce7e28842d1","Dede","Westbrook","-","0.0","1",,"WR",,,
"01dd62f3-979b-496f-921e-4acab0804ad6","Jody","Fortson","-","0.0","1",,"TE",,,
"0223b406-4b49-4228-b775-c6d3a383f384","Khalil","Herbert","-","0.0","1",,"RB",,,
"0267bb38-cd59-4f43-ab16-92e052f465d9","Lorenzo","Lingard","-","0.0","1",,"RB",,,
"0272dfbd-4653-4287-8446-1b8fb23bb011","Lawrence","Cager","-","0.0","1",,"TE","Washington Commanders",,
"02c52d74-57c0-48b8-a726-58216d7cc078","KhaDarel","Hodge","-","0.0","1",,"WR",,,
"02cf8ab4-c71c-496d-b6eb-e6a5276fa8b5","Phillip","Dorsett","-","0.0","1",,"WR","Las Vegas Raiders",,
"03046913-57d0-403e-9d6f-88937dbe0cd9","Deon","Jackson","-","0.0","1",,"RB",,,
"0343baab-e18c-4629-a30f-feb61fc8cd6e","Equanimeous","St. Brown","-","0.0","1",,"WR",,,
"039c5e8f-dd21-4d7c-86dc-494ae246d45c","Trevon","Wesco","-","0.0","1",,"TE",,,
"04261080-797b-4f3e-a853-4e6ef1de8e50","Keelan","Doss","-","0.0","1",,"WR",,,
"0444107f-0d23-4efc-b3cf-132bee805987","Ke'Shawn","Vaughn","-","0.0","1",,"RB",,,
"04b0b875-2a12-462f-b1b6-a9b43ff5b87f","Robbie","Chosen","-","0.0","1",,"WR",,,
"04bcbec0-ff00-4d5b-b40f-3cf822fc9a76","TJ","Harden","-","0.0","1",,"RB","Cleveland Browns",,
"04c5a0f5-3c6a-4e67-9ca0-70e98ba9d933","Jake","Haener","-","0.0","1",,"QB",,,
"0501d0e9-acb2-4f5b-a596-e7cb1b1e06d9","Isaac","Rex","-","0.0","1",,"TE",,,
"05164c53-c043-475b-85ad-370247a7e92c","Tarik","Cohen","-","0.0","1",,"RB",,,
"0599541e-5df3-423d-b908-2ba4f90d29c8","Jerand","Bradley","-","0.0","1",,"TE","Los Angeles Chargers",,
"059c2f7e-a540-4ff0-9a79-bf3981dd5b2c","Jamoi","Mayes","-","0.0","1",,"WR",,,
"05e4d457-161f-4345-8834-a5391f13d4c6","Wesley","Grimes","-","0.0","1",,"WR","San Francisco 49ers",,
"067558bf-231f-42df-bbbc-9231e9648f81","Luke","Lachey","-","0.0","1",,"TE",,,
"06a0630a-cc79-497d-b8e5-9a33a514c905","Denzel","Mims","-","0.0","1",,"WR",,,
"07050f02-f0dd-4f82-9c26-8fc31d9e829e","Jakob","Johnson","-","0.0","1",,"RB",,,
"070ed921-b6f4-4f0c-aedf-713d1133abb5","Graham","Mertz","-","0.0","1",,"QB","Houston Texans",,
"071c78d1-44e2-438f-98e0-2577787e5a32","Logan","Thomas","-","0.0","1",,"TE",,,
"07205e48-3d5f-42ac-b468-61332c848aba","Brady","Russell","-","0.0","1",,"RB","Seattle Seahawks",,
"07686ff8-0d09-4e23-b0a4-5398ca4a4044","Elijah","Mitchell","-","0.0","1",,"RB",,,
"07f47a0b-c720-408d-9cdd-a84f744e660e","Carlos","Washington","-","0.0","1",,"RB","Miami Dolphins",,
"08435cfe-ffe7-4e24-9f21-36165be021a3","Tanner","Morgan","-","0.0","1",,"QB",,,
"086abdf4-7538-4804-9916-9e4c665e5fbf","Brandon","Allen","-","0.0","1",,"QB","New York Giants",,
"08dcc368-7cdf-4a81-ba55-57a46ba00684","Kearis","Jackson","-","0.0","1",,"WR",,,
"0948cee1-c3c8-4e05-9306-5f8b7378905b","Jaelon","Darden","-","0.0","1",,"WR",,,
"095a9684-8c1e-43cc-9a1a-2de34be1e558","La'Mical","Perine","-","0.0","1",,"RB",,,
"09afd3cd-4fc4-48d2-9f85-5f7a93dff31c","Keith","Kirkwood","-","0.0","1",,"WR",,,
"09e4deb4-3f13-455f-b77e-a2ba83c582ee","Jason","Huntley","-","0.0","1",,"RB",,,
"09fa38ed-bec2-4a38-b098-8d5e83024459","Alfonzo","Graham","-","0.0","1",,"RB",,,
"0a1b2a3d-2218-4334-8876-a875fbcb0f46","J. Michael","Sturdivant","-","0.0","1",,"WR","Green Bay Packers",,
"0a2f9bf9-b508-4e81-8123-f775cc43ef01","James","Washington","-","0.0","1",,"WR",,,
"0a4a4435-d403-45a2-8df3-a2d425412f66","Cam","Sims","-","0.0","1",,"WR",,,
"0a4c316e-760e-4d18-a465-3220cee7a049","Jake","Funk","-","0.0","1",,"RB",,,
"0a87312c-8632-47c1-bd95-8b0d4e7874d2","Jalen","Wayne","-","0.0","1",,"WR",,,
"0a9bd103-5262-4e52-b0ce-e5b049edad6e","Reggie","Gilliam","-","0.0","1",,"RB","New England Patriots",,
"0ac441a7-967e-4d91-8f14-2b6bb6d78230","C.J.","Uzomah","-","0.0","1",,"TE",,,
"0ae67592-8968-462a-a657-6cdc1e35f243","Johnny","Mundt","-","0.0","1",,"TE","Philadelphia Eagles",,
"0b0d0d73-c861-4742-be92-5c6b409bef0b","Marquez","Callaway","-","0.0","1",,"WR",,,
"0b4ef40b-99d3-4ac8-899c-baac5972a1b6","Jonathan","Mingo","-","0.0","1",,"WR","Dallas Cowboys",,
"0c085a23-17e2-4459-9cb8-d4e8f80b999d","Octavion","Smith Jr.","-","0.0","1",,"WR",,,
"0c58b337-08be-4fb1-8770-c403bad92809","Justyn","Ross","-","0.0","1",,"WR",,,
"0c90dfa1-819b-4767-8657-446e5ec2e0e2","Jase","McClellan","-","0.0","1",,"RB",,,
"0c964192-7185-4e69-8322-40917b50995f","Josh","Kelly","-","0.0","1",,"WR","Houston Texans",,
"0ce7ac2f-4b0b-479b-a3bc-2d7756982e5b","Hunter","Long","-","0.0","1",,"TE","Jacksonville Jaguars",,
"0d04b266-26e1-4647-bd0a-cec2a15da7d5","Jacob","Saylors","-","0.0","1",,"RB","Detroit Lions",,
"0d2dfdbd-a964-4d14-a8be-9ae1c7bc6d54","Benny","Snell","-","0.0","1",,"RB",,,
"0d95750d-44a8-42d0-8399-5b9c49a1cf92","Jarvis","Landry","-","0.0","1",,"WR",,,
"0daafc11-7484-45e3-8651-efc91716af90","Easton","Stick","-","0.0","1",,"QB",,,
"0db711d0-8e8b-4077-aa62-baee5ca313f9","O.J.","Howard","-","0.0","1",,"TE",,,
"0dde690b-a978-41bb-bc46-881f74c70687","E.J.","Jenkins","-","0.0","1",,"TE","Philadelphia Eagles",,
"0e814609-0960-4adc-875a-8dc015687507","C.J.","Ham","-","0.0","1",,"RB",,,
"0f4c5891-9cda-48b6-8b69-9bed873900b0","Elijah","Cooks","-","0.0","1",,"WR",,,
"0f592cc6-3964-4aa7-b2ed-19c7d72a857a","David","Bell","-","0.0","1",,"WR",,,
"0f70638f-b14e-4f0c-88d3-b91ad513dd99","KJ","Hamler","-","0.0","1",,"WR",,,
"0fdc2fc5-26df-4b9f-bbb2-6a5d73e0ddd5","Jeshaun","Jones","-","0.0","1",,"WR","Minnesota Vikings",,
"1010f837-b6c2-4a3b-8a0a-7c12d48c6f79","Mike","Williams","-","0.0","1",,"WR",,,
"10225607-a620-45f3-9a27-67b988085731","Kole","Taylor","-","0.0","1",,"TE",,,
"102aa5ce-cdc3-4fc6-a649-6619ccad3e27","Jalon","Daniels","-","0.0","1",,"QB","Tampa Bay Buccaneers",,
"1039205f-c49b-4d13-b29a-34d0c5a75b01","Irvin","Charles","-","0.0","1",,"WR","New York Jets",,
"10c0a170-fe05-4f73-9afa-f5c9f7ab1c32","Armani","Rogers","-","0.0","1",,"TE",,,
"10e2a452-3059-40cc-8d8b-87fa1e7578bb","Hal","Presley","-","0.0","1",,"WR",,,
"10eb7544-6c04-46f6-9931-40e7ab61a4cb","CJ","Dippre","-","0.0","1",,"TE","New England Patriots",,
"110078dd-3230-4f9d-9f8b-ba5033611b8f","Hayden","Hurst","-","0.0","1",,"TE",,,
"11032d3c-41fc-45d4-98b8-9825f50e29a4","Nelson","Agholor","-","0.0","1",,"WR",,,
"11c3a72f-26fa-4710-bf8a-608b2aad79b1","Melvin","Gordon III","-","0.0","1",,"RB",,,
"127cf78f-e28d-490a-8cee-d2d3ec364fb1","Dallen","Bentley","-","0.0","1",,"TE","Denver Broncos",,
"12a8f16d-2e66-4d87-a0ca-87f9f6e575c1","Jordan","Waters","-","0.0","1",,"RB","Los Angeles Rams",,
"12c33f82-83a6-4dfc-91f9-308e42db2947","Sawyer","Robertson","-","0.0","1",,"QB",,,
"12e44d07-99b0-4854-9233-21eff7b278a8","Chris","Moore","-","0.0","1",,"WR",,,
"12f179a7-6699-44b9-a616-9955fc44b4f0","Sammis","Reyes","-","0.0","1",,"TE",,,
"132e6874-27e7-4b3a-8f66-314044d1ce2c","Alex","McGough","-","0.0","1",,"WR",,,
"13d77e13-38ef-4f32-bfa2-5cd75c66e00c","Pooka","Williams","-","0.0","1",,"WR",,,
"13f0d545-a351-4a64-8f33-329811226371","Clyde","Edwards-Helaire","-","0.0","1",,"RB",,,
"13f2e6b6-8dba-43c2-992f-73e5f8a32de2","Mathew","Sexton","-","0.0","1",,"WR",,,
"1490ded1-9b99-46e0-bc23-7c3c70ca715b","Mel","Brown","-","0.0","1",,"RB",,,
"14cb7682-e639-4e1b-9691-dedb29d90995","Jakeem","Grant","-","0.0","1",,"WR",,,
"14f42659-382d-4540-8c46-1ff53dabcd26","Nick","Vannett","-","0.0","1",,"TE",,,
"15ade0fc-7a14-4f8f-8f5c-fe512635a284","Brady","Cook","-","0.0","1",,"QB","New York Jets",,
"15be0348-1ad8-41f7-a259-abcf397cdd86","Bernhard","Seikovits","-","0.0","1",,"TE",,,
"1679ce59-59c0-4bfb-96d3-2d20f75cc22a","Deshaun","Fenwick","-","0.0","1",,"RB",,,
"16bf3e6b-fcdb-474d-aab1-1c31a6d37cd9","Ethan","Garbers","-","0.0","1",,"QB",,,
"175f0356-9c81-4da0-bbd3-5492d8529a1b","Quentin","Moore","-","0.0","1",,"TE","Washington Commanders",,
"177655a5-951d-4b29-9a11-25133e4d910c","Blake","Bell","-","0.0","1",,"TE",,,
"17936339-a33e-4d59-be51-470187bbcd26","Sam","Scott","-","0.0","1",,"RB","New York Jets",,
"17f5a3a6-2b7d-4e5e-9a7c-62388864276a","John Samuel","Shenker","-","0.0","1",,"TE",,,
"1800e9e4-4f36-45e3-9155-68e7cc4c5162","Joseph","Ngata","-","0.0","1",,"WR",,,
"1808de5b-03ae-458d-8aa5-f34f46dea036","Terrace","Marshall Jr.","-","0.0","1",,"WR","Miami Dolphins",,
"1835da30-6f24-4b54-b349-2ab3f069969b","Deneric","Prince","-","0.0","1",,"RB",,,
"18755a74-1b35-49f2-8562-eb821bc5272f","Ryan","Tannehill","-","0.0","1",,"QB",,,
"188d965f-ad3c-420d-befa-e8f6a70879ca","Griffin","Hebert","-","0.0","1",,"WR",,,
"188fd8cb-698b-4e54-9276-898dae585cac","Jesse","James","-","0.0","1",,"TE",,,
"18abb79c-f4c7-4b47-9f7b-37d79792fc39","Rahsul","Faison","-","0.0","1",,"RB",,,
"18f13155-2ed0-484f-a260-e342424305c3","Myles","Gaskin","-","0.0","1",,"RB",,,
"19e0ae1e-8595-4f72-b8ac-508e8500387e","Do not ","draft","-","0.0","1",,"RB",,,
"19e750ec-260e-4d16-97af-ad29587acab9","Josh","Williams","-","0.0","1",,"RB","Tampa Bay Buccaneers",,
"1a26759d-0a89-4588-b01d-ee55537fc085","Patrick","Laird","-","0.0","1",,"RB",,,
"1ad967cc-4cc1-4d66-8a4d-9f104d1380b3","Eric","Gray","-","0.0","1",,"RB","New York Giants",,
"1b557838-ddf1-4ce9-b333-d601d1302b7c","Deven","Thompkins","-","0.0","1",,"WR",,,
"1bba32fb-9fe1-49f5-8b37-a4768cfcbad0","K.J.","Osborn","-","0.0","1",,"WR","Tennessee Titans",,
"1bd86b2d-74e7-4326-a480-86ccc78191d8","Jermar","Jefferson","-","0.0","1",,"RB",,,
"1cc39d06-e983-4738-aa72-6853db0ac83d","Davon","Booth","-","0.0","1",,"RB","Cleveland Browns",,
"1ce78d99-6633-4cdf-9ddc-212498eb6fd6","Ricky","Seals-Jones","-","0.0","1",,"TE",,,
"1cfed67a-6a3a-4ae2-bb12-1da9245d968e","Andrew","Beck","-","0.0","1",,"RB","New York Jets",,
"1dc233e9-6d52-4315-b110-4f9143c04805","Cole","Fotheringham","-","0.0","1",,"TE",,,
"1eb72917-a415-4acc-a97e-8bf30a7c045d","Anthony","Tyus","-","0.0","1",,"RB","Carolina Panthers",,
"1f4802c0-c587-4372-b254-c22d9cb83d74","DJ","Rogers","-","0.0","1",,"TE","Dallas Cowboys",,
"1f8eafd0-fd4d-4b0b-aa19-cda31716c9f9","Will","Pauling","-","0.0","1",,"WR","San Francisco 49ers",,
"1f96a64c-c665-4cdb-acd3-25e159490d70","Aidan","O'Connell","-","0.0","1",,"QB","Las Vegas Raiders",,
"1fe54429-5c3d-472b-a65a-09cb9cc9b607","Sean","Brown","-","0.0","1",,"WR",,,
"2041f96d-5be9-4ec3-8bce-29b5ef73d0bf","Je'Quan","Burton","-","0.0","1",,"WR",,,
"206c1162-cdb8-4d19-b551-12ca8a841f63","Noah","Cain","-","0.0","1",,"RB",,,
"20d0f106-9056-435e-b075-9ca5e5f6b367","Isaiah","Spiller","-","0.0","1",,"RB",,,
"20e8bdee-b765-4610-8027-61d9812e0edf","David","Blough","-","0.0","1",,"QB",,,
"20ecf2ba-13f9-4a79-ae41-b4ba487ccd65","Easop","Winston","-","0.0","1",,"WR",,,
"2118f808-0c12-4faa-8631-044052decb15","Curtis","Hodges","-","0.0","1",,"TE",,,
"21746fe2-8858-46c3-9ef4-d4ac91b23961","Dominique","Dafney","-","0.0","1",,"TE",,,
"21a8119b-4169-40ef-941b-0cb9781af72e","Carter","Bradley","-","0.0","1",,"QB","Jacksonville Jaguars",,
"221e100b-9620-484e-8ad3-70f97a4a9122","Khalil","Dinkins","-","0.0","1",,"TE","San Francisco 49ers",,
"224f114f-835e-4c48-b8c5-454066f2b920","Adam","Prentice","-","0.0","1",,"RB","Denver Broncos",,
"229dd779-2823-43f6-9b1a-820dad9a7bb9","Tyrone","Broden","-","0.0","1",,"WR","Seattle Seahawks",,
"232975e2-de36-4703-bf9e-4883b08fd324","Keilan","Robinson","-","0.0","1",,"RB",,,
"232c2fed-ae70-479b-b44b-6f473a90edab","Cam","Akers","-","0.0","1",,"RB",,,
"238492f8-d7a5-43cf-8102-91a234ebc6ee","Jaheim","Bell","-","0.0","1",,"TE","Pittsburgh Steelers",,
"248df63a-a2f6-4377-91a6-35a50dfabb60","Taiwan","Jones","-","0.0","1",,"RB",,,
"24f0dce0-b50a-4939-a5a5-ce31f79fc68e","Maurice","Alexander","-","0.0","1",,"WR","Chicago Bears",,
"24fa8e74-41bf-476e-8f88-eb62f9df159c","Cole","Hardy","-","0.0","1",,"TE",,,
"2523f5bd-15ee-43df-8405-5faab7fb72ce","Ben","Sims","-","0.0","1",,"TE","Miami Dolphins",,
"25295205-0f30-4f52-a691-c0433a772fec","Jalen","Reagor","-","0.0","1",,"WR",,,
"259782ba-08c0-49e9-ab95-08f80a0a4ab3","Bryson","Nesbit","-","0.0","1",,"TE","Minnesota Vikings",,
"25e5fc5c-4742-42ac-b488-76ecc1ad0f33","Kevin","Rader","-","0.0","1",,"TE",,,
"265f1441-d374-45c8-8ebb-432e1604506c","MyCole","Pruitt","-","0.0","1",,"TE",,,
"26f41ec4-7af6-4f1f-b322-c6e2e2ae6c7f","Jordan","Wilkins","-","0.0","1",,"RB",,,
"26fda9b1-b021-4939-98ce-11cc1af1d729","Laviska","Shenault Jr.","-","0.0","1",,"WR",,,
"2751f3c3-a3d2-435d-af23-1565fe39d50f","Robert","Burns","-","0.0","1",,"RB",,,
"27afc503-eabd-4627-a856-73c3473b83e6","Penny","Hart","-","0.0","1",,"WR",,,
"27d9836e-bbf0-4c71-ab3c-67b7cbf42096","Tay","Martin","-","0.0","1",,"WR",,,
"28882ebd-8057-4263-80a6-178da0a133fb","Messiah","Swinson","-","0.0","1",,"TE","Green Bay Packers",,
"28c7f883-8bdf-4725-9342-0e273670d6ae","Lee","Smith","-","0.0","1",,"TE",,,
"28ffacd3-47fb-492e-a4fe-0fcfdf74e7fe","Nathan","Peterman","-","0.0","1",,"QB",,,
"29580a92-75c5-4c9b-8412-bab6d4bfcbdf","Simi","Fehoko","-","0.0","1",,"WR","Arizona Cardinals",,
"29a33d41-6c3e-4a6a-8245-f69b23d39e53","Michael","Gallup","-","0.0","1",,"WR",,,
"29f5df0e-60ab-4776-9d5e-58d2509403c8","Braylon","Sanders","-","0.0","1",,"WR",,,
"2a17f80b-4626-4f20-938f-f957975bc8e5","Matt","Landers","-","0.0","1",,"WR",,,
"2a4d21d5-ca71-4e77-b3d8-9e9a139dce7e","DeCarlos","Nicholson","-","0.0","1",,"RB","Cleveland Browns",,
"2a4ded28-bde2-4f70-a996-62658ae00955","Khari","Blasingame","-","0.0","1",,"RB",,,
"2afbbba4-c150-4ad1-999f-63c27b99185b","AJ","McCarron","-","0.0","1",,"QB",,,
"2b54cc45-6974-4560-8ff6-cf8019b3c34b","Gerald","Everett","-","0.0","1",,"TE",,,
"2b9914e3-a82d-45e1-8d45-5c50820c0575","Mitch","Tinsley","-","0.0","1",,"WR","Cincinnati Bengals",,
"2bfc0e88-63b0-45a8-83a5-0c461e75f19f","Damiere","Byrd","-","0.0","1",,"WR",,,
"2c3dfc47-9f93-48f6-8cde-bda7c64b1b40","Sam","Pitz","-","0.0","1",,"TE",,,
"2c995ffa-684e-4504-91a6-f5cc776641cb","Jacob","Hollister","-","0.0","1",,"TE",,,
"2cc02e80-bafd-47ef-baca-4ed7bbaeb556","Dontae","Fleming","-","0.0","1",,"WR","Minnesota Vikings",,
"2e624611-7eba-497c-93ab-4fad5ea95efe","Avery","Williams","-","0.0","1",,"RB",,,
"2e7dcbdb-7a2b-4687-8667-dbb10f8ab409","Miles","Boykin","-","0.0","1",,"WR",,,
"2e83d443-3486-4aad-8973-5cc72dc059b4","Justin","Watson","-","0.0","1",,"WR","Houston Texans",,
"2e945207-31eb-4a46-a695-e8683be2821d","Chase","Curtis","-","0.0","1",,"TE","New York Jets",,
"2ec76819-6b14-445c-8359-185c4cbbfb71","Anthony","Miller","-","0.0","1",,"WR",,,
"2ec7defa-7b49-41de-a049-74d8dd693076","Brenden","Rice","-","0.0","1",,"WR","Green Bay Packers",,
"2eed57f3-0ebd-4214-9496-30297daf199e","Darrynton","Evans","-","0.0","1",,"RB",,,
"2f004ee1-0490-46f3-ad23-1c90f481669a","Brittain","Brown","-","0.0","1",,"RB","Chicago Bears",,
"2f47dd8c-20d3-4834-ae9b-d04bcbfd9a55","Max","Duggan","-","0.0","1",,"QB",,,
"2f9da453-3cc9-496d-a5f0-66805ad14aae","Zach","Gentry","-","0.0","1",,"TE",,,
"2fce455e-d496-4606-adfc-1831009fbf26","Jordan","Matthews","-","0.0","1",,"TE",,,
"2fe30b9d-0177-4ec7-a09e-92b878f0fe24","Dez","Fitzpatrick","-","0.0","1",,"WR",,,
"2ffe7856-3e95-4b29-a3f2-ae9f2617bbff","Dalvin","Cook","-","0.0","1",,"RB",,,
"312f89eb-a722-4c53-bed4-519ed40d830d","Ainias","Smith","-","0.0","1",,"WR","Carolina Panthers",,
"31382398-26d0-4daf-b9e1-2e3d691eaa3a","Kendall","Milton","-","0.0","1",,"RB","Cincinnati Bengals",,
"3146cd06-9bd1-48f1-aa0e-ab60116d4a86","Lucky","Jackson","-","0.0","1",,"WR",,,
"3148a50f-0f9c-49d3-97f2-4d979c0dd23a","Miller","Moss","-","0.0","1",,"QB","Chicago Bears",,
"316f8894-ba5c-4302-9041-604065c62175","Erik","Ezukanma","-","0.0","1",,"WR",,,
"32b40334-a7a5-40ea-88bb-3bac1a3ee561","Dennis","Houston","-","0.0","1",,"WR","Tampa Bay Buccaneers",,
"32b49119-a44e-4e89-8cb7-9ce3ee41093f","Chris","Myarick","-","0.0","1",,"TE",,,
"330b77a0-2933-4e27-9a2b-81b6bbcb6995","Ross","Dwelley","-","0.0","1",,"TE",,,
"33a64147-726c-4236-9fe9-68b54793e5ba","Mike","White","-","0.0","1",,"QB",,,
"33cd5e9e-70e0-48a3-b253-da152b32ef4f","Zay","Jones","-","0.0","1",,"WR",,,
"3404b39f-7619-4cac-bf52-b3ddda65bf89","Velus","Jones Jr.","-","0.0","1",,"RB","Seattle Seahawks",,
"34187f09-464e-43e8-be9d-8d9278d531b3","Rivaldo","Fairweather","-","0.0","1",,"TE","Arizona Cardinals",,
"34941bf0-ed24-4c89-b4d2-153dbb35d169","Steven","Sims","-","0.0","1",,"WR",,,
"34eecd38-c427-44e7-aba5-16078f93573b","Vinny","Anthony","-","0.0","1",,"WR","Atlanta Falcons",,
"352964fc-5aaf-4cc5-96db-07625c1ce943","Reid","Sinnett","-","0.0","1",,"QB",,,
"35429c48-2bac-4fa6-82d5-9ac7057b243a","John","Wolford","-","0.0","1",,"QB",,,
"35f702b5-50e9-4107-9ae8-76e7f9272311","Brenden","Bates","-","0.0","1",,"TE","Cleveland Browns",,
"3616bad0-924c-4237-8a97-e7659f261929","Emmanuel","Henderson","-","0.0","1",,"WR","Seattle Seahawks",,
"367d8fe0-80ea-48f1-b7b0-956349cdf1f2","Trace","McSorley","-","0.0","1",,"QB",,,
"3696f4fc-d52b-47e5-aa73-ae9a98aeea8c","Jaydon","Mickens","-","0.0","1",,"WR",,,
"36c2fcc8-daac-412d-8dda-de866cb7f35d","Austin","Trammell","-","0.0","1",,"WR","Jacksonville Jaguars",,
"36f4940d-5352-4ea3-8794-71e86922ff96","Leonard","Taylor","-","0.0","1",,"TE",,,
"372d5c45-9b3c-446b-aecb-91f7f2799255","Gregory","Desrosiers","-","0.0","1",,"RB","Los Angeles Chargers",,
"376251e1-58e7-4f12-a1d6-51ef7e084ced","Josh","Kattus","-","0.0","1",,"TE","Cincinnati Bengals",,
"37775176-c183-4651-b036-6f2044d1b212","Brayden","Willis","-","0.0","1",,"TE","San Francisco 49ers",,
"382fc0dc-23d4-4ae2-9a4c-f57bb54a5b51","Silas","Bolden","-","0.0","1",,"WR",,,
"3833d469-e75d-4432-9564-1807878773e7","Ronald","Jones","-","0.0","1",,"RB",,,
"3837ebd1-5b97-4b14-85a4-3124819a87e5","Anthony","Hankerson","-","0.0","1",,"RB","Miami Dolphins",,
"389f4409-a535-4242-88ab-a4405307c025","Nick","Williams","-","0.0","1",,"WR",,,
"38becbd1-b2b4-4155-a78d-8388d465fccb","Sean","Ryan","-","0.0","1",,"WR",,,
"3928dc3f-42a9-42dd-9a22-fe29a3b2c489","Joshua","Cephus","-","0.0","1",,"WR",,,
"3936950d-fb7b-4f83-b3c3-4bf42fbbfc8a","Cornelius","Johnson","-","0.0","1",,"WR","Baltimore Ravens",,
"39684f82-140e-40ad-9f68-8185e57d33a5","Tahj","Washington","-","0.0","1",,"WR","Miami Dolphins",,
"3971448e-7f11-4b7b-819f-bfefcacc4643","Thayer","Thomas","-","0.0","1",,"WR",,,
"398a6947-0732-446b-93d5-ce0448e55728","Zack","Kuntz","-","0.0","1",,"TE",,,
"398f8d96-45b5-4a09-96ea-7610a4622828","Joseph","Manjack","-","0.0","1",,"WR","Denver Broncos",,
"39b392c8-7d6d-498c-a01a-9af58e6f9f96","Lawrence","Keys","-","0.0","1",,"WR",,,
"3a3fcd04-f037-4a17-b6cf-5750960c926e","Sammy","Watkins","-","0.0","1",,"WR",,,
"3a549b3c-afb7-40fa-baa6-f2bb3b6249ae","Jack","Plummer","-","0.0","1",,"QB",,,
"3a94fd11-3fb3-4b11-b118-eac765d814d1","John","FitzPatrick","-","0.0","1",,"TE",,,
"3b133dbf-526d-407d-bf8e-0287c322600c","Elijhah","Badger","-","0.0","1",,"WR",,,
"3c44f124-5e4f-4ed2-a561-17a73de369dc","Kyle","Philips","-","0.0","1",,"WR",,,
"3cd5c3af-057d-4591-afd2-acc5732490d9","Slade","Bolden","-","0.0","1",,"WR",,,
"3cdaab14-5b99-43af-b361-a8a7dc065db7","DeAndre","Carter","-","0.0","1",,"WR",,,
"3d6d9d45-9377-4cd3-a7c1-8e62480688b7","J.P.","Holtz","-","0.0","1",,"TE",,,
"3d7f64f7-0092-45c5-9954-05bea521eab9","Geoff","Swaim","-","0.0","1",,"TE",,,
"3dd9bfd1-bb25-4c99-81a2-b2ab46a92e44","Hassan","Haskins","-","0.0","1",,"RB",,,
"3ddca6b0-c6f9-4e5c-acc6-72374c9a913e","Shi","Smith","-","0.0","1",,"WR",,,
"3e306dfa-6597-4d35-a2a9-aad033d132f7","Chris","Oladokun","-","0.0","1",,"QB","Kansas City Chiefs",,
"3ec2d00e-0cf8-40b0-9392-a9870f5384c6","Scotty","Washington","-","0.0","1",,"TE",,,
"3f3693a5-34c2-4c9b-a2d2-b9f98a80486e","CJ","Donaldson","-","0.0","1",,"RB","New Orleans Saints",,
"3f396974-94b5-4c9c-ab37-2454b8c84098","Pharoh","Cooper","-","0.0","1",,"WR",,,
"4005b63f-ff6d-4b2f-a3b8-a3e48b34545e","Jacob","Kibodi","-","0.0","1",,"RB",,,
"40a22102-f59a-46f7-8099-ace59707b89f","Colson","Yankoff","-","0.0","1",,"TE","Washington Commanders",,
"40a3980b-4b7c-4083-b6c7-1f4680687443","Dylan","Parham","-","0.0","1",,"TE",,,
"412b5bbc-811d-4b8d-b000-a21b89325837","Roc","Taylor","-","0.0","1",,"WR",,,
"41a375f9-5ae8-4485-9530-d00fdc59e2ab","Jordan","Moore","-","0.0","1",,"WR","Cincinnati Bengals",,
"41e6ac08-041a-4b95-9122-804c7b74435c","Kyle","Trask","-","0.0","1",,"QB",,,
"4222cce2-c807-4ed4-9255-fef548b79da7","Boston","Scott","-","0.0","1",,"RB",,,
"42478665-6189-4e4b-ac46-c923aab285c5","Kazmeir","Allen","-","0.0","1",,"RB",,,
"427e2a5c-e5f4-4065-85d9-347723618f18","Sean","Mannion","-","0.0","1",,"QB",,,
"429992e9-98fe-434d-8fa1-5fe790acfb96","Kaden","Davis","-","0.0","1",,"WR",,,
"43e34dc6-e927-45bc-8bed-b290d1e76c3f","Jake","Briningstool","-","0.0","1",,"TE","Kansas City Chiefs",,
"440699f7-398f-4e49-a308-b0d10fcf5a99","Josh","Doctson","-","0.0","1",,"WR",,,
"4427cda8-3c62-45dc-835d-5f1cff699fc5","JaQuae","Jackson","-","0.0","1",,"WR","Los Angeles Chargers",,
"44944bd9-0301-4b87-9e07-946122630c35","Matt","Breida","-","0.0","1",,"RB",,,
"449ec775-c21b-4f94-bc90-65252a0aa578","Nyheim","Miller-Hines","-","0.0","1",,"RB",,,
"456bed2d-a227-4783-b87e-c26b21900a6b","Matthew","Slater","-","0.0","1",,"WR",,,
"4592fdc2-c171-47ea-b02e-bb7169020e80","Ezekiel","Elliott","-","0.0","1",,"RB","Dallas Cowboys",,
"45f56755-7be4-43f0-a078-939def79a709","Kaden","Prather","-","0.0","1",,"WR",,,
"46272d9f-ce62-4512-8311-97c4cc394dd6","Cody","Latimer","-","0.0","1",,"WR",,,
"46284c68-cbb2-4d46-86d4-7c1a37847918","Isaiah","Winstead","-","0.0","1",,"WR",,,
"465361e0-c174-4466-8678-82d223e96d5d","Terion","Stewart","-","0.0","1",,"RB","Kansas City Chiefs",,
"47042cd8-b9df-479f-a859-d193f6f2ee58","Javon","Baker","-","0.0","1",,"WR",,,
"47191acb-4056-447f-940b-f65f314b8387","Malik","Flowers","-","0.0","1",,"WR",,,
"47543ee8-4829-4fe5-9c0f-1be9d712e5b8","Eno","Benjamin","-","0.0","1",,"RB",,,
"47785b18-a286-4d42-80e9-8e9d6f4ed4a9","Trey","Quinn","-","0.0","1",,"WR",,,
"481847f0-f93d-4682-8955-a0de97dd0283","James","O'Shaughnessy","-","0.0","1",,"TE",,,
"4831dd6c-2563-4c8a-99c7-fdca834b0cb0","Jaret","Patterson","-","0.0","1",,"RB","Los Angeles Chargers",,
"48700dd2-30ba-4dfe-acf3-237313c75d77","Joshua","Kelley","-","0.0","1",,"RB",,,
"48722079-527e-48d9-a54d-4ef7711ea5fc","Dax","Milne","-","0.0","1",,"WR",,,
"48c8979b-2a07-4ef1-a568-fff73c754b04","Cortez","Braham","-","0.0","1",,"WR","Baltimore Ravens",,
"48d22d88-aabc-4fd5-a5e6-2ed97628cc91","Matt","Corral","-","0.0","1",,"QB",,,
"48d7d2c3-6bc9-4cb5-b960-def927dc75bb","Robert","Lewis","-","0.0","1",,"WR",,,
"496585b8-0d89-485c-af80-a94eba7460ec","Blaine","Gabbert","-","0.0","1",,"QB",,,
"4ade032e-7b34-4a70-884a-6970af139d37","Caleb","Huntley","-","0.0","1",,"RB",,,
"4b38d9dd-9480-4cbd-8aad-024673213460","Shaquan","Davis","-","0.0","1",,"WR",,,
"4b4a6656-4133-4504-8fb2-5a0fa0f6a07f","Duke","Williams","-","0.0","1",,"WR",,,
"4b7128ad-14d6-4a70-85f0-b06320ae65f3","Jonathan","Ward","-","0.0","1",,"RB",,,
"4b9b1369-962a-4f36-a812-45aec07a3c6a","Tre'Shaun","Harrison","-","0.0","1",,"WR",,,
"4c47fbf5-46e0-4f0a-bacc-8fd53660f287","Squirrel","White","-","0.0","1",,"WR",,,
"4c562f77-9a5e-4ff7-93cd-86e1156e6095","Jared","Wayne","-","0.0","1",,"WR","Houston Texans",,
"4c77cf71-13ce-4ca7-8a5b-8af865076b8f","Ray-Ray","McCloud III","-","0.0","1",,"WR",,,
"4c8cd7a1-c10b-4c8e-8ef9-b95eb3d35452","Ty","Montgomery","-","0.0","1",,"WR",,,
"4c952092-00c1-4342-b765-b4b553a66da2","Sam","Pinckney","-","0.0","1",,"WR",,,
"4ccb8f5f-66ac-4702-bed9-d5f206c41c73","Brett","Rypien","-","0.0","1",,"QB",,,
"4d0108db-221f-4c60-9d7e-3e3e3c399418","Keilahn","Harris","-","0.0","1",,"WR",,,
"4d5ba4f8-fe3a-48ca-a160-dbc8a7cf699e","Gerrid","Doaks","-","0.0","1",,"RB",,,
"4db1d380-b609-4133-bb6a-245d3956c3e7","Jalen","White","-","0.0","1",,"RB",,,
"4dc25996-9b95-409d-a2b1-d2c5bc153ba8","Taylor","Elgersma","-","0.0","1",,"QB",,,
"4deea280-c2b4-4864-b757-c8a68244828d","Sam","Wiglusz","-","0.0","1",,"WR",,,
"4e4b1ef5-e810-4912-8335-9701c6062e17","Xavier","Guillory","-","0.0","1",,"WR","Baltimore Ravens",,
"4ee838ab-6d1e-4fbf-82c9-accc07b1a341","Seth","Henigan","-","0.0","1",,"QB","Indianapolis Colts",,
"4f171995-4d8d-4c27-96a1-86800e259d2f","Devonte","Ross","-","0.0","1",,"WR","Los Angeles Chargers",,
"4f39e96f-4d2c-42ea-b033-197a94f3c342","Skylar","Thompson","-","0.0","1",,"QB","Baltimore Ravens",,
"4f8a73f2-5709-4cd0-90b9-3fd009de64e2","Neal","Johnson","-","0.0","1",,"TE",,,
"501dc9de-01ff-49c1-bcb1-2529fcda5e1d","Tre","Nixon","-","0.0","1",,"WR",,,
"502c0a36-c59f-4a4f-b02f-fe92df49f618","Brandon","Powell","-","0.0","1",,"WR",,,
"505d282a-3d4a-43df-a510-ddaaa7d6d491","Daylen","Baldwin","-","0.0","1",,"WR",,,
"5064ecc8-0aec-44a1-acaf-8541c9280ee5","Mark","Gronowski","-","0.0","1",,"QB","Miami Dolphins",,
"5079dec1-093b-40df-9d92-bd33107b8997","Mario","Williams","-","0.0","1",,"WR","Los Angeles Rams",,
"509452b9-f374-41e2-835e-aa549b228133","Dean","Conners","-","0.0","1",,"RB",,,
"509d2772-99d2-4ce0-a0ca-184f500bd657","Michael","Wiley","-","0.0","1",,"RB",,,
"50be9745-5fb9-4e9a-87bc-e4e788c2acde","Kyron","Drones","-","0.0","1",,"QB","Green Bay Packers",,
"512a4fcd-3ddc-4d96-a586-b512dec60e42","Johnny","Lumpkin","-","0.0","1",,"TE",,,
"5188adbc-87a9-4d0d-988b-404eba6f13e4","Erik","Krommenhoek","-","0.0","1",,"TE",,,
"51ca74b5-025a-4647-a159-cca713288ed3","Jeff","Wilson Jr.","-","0.0","1",,"RB",,,
"51cc7d09-0ec6-455d-a5b8-c6cb283b9c0f","AJ","Henning","-","0.0","1",,"WR","Miami Dolphins",,
"520d4aa2-4de6-4aee-8d45-a7bba56a9767","Chandler","Brayboy","-","0.0","1",,"WR","Jacksonville Jaguars",,
"52d4282a-f001-41dc-925c-c1d0ec13d5d0","Ja'Lynn","Polk","-","0.0","1",,"WR","New Orleans Saints",,
"52df3d4b-1566-41d9-8a3b-d9b5aa0026cf","Byron","Pringle","-","0.0","1",,"WR",,,
"53743b1e-f2ea-4a2a-8c36-214cc3d609bb","CJ","Williams","-","0.0","1",,"WR","Jacksonville Jaguars",,
"538c23fd-e777-4bd7-895d-13b5216a634f","Holton","Ahlers","-","0.0","1",,"QB",,,
"53aba52a-6f68-412d-9449-9f5c4ac130b5","Nate","McCrary","-","0.0","1",,"RB",,,
"54b59478-7644-46e7-85fe-f2439075f5bd","Sterling","Shepard","-","0.0","1",,"WR",,,
"54f8fd0e-e5b3-4391-a8fa-74dd73fb6100","Ian","Book","-","0.0","1",,"QB",,,
"55c08d36-2499-4efa-8950-4bba1785a25e","J.J.","Taylor","-","0.0","1",,"RB",,,
"5646c244-b764-4a35-a61d-52690a4d5de0","Sal","Cannella","-","0.0","1",,"TE",,,
"5661470e-2bd7-4bed-b4df-6c7bb007a446","Daurice","Fountain","-","0.0","1",,"WR",,,
"56638a19-44fb-4f00-934d-2fd68c697637","Isaiah","Neyor","-","0.0","1",,"WR","Green Bay Packers",,
"57e19af6-7623-49e0-994a-de76bb68284d","Trevor","Siemian","-","0.0","1",,"QB","Atlanta Falcons",,
"5809dbf0-21c8-4ba6-99e6-6c542e5ca7f1","James","Proche","-","0.0","1",,"WR",,,
"587f5fca-0bf9-4ecb-9fc1-3dd3841eaf46","David","Durden","-","0.0","1",,"WR",,,
"58eef06b-fa3f-4dc6-adf9-479b476650d0","Xazavian","Valladay","-","0.0","1",,"RB",,,
"59500a4a-2bd1-433a-9ecf-60696a894a09","DeeJay","Dallas","-","0.0","1",,"RB","Jacksonville Jaguars",,
"5961df5a-020f-42f0-af25-b27bdac0cb85","Daniel","Arias","-","0.0","1",,"WR",,,
"59f4cb17-5567-4e2b-a61e-f355dd1ca022","Blake","Watson","-","0.0","1",,"RB",,,
"5a8f50d8-2a5a-485d-8d0a-f04fa801ffe7","D'Onta","Foreman","-","0.0","1",,"RB",,,
"5aae24cd-13e5-4532-8ee3-04eeeaed12ce","Demetric","Felton","-","0.0","1",,"RB",,,
"5b201d47-3faa-41f6-8048-ad8d3f0ef857","Joe","Fagnano","-","0.0","1",,"QB","Baltimore Ravens",,
"5b2959d7-6c57-4d19-acaa-6dc2a654a82b","Cephus","Johnson","-","0.0","1",,"WR",,,
"5b4f3d3d-ed25-4a39-a729-a1e1399751c1","Austin","Mack","-","0.0","1",,"WR",,,
"5b50f545-80fd-4cc0-9fca-de774daa2417","Clayton","Tune","-","0.0","1",,"QB",,,
"5b6e97fb-0035-42c2-809a-f327035468ef","Drake","Stoops","-","0.0","1",,"WR",,,
"5ba4f975-639c-462b-850a-560705c77b25","Isaiah","Wooden","-","0.0","1",,"WR",,,
"5bcdbbbf-c284-4fa6-b6be-9f4051c213e6","Jake","Kumerow","-","0.0","1",,"WR",,,
"5c7e8d60-12da-4927-89b6-ef3067e49802","Hunter","Renfrow","-","0.0","1",,"WR",,,
"5cad0012-63bd-4dbd-8263-b71088d68a39","John","Kelly","-","0.0","1",,"RB",,,
"5cc896ad-b78e-431f-af5c-51d1722aba31","Brandon","Smith","-","0.0","1",,"WR","Pittsburgh Steelers",,
"5d04cf58-e358-4b19-a855-aba86e1e03b9","Bauer","Sharp","-","0.0","1",,"TE","Tampa Bay Buccaneers",,
"5dce4ad4-2625-4df7-a0e1-bd35fb3bb66e","D'Ernest","Johnson","-","0.0","1",,"RB",,,
"5dd925f3-9bdc-49d9-b08b-cb6ec31816a8","Raheem","Blackshear","-","0.0","1",,"RB",,,
"5e51bfea-4e76-4423-938f-9a9a382df647","Lan","Larison","-","0.0","1",,"RB","New England Patriots",,
"5ec3e5e6-17d0-451a-96b4-ff32bb534064","JuJu","Smith-Schuster","-","0.0","1",,"WR",,,
"5ef79dd8-b458-4ca8-97f4-1ee0427f9c20","Brandon","Dillon","-","0.0","1",,"TE",,,
"5f313607-15c1-4d61-856b-49ae109f4d4f","Montrell","Washington","-","0.0","1",,"WR",,,
"60282bba-8842-4c42-b5f1-282da8b2e41e","Matt","Barkley","-","0.0","1",,"QB",,,
"602b621c-c171-4038-89cb-daf2ff595a87","Malik","Heath","-","0.0","1",,"WR",,,
"6043a640-80f1-439b-966a-96d3aa306591","Mike","Harley","-","0.0","1",,"WR",,,
"6058620a-fbea-4486-a836-97407886081c","Derek","Wright","-","0.0","1",,"WR",,,
"60c20ddc-3d2b-4468-9cf2-ae25788fa279","Dontrell","Hilliard","-","0.0","1",,"RB",,,
"6128b7a9-109b-4bf5-a1f0-02c7d6fde3e0","Malik","Rutherford","-","0.0","1",,"WR",,,
"6144759c-63ad-4f6b-93d9-0279a281d842","Noah","Whittington","-","0.0","1",,"RB","Houston Texans",,
"615767d7-2b0e-47e3-9281-15601d6f614b","Jamari","Thrash","-","0.0","1",,"WR","Cleveland Browns",,
"61ad441a-61b9-4bc1-a74b-1cb954063db1","Kedon","Slovis","-","0.0","1",,"QB","Arizona Cardinals",,
"6257c1eb-dd54-4ee9-a977-458000a6fd05","Mac","Dalena","-","0.0","1",,"WR",,,
"628338e1-676b-4b1c-8a4a-e648b3ada1a3","Gee","Scott","-","0.0","1",,"TE",,,
"62d2ec0b-d1c0-4247-8f0c-f7dfe3753956","Racey","McMath","-","0.0","1",,"WR",,,
"62eb4188-d6ec-49d9-910f-4651761ae50b","Derrick","Gore","-","0.0","1",,"RB",,,
"641534d1-665e-4aaf-a70b-375814219f52","Traeshon","Holden","-","0.0","1",,"WR","Dallas Cowboys",,
"64d8a8d0-7238-4eb1-ac0e-f952c93b5cfe","Chase","Claypool","-","0.0","1",,"WR",,,
"6514f5b6-76bc-4ad6-b60c-0ed975550482","Taylor","Heinicke","-","0.0","1",,"QB",,,
"65da5e32-007c-4420-9f1b-4bb30f1c78a7","Chris","Pierce","-","0.0","1",,"TE",,,
"65dcf805-24ff-4c54-8178-524116b49f9c","John","Ross","-","0.0","1",,"WR",,,
"661e5ded-b89f-485e-88c7-82452ac82d51","Adam","Thielen","-","0.0","1",,"WR",,,
"663ef6e3-6f50-4ba5-b23f-ae7e3e519651","Chris","Hilton","-","0.0","1",,"WR","Washington Commanders",,
"66501328-68e1-47ef-af23-55a24c4dc49c","Matt","Bushman","-","0.0","1",,"TE",,,
"667b2ec8-b85f-450c-9605-683e1128c3c8","Tarik","Black","-","0.0","1",,"WR",,,
"66c499d9-b6e6-4713-91da-234329078b57","Dee","Eskridge","-","0.0","1",,"WR",,,
"66c92e51-5af3-4496-9ca7-daa4e29c7ddc","Tyler","Lockett","-","0.0","1",,"WR",,,
"67316d48-5886-440b-87a3-54ce7c213ee1","Dorian","Singer","-","0.0","1",,"WR",,,
"67dd8a2a-0820-4b47-bde7-da6a6821577f","Tre'","McKitty","-","0.0","1",,"TE",,,
"680d343a-cc81-468c-95c5-4e524958feca","Case","Keenum","-","0.0","1",,"QB","Chicago Bears",,
"681ce4e4-7ef2-4bd0-9f11-307fae7cab91","Andy","Isabella","-","0.0","1",,"WR",,,
"68777949-f769-4773-85cd-055892c5add4","Peyton","Hendershot","-","0.0","1",,"TE",,,
"68a07537-d593-4beb-8ec2-2b32ff3c70b2","Tucker","Fisk","-","0.0","1",,"TE",,,
"68ee8683-7c7d-4c3e-b172-5ae4156b0652","Jimmy","Garoppolo","-","0.0","1",,"QB",,,
"6900428d-fb15-47e8-835e-d8d2cc475e39","Marcell","Ateman","-","0.0","1",,"WR",,,
"690bc397-4b72-4f51-998f-817dcf94362f","Duke","Johnson","-","0.0","1",,"RB",,,
"691244de-9733-48aa-9133-42a1c750a9f2","Kalen","Ballage","-","0.0","1",,"RB",,,
"691cb509-82b2-494b-af97-623089057db9","Evan","Hull","-","0.0","1",,"RB","Houston Texans",,
"692d4c6c-7837-41d5-a9be-e283f60ae292","Christian","Wade","-","0.0","1",,"RB",,,
"69538998-c192-4e81-a622-4771d75536e2","Nick","Bowers","-","0.0","1",,"TE",,,
"6a0fc078-4218-4d65-b39d-e49b68d123f5","Kejon","Owens","-","0.0","1",,"RB","Minnesota Vikings",,
"6a1ce31d-c2f9-40dd-8d63-dc04af6f81e1","Brycen","Tremayne","-","0.0","1",,"WR","Carolina Panthers",,
"6a2006fe-db33-4e76-b481-c3bc1ef863ae","Jacob","Clark","-","0.0","1",,"QB","Las Vegas Raiders",,
"6a7494d9-b908-4d21-8b19-b28963b9fe52","Stephen","Anderson","-","0.0","1",,"TE",,,
"6adf7de0-7aa0-4640-b91f-1d9c1b0c66ae","Sean","McKeon","-","0.0","1",,"TE","Indianapolis Colts",,
"6b445abf-fdb8-4e58-a4aa-608c3391410f","Tommy","Mellott","-","0.0","1",,"WR",,,
"6b6be67b-dbe7-42b0-b6da-47a98b328886","Tony","Jones Jr.","-","0.0","1",,"RB",,,
"6b6d2131-d49d-49bc-887a-62acc3928c7b","Devin","Asiasi","-","0.0","1",,"TE",,,
"6b8ca2c6-4b32-474f-8fee-ff64b513d415","Blake","Jarwin","-","0.0","1",,"TE",,,
"6b983478-7215-435f-8ec9-1c16a6c33801","Tyren","Montgomery","-","0.0","1",,"WR","Tennessee Titans",,
"6b9eaf98-0224-46f8-ad24-299e9931d697","Kevin","White","-","0.0","1",,"WR",,,
"6bba2d60-da27-4341-9e24-a5f86fb8c7d0","Cam","Camper","-","0.0","1",,"WR",,,
"6c11b8dc-8345-49a7-b904-c0823417d797","Qadree","Ollison","-","0.0","1",,"RB",,,
"6da69b2b-39fd-467c-af2e-9dafaf233340","Michael","Thomas","-","0.0","1",,"WR",,,
"6dc8ff52-ddf8-46a8-8987-ef6ecd3219a7","Keith","Smith","-","0.0","1",,"RB",,,
"6f4f4067-1e49-4bdc-97c2-5fbbdfa44cd7","Zack","Annexstad","-","0.0","1",,"QB",,,
"6f591bab-cb16-4820-8848-39db5b34feca","Jordan","Mims","-","0.0","1",,"RB",,,
"6f6f3a1a-89e2-4278-86e3-0bf81f99dd63","Max","Brosmer","-","0.0","1",,"QB","Minnesota Vikings",,
"6fa23c8b-3c53-4482-afee-dd7b6c751e00","Ja'Mori","Maclin","-","0.0","1",,"WR","Buffalo Bills",,
"6fe32793-d6d9-4609-bbd7-5b76d205e66e","Tyler","Kahmann","-","0.0","1",,"WR",,,
"70138ae8-13b6-4843-a214-607fbae861bb","Austin","Reed","-","0.0","1",,"QB",,,
"704b5ac4-1342-41c0-8079-eafdedfb2c02","Travis","Vokolek","-","0.0","1",,"TE",,,
"70f23656-37af-45a0-9369-8c0df0074aa6","Raheem","Mostert","-","0.0","1",,"RB",,,
"7113da40-9e33-4bd1-831f-baa35dbbf62c","John","Stephens","-","0.0","1",,"TE",,,
"7193e5b2-6897-4e87-a79b-3fcb8fab4c13","Laquon","Treadwell","-","0.0","1",,"WR","Indianapolis Colts",,
"71cd0e00-d696-4c0d-bf8e-ee18619d9847","Ja'Quinden","Jackson","-","0.0","1",,"RB",,,
"7205ae4c-ba67-4548-adeb-a0a4d7a3fead","Anthony","McFarland","-","0.0","1",,"RB",,,
"72206dfe-2aa1-43d8-a656-8efe24c7c5f6","DJ","Turner","-","0.0","1",,"WR",,,
"73729b23-819e-4c68-a4df-c4e580c6ac30","Stanley","Morgan","-","0.0","1",,"WR",,,
"73cfaabd-57cc-4c22-8205-831830c2631e","Dan","Villari","-","0.0","1",,"TE","Los Angeles Rams",,
"73d85eaf-5f18-40d8-9990-84967daa1b0d","Stephen","Carlson","-","0.0","1",,"TE","Chicago Bears",,
"73fb6f94-22af-42ff-91ac-bf807af66ba5","Chase","Edmonds","-","0.0","1",,"RB",,,
"74470d96-95bb-4fdb-bc9f-2523d223d570","Jakobie","Keeney-James","-","0.0","1",,"WR","Green Bay Packers",,
"74734f82-adf4-4c14-be18-0aebe847840a","Chris","Evans","-","0.0","1",,"RB",,,
"747773fe-57a4-4dab-a066-fc367725e48f","DT","Sherffield","-","0.0","1",,"WR",,,
"74f06521-cccc-4ab8-a9d5-ab2de0f7b4fc","Monaray","Baldwin","-","0.0","1",,"WR",,,
"7522a549-5166-4210-b5ad-853236556338","Trey","Burton","-","0.0","1",,"TE",,,
"756038a9-b6fc-4cc0-a180-c9b3f16ed27c","Jake","Luton","-","0.0","1",,"QB",,,
"75c44a7a-cfd5-4078-a665-9a318e7cae87","Trent","Pennix","-","0.0","1",,"RB",,,
"764431ed-1da3-4ecf-8e95-c0cd8ebddc5a","Hassan","Hall","-","0.0","1",,"RB",,,
"7687339b-e8ee-469c-95d2-5e03347a2c06","Lake","McRee","-","0.0","1",,"TE","Pittsburgh Steelers",,
"7718dcd1-ff29-4285-b993-a7c598ecbf91","Jalin","Conyers","-","0.0","1",,"TE",,,
"772dd44d-c0a2-4d02-a32c-0034f592f5eb","Godwin","Igwebuike","-","0.0","1",,"RB",,,
"772fe059-0452-4d1b-af25-6e2ea2998a2a","Sincere","Brown","-","0.0","1",,"WR","Los Angeles Chargers",,
"77bd7e5d-cbf2-4c71-b90c-3ce6d6a8a5c5","Shedrick","Jackson","-","0.0","1",,"WR","Las Vegas Raiders",,
"78306c98-89ef-4c7c-9c42-4aa886ace54e","Zach","Pascal","-","0.0","1",,"WR",,,
"7854b8f2-62ae-4bbf-91b5-5d5f985ab6ce","Luke","Altmyer","-","0.0","1",,"QB","Detroit Lions",,
"78cc11d6-724b-481a-a6a1-324deca70be5","Jesse","Matthews","-","0.0","1",,"WR",,,
"78f8c09c-a2f4-4c67-8474-f44d1662aefd","Anthony","Smith","-","0.0","1",,"WR","Dallas Cowboys",,
"79038ac0-29ea-401a-ab36-680c697acece","Gary","Brightwell","-","0.0","1",,"RB","Cincinnati Bengals",,
"79287e06-eb0e-4950-9650-dad1230a63d2","Chris","Blair","-","0.0","1",,"WR","Atlanta Falcons",,
"793c4681-3b39-4559-b4a3-444548affac7","Adrian","Martinez","-","0.0","1",,"QB","San Francisco 49ers",,
"7970b6a9-b399-496e-9866-34a39f590ddb","Hakeem","Butler","-","0.0","1",,"WR",,,
"7a1d41d4-6dd9-460d-87c1-181fc69a2db3","Roman","Hemby","-","0.0","1",,"RB","Las Vegas Raiders",,
"7a91eabb-b954-476f-8055-3be80debf110","SaRodorick","Thompson","-","0.0","1",,"RB",,,
"7aafe0ac-7e7f-4ae1-b49b-69b0ad7c7ed4","Isaiah","Washington","-","0.0","1",,"WR",,,
"7b6fe1d1-8cee-4f1e-a219-c3e0672834e6","Trent","Taylor","-","0.0","1",,"WR",,,
"7bc7bd37-6837-4694-b55a-e921031203ac","James","Robinson","-","0.0","1",,"RB",,,
"7c947227-5ba9-47a5-9be8-5058e7ad94ac","Russell","Gage","-","0.0","1",,"WR",,,
"7cc3d4c9-21a2-4885-ba2c-27c46cf78dbf","Emani","Bailey","-","0.0","1",,"RB",,,
"7cd997f5-f623-4bb6-bd87-7ab05f202cc0","Jordan","Akins","-","0.0","1",,"TE",,,
"7d528056-6bf7-4ca2-b69f-d9f0e958443b","Dillon","Bell","-","0.0","1",,"WR","Minnesota Vikings",,
"7d8fe2e8-06d0-408b-b347-9623a2e39735","McCallan","Castles","-","0.0","1",,"TE",,,
"7e2d9ef5-f920-4c42-9d64-f0976dfb3a7f","Ryan","Jones","-","0.0","1",,"TE",,,
"7e347b32-147d-4eaf-9252-0daaa0cfe45f","David","Martin-Robinson","-","0.0","1",,"TE","Tennessee Titans",,
"7e88584d-91f9-45cc-beb9-6aaae738faea","Kelly","Akharaiyi","-","0.0","1",,"WR",,,
"7eb354a2-6c2c-4d30-8697-36f3df6f7827","Hunter","Bryant","-","0.0","1",,"TE",,,
"7ebb6279-236f-4691-bc2b-45add6126dee","Noah","Togiai","-","0.0","1",,"TE",,,
"7ed287fa-458d-44d7-a700-bec86d71a448","Darrell","Henderson Jr.","-","0.0","1",,"RB",,,
"7ef9c01f-0277-4a1d-a23f-76dcf32d27e5","Deonte","Harty","-","0.0","1",,"WR",,,
"7f34e965-a0e2-4124-948f-e897912040a7","Jordan","Travis","-","0.0","1",,"QB",,,
"7f51120f-5d41-4a11-b04a-ab59024a6238","Jamison","Crowder","-","0.0","1",,"WR",,,
"7fbd54f8-4937-44c1-9eb1-1d0d2722e150","Craig","Reynolds","-","0.0","1",,"RB",,,
"7ffbf8d9-5f96-4538-b386-192689e4fe6d","Lance","McCutcheon","-","0.0","1",,"WR","Tennessee Titans",,
"80daf4ec-4594-48f3-b23e-8c06a5684284","Greg","Ward","-","0.0","1",,"WR",,,
"80f7c164-d96c-4b88-a8d6-c1330531837e","Jamal","Agnew","-","0.0","1",,"WR",,,
"8101bee3-4ec7-43c8-8e1e-8da51638d6a5","Darren","Waller","-","0.0","1",,"TE",,,
"811512e2-82fd-4192-88e0-17edafdf1825","Paul","Richardson","-","0.0","1",,"WR",,,
"8166ad9a-3250-4b82-8484-8ffbeace6e68","Dalen","Cambre","-","0.0","1",,"WR","New York Giants",,
"82b319d0-330e-414a-ba10-2c746343625b","Tanner","Mordecai","-","0.0","1",,"QB",,,
"82c049be-61ac-420c-8ca0-4426360695cc","Moliki","Matavao","-","0.0","1",,"TE","New Orleans Saints",,
"8337c44b-c38f-4b3f-82dc-8781b1095e4d","Ty","Scott","-","0.0","1",,"WR",,,
"838e2a8d-1f2b-47f7-a30b-7a22051a7c47","Thaddeus","Moss","-","0.0","1",,"TE",,,
"83f8bd90-a2e8-4f4f-9d81-e6db8321978b","Tanner","McLachlan","-","0.0","1",,"TE",,,
"8439b986-2c1f-4f51-8551-00a4d6a43c83","Derek","Parish","-","0.0","1",,"TE",,,
"84a1b024-4a8d-4dbc-88bc-627abadfcb53","Scotty","Miller","-","0.0","1",,"WR","Chicago Bears",,
"851ae75f-d19d-45e5-8bf0-67e090b09c69","Ricky","Person","-","0.0","1",,"RB",,,
"85306523-65c8-4528-beb4-2b9d09d956cd","Thomas","Odukoya","-","0.0","1",,"TE",,,
"8580a086-c54d-4396-830f-a976c67af632","Keaontay","Ingram","-","0.0","1",,"RB",,,
"85acfec5-671e-41bf-996d-078dca3354c3","Athan","Kaliakmanis","-","0.0","1",,"QB","Washington Commanders",,
"862c22db-a834-4169-a5f9-1b5641935e80","Jashaun","Corbin","-","0.0","1",,"RB",,,
"86399466-0f7b-4b98-a0ea-7d544e3cc79c","Treyton","Welch","-","0.0","1",,"TE","New Orleans Saints",,
"86510e28-ac5c-4aaa-8e46-64a7fbf1e099","Theo","Riddick","-","0.0","1",,"RB",,,
"86d4aff9-b606-4106-b8f3-e77bd5375736","Montrell","Johnson","-","0.0","1",,"RB",,,
"87130da9-2574-41c0-838a-6517883ca263","Ra'Shaun","Henry","-","0.0","1",,"WR",,,
"8723a34b-dc40-4c59-a6fb-717db851c50c","Devine","Ozigbo","-","0.0","1",,"RB",,,
"87699286-f795-4415-90a8-76532424c75d","Jaxon","Janke","-","0.0","1",,"WR",,,
"87917b03-c942-43e6-9428-6b3967d8787d","Trinidad","Chambliss","-","0.0","1",,"QB",,,
"87d80e79-8fb5-48cf-b86d-199f3d0fa78b","Michael","Jacobson","-","0.0","1",,"TE",,,
"87fc8e0b-2c10-4a24-8771-f3ad9491e04f","Jalen","Virgil","-","0.0","1",,"WR","Buffalo Bills",,
"88066723-943a-4cf3-9d20-7c3cffb389eb","Joshua","Simon","-","0.0","1",,"TE","Atlanta Falcons",,
"881b2d57-1f6d-4a80-9ad3-4398cc1d5452","Ellis","Merriweather","-","0.0","1",,"RB",,,
"8867030f-af93-4d3f-bb43-83732997935f","Tyrion","Davis-Price","-","0.0","1",,"RB",,,
"88901fa6-51df-4c08-85e3-f7d3611c92c3","Dymere","Miller","-","0.0","1",,"WR",,,
"88ee8046-6232-4de7-9f9f-7989663d1eac","Alec","Ingold","-","0.0","1",,"RB","Los Angeles Chargers",,
"8902c988-c536-452a-87f7-0cd23a767365","Kobe","Hudson","-","0.0","1",,"WR",,,
"8905d01f-e415-451d-a90e-338b10e2b248","Terrell","Bynum","-","0.0","1",,"WR",,,
"890c3181-085a-4697-ad26-16fafdc88297","Cornell","Powell","-","0.0","1",,"WR",,,
"891e54ce-b6dd-4762-a30a-64e9476a4821","Gus","Edwards","-","0.0","1",,"RB",,,
"8925e30e-2f39-4a8b-9c27-e847fc99cbed","Lew","Nichols","-","0.0","1",,"RB","Pittsburgh Steelers",,
"89577576-e12f-4763-b984-029efde7081b","David","Wells","-","0.0","1",,"TE",,,
"89e33ee9-68a7-4574-9320-92535bd9fc55","Sincere","McCormick","-","0.0","1",,"RB","San Francisco 49ers",,
"8a07f5cc-e181-4639-8b68-59ea25e2d95d","Dayton","Wade","-","0.0","1",,"WR","Baltimore Ravens",,
"8a1b1960-7e5f-4a5a-855d-7d1deb2f9fac","Leonard","Fournette","-","0.0","1",,"RB",,,
"8a4575f2-a14b-43b4-99f2-97767db4381e","Joshua","Dobbs","-","0.0","1",,"QB",,,
"8a7df54c-a131-444c-ab34-7ecc25613364","Brandin","Cooks","-","0.0","1",,"WR",,,
"8adc668b-2fec-4c09-b542-ac85ab06497c","Myles","Price","-","0.0","1",,"WR","Minnesota Vikings",,
"8b14afaf-231f-4cda-86d4-3e88fe9e16ad","Jason","Brownlee","-","0.0","1",,"WR","Kansas City Chiefs",,
"8c58e58a-fc03-4030-9b2f-372fcb018767","Thomas","Yassmin","-","0.0","1",,"TE",,,
"8d301443-0bab-413e-a01b-065a03ba2cee","Ben","Patterson","-","0.0","1",,"WR","Jacksonville Jaguars",,
"8d5ab224-db5d-4737-8989-621c451fd659","Dominic","Richardson","-","0.0","1",,"RB","Dallas Cowboys",,
"8d61b90f-8fb3-46d4-a808-3d3e49944468","Nikola","Kalinic","-","0.0","1",,"TE","Chicago Bears",,
"8d62684e-30c7-4333-a395-30ac571bb083","Curtis","Samuel","-","0.0","1",,"WR",,,
"8d642974-6208-4551-92b0-966f99e38266","Jacob","Warren","-","0.0","1",,"TE",,,
"8d6ad208-6b00-402b-9eae-ef68c592bb97","Donald","Parham Jr.","-","0.0","1",,"TE",,,
"8dabf12e-f649-4042-8490-ab2bf8b8dac2","Dare","Ogunbowale","-","0.0","1",,"RB",,,
"8dc2a7bb-a522-482d-b045-90ad9fdea8b8","Zaire","Mitchell-Paden","-","0.0","1",,"TE","New Orleans Saints",,
"8de3d435-3d0a-40e9-b2fc-733ade84961a","Ben","DiNucci","-","0.0","1",,"QB",,,
"8e51a37f-6ae4-4669-9d1d-00f82623902e","Isaiah","Ford","-","0.0","1",,"WR",,,
"8e5c44b9-2ed0-402a-a735-c9881bdcf47e","Behren","Morton","-","0.0","1",,"QB","New England Patriots",,
"8f50de5f-42a2-4cd7-924d-1a081f2a7bc2","Terique","Owens","-","0.0","1",,"WR",,,
"8fe2a739-5777-429d-8ae7-a0cbdd2c379e","Jack","Colletto","-","0.0","1",,"RB",,,
"9036f297-f912-4376-b9e0-8ce63818457e","Dillon","Johnson","-","0.0","1",,"RB",,,
"9056cec1-ab9b-487f-82e0-6807df578d53","Samori","Toure","-","0.0","1",,"WR",,,
"9060e491-9816-40c2-a822-a479a8fb14d9","Tyreik","McAllister","-","0.0","1",,"WR",,,
"9137e636-3af8-43aa-b0ab-68a7b45e6ba9","Kaden","Smith","-","0.0","1",,"TE",,,
"9170a54f-ec05-42a6-9f3b-cd644a6bcf46","Andrew","Armstrong","-","0.0","1",,"WR","Kansas City Chiefs",,
"917e2bdf-e157-4f41-8b72-56aa82a8e6af","Richard","Rodgers","-","0.0","1",,"TE",,,
"91a90a6d-1f57-4a6b-9944-dc53ef5cb9b0","Parker","Hesse","-","0.0","1",,"TE",,,
"91cf92f3-3c73-4de7-842e-d0c3d6707a82","Deuce","Vaughn","-","0.0","1",,"RB",,,
"91d2bba7-d828-4104-b7be-e4fc6187be73","Joel","Wilson","-","0.0","1",,"TE","Tennessee Titans",,
"92f11af3-2956-4c2b-8607-e646aaa2304e","Salvon","Ahmed","-","0.0","1",,"RB","Chicago Bears",,
"934d9f8b-e8a6-42b6-9b89-a8f61aa81af1","Dwayne","Washington","-","0.0","1",,"RB",,,
"93714614-7e43-407a-ade5-0d4dbff8f784","Trayveon","Williams","-","0.0","1",,"RB",,,
"93def15f-8299-41f4-a02c-dd251119a791","Cordarrelle","Patterson","-","0.0","1",,"RB",,,
"93ed2389-bd6b-4632-8ca5-03bdab844b9d","Donovan","Peoples-Jones","-","0.0","1",,"WR",,,
"93f320d0-f95c-472a-b2af-5f06536d8dcc","Dresser","Winn","-","0.0","1",,"QB",,,
"94121fe7-79a2-42df-8803-6e4ee9c6ab51","Tommy","Hudson","-","0.0","1",,"TE",,,
"943468fc-3e85-430d-a8ba-1636b609798a","Jackson","Meeks","-","0.0","1",,"WR","Detroit Lions",,
"9437c475-3eac-4b20-ac8d-3705a9b1da59","Ramel","Keyton","-","0.0","1",,"WR",,,
"944d4667-ad74-4d2f-8ca8-ee39ae98971b","Antonio","Gibson","-","0.0","1",,"RB",,,
"95217c63-0c0e-4a87-a3f2-1dae8d02b842","C.J.","Saunders","-","0.0","1",,"WR",,,
"952be8f3-2162-4a17-93ed-e6aa53752824","Chris","Collier","-","0.0","1",,"RB","Las Vegas Raiders",,
"952c809f-4579-4013-acc6-591bb0547b2d","Allen","Robinson II","-","0.0","1",,"WR",,,
"95549a45-6995-447c-95c3-59d0905a6235","Julio","Jones","-","0.0","1",,"WR",,,
"95a075b7-c537-4387-b69c-9a73834ed818","Jacob","Harris","-","0.0","1",,"WR",,,
"960e92d0-92fa-491e-b30e-d193c36bce9b","Dezmon","Patmon","-","0.0","1",,"WR",,,
"96145c0d-5ecc-4002-8439-4271f5b57c76","Donavon","Greene","-","0.0","1",,"WR",,,
"96a196ca-96e9-40ee-9741-e918f54d9b54","Zamir","White","-","0.0","1",,"RB",,,
"970b57ba-e1ce-456c-b214-2d5e2c92b8d7","Tyler","Boyd","-","0.0","1",,"WR",,,
"972e62c0-ef7c-4e47-a1ae-0b41b98aebc4","Treyvhon","Saunders","-","0.0","1",,"WR","Houston Texans",,
"977610d5-6dbf-4866-9fe0-30e414b07f7e","Isaiah","McKenzie","-","0.0","1",,"WR",,,
"9872f00f-9a4e-4cd8-ae4c-f66699dba4d4","Bailey","Gaither","-","0.0","1",,"WR",,,
"993e81b2-306c-4e47-9aaa-5b7c5540a914","Jha'Quan","Jackson","-","0.0","1",,"WR",,,
"99875dae-8c4d-4110-9842-bef60a83441d","Randall","Cobb","-","0.0","1",,"WR",,,
"9a098156-5151-46b2-a593-ff1c3096fa01","Sam","Brown","-","0.0","1",,"WR",,,
"9a3d8938-762b-417c-ba7f-edf09e6cce68","Kirk","Merritt","-","0.0","1",,"WR",,,
"9a85e043-38da-4fb0-9d14-cdf92f24924e","Xavier","Grimble","-","0.0","1",,"TE",,,
"9a8fd4d2-e453-4f6b-9aaf-ccc05f53a112","Emory","Jones","-","0.0","1",,"QB",,,
"9ad67412-307e-4035-a088-de13bec69cfa","Daijun","Edwards","-","0.0","1",,"RB",,,