"id","firstName","lastName","adp","projectedPoints","salary","positionRank","slotName","teamName","lineupStatus","byeWeek"
"bf5232e3-61aa-4419-93df-ca90e2ff85d1","Jahmyr","Gibbs","1.4","277.9","100","RB1","RB","Detroit Lions",,
"511920f9-5e42-40c6-8e76-9464d4f0c206","Bijan","Robinson","1.8","294.9","100","RB2","RB","Atlanta Falcons",,
"8586cc92-b63c-4717-9255-18adba9d1cbc","Ja'Marr","Chase","3.2","250.6","99","WR1","WR","Cincinnati Bengals",,
"ccd82f4a-118c-48a9-bc41-be4e7982c51b","Puka","Nacua","4.0","259.0","99","WR2","WR","Los Angeles Rams",,
"99a762f2-89e3-456c-8778-85bdc59eed37","Jaxon","Smith-Njigba","5.6","235.1","98","WR3","WR","Seattle Seahawks",,
"7c3bca66-1a06-4fa7-a113-af6075094545","Christian","McCaffrey","6.4","260.0","98","RB3","RB","San Francisco 49ers",,
"de5b18b5-9ed7-4d3a-900b-32a471551d60","Jonathan","Taylor","6.9","256.3","97","RB4","RB","Indianapolis Colts",,
"5005a8f8-1490-4291-a0f5-7901660f6946","Amon-Ra","St. Brown","8.4","227.5","97","WR4","WR","Detroit Lions",,
"e5db8e94-c155-4482-a7b3-56ede67d35e7","James","Cook","9.6","247.3","96","RB5","RB","Buffalo Bills",,
"262a83a9-64e4-4c2b-b0f9-bac4b9f2f341","CeeDee","Lamb","10.2","222.5","96","WR5","WR","Dallas Cowboys",,
"37f22983-56b9-462c-a470-275186ae8ca2","Justin","Jefferson","11.4","202.1","95","WR6","WR","Minnesota Vikings",,
"07461b76-d818-4a33-b0dd-b0c59c3a9b42","Ashton","Jeanty","12.8","238.5","95","RB6","RB","Las Vegas Raiders",,
"2021e119-e654-4752-82cf-37d1aba63032","De'Von","Achane","12.9","226.0","95","RB7","RB","Miami Dolphins",,
"d5e15f2a-362f-4859-946b-3a863afeed8b","Saquon","Barkley","14.9","226.0","94","RB8","RB","Philadelphia Eagles",,
"12164868-dfe2-4332-934b-46f94011d67d","Derrick","Henry","16.1","238.2","93","RB9","RB","Baltimore Ravens",,
"0df7c04e-9d9a-4884-9d91-678e01d3a28c","Kenneth","Walker III","17.1","212.0","93","RB10","RB","Kansas City Chiefs",,
"6ba58085-e65c-4488-82f9-3b55371e4bc2","Josh","Allen","17.3","363.5","93","QB1","QB","Buffalo Bills",,
"dc7613e2-f553-47c1-b269-06d6975b73c8","Omarion","Hampton","17.4","221.9","92","RB11","RB","Los Angeles Chargers",,
"c6583fe1-620d-4956-bf84-55815eb4d286","Chase","Brown","19.4","209.8","92","RB12","RB","Cincinnati Bengals",,
"99c242fd-69bd-45a8-96d6-a3cfaa70063d","Brock","Bowers","20.1","188.0","91","TE1","TE","Las Vegas Raiders",,
"05e934c4-ee4d-43ce-8df0-3b42b9bc9a79","Trey","McBride","21.5","191.4","91","TE2","TE","Arizona Cardinals",,
"cc61b3c5-70e6-4456-9ba2-4e23a1f9b2ac","Drake","London","22.1","195.7","90","WR7","WR","Atlanta Falcons",,
"a45b628e-ad6f-4b02-9132-1465cd726085","Malik","Nabers","23.6","200.4","90","WR8","WR","New York Giants",,
"e1a701cb-7fa1-402f-8344-4da7af9ccca6","George","Pickens","24.3","195.9","89","WR9","WR","Dallas Cowboys",,
"45b9dccc-22e7-4f30-9b11-42c07a2de939","Jeremiyah","Love","25.4","193.0","89","RB13","RB","Arizona Cardinals",,
"5653c54a-6e3c-43da-85fc-9ed6a179eaf7","Josh","Jacobs","25.9","201.3","89","RB14","RB","Green Bay Packers",,
"30b25589-c619-4a6c-924f-bfae3cd9a16f","Nico","Collins","27.0","196.0","88","WR10","WR","Houston Texans",,
"0a69ed5c-79bd-4af9-8420-8d716cabf31f","A.J.","Brown","29.1","193.8","87","WR11","WR","Philadelphia Eagles",,
"2cb400c9-16e2-4937-850b-05d9302a93c5","Rashee","Rice","29.6","162.0","87","WR12","WR","Kansas City Chiefs",,
"e738ab47-cd7d-4ea8-8d53-4f354c9907d6","Travis","Etienne Jr.","30.4","195.9","86","RB15","RB","New Orleans Saints",,
"6f325582-f279-4aa3-a10b-2f4228c76390","Javonte","Williams","31.9","187.8","86","RB16","RB","Dallas Cowboys",,
"9565f9b8-cce4-48d3-934b-4d7b1f1bdd54","Breece","Hall","32.2","199.6","86","RB17","RB","New York Jets",,
"5aff5607-e6fc-42df-b609-41b63f3aa5cc","Chris","Olave","33.8","187.8","85","WR13","WR","New Orleans Saints",,
"903e5050-9c85-43ef-9728-287b0fd6fa83","Kyren","Williams","34.0","189.3","85","RB18","RB","Los Angeles Rams",,
"b6336c52-ec87-4509-9ede-1ee249b76cf4","Tee","Higgins","34.3","172.6","85","WR14","WR","Cincinnati Bengals",,
"bfd27590-6864-49ad-a2e4-b6a0985b28a0","Lamar","Jackson","35.4","323.3","84","QB2","QB","Baltimore Ravens",,
"7b8f198a-a996-46ca-8869-e699a61cd8e1","DeVonta","Smith","36.8","166.5","83","WR15","WR","Philadelphia Eagles",,
"560f0fd0-8a80-4ffb-ba97-e8ada678e28f","Emeka","Egbuka","38.2","163.6","83","WR16","WR","Tampa Bay Buccaneers",,
"b2c7d145-aa98-449e-9787-5d1d13a79345","Tetairoa","McMillan","40.8","176.9","82","WR17","WR","Carolina Panthers",,
"e5a52e43-fbea-45dc-8660-96ee36bf08b0","D.J.","Moore","40.8","149.5","82","WR18","WR","Buffalo Bills",,
"baa3e3ec-aac3-4b9e-b115-67d8f1ee41e6","Zay","Flowers","41.4","187.2","81","WR19","WR","Baltimore Ravens",,
"eb00bfc9-0fdb-4181-9564-1515b2dd93d3","Cam","Skattebo","42.1","170.7","81","RB19","RB","New York Giants",,
"e1d04d6d-9632-4c43-b358-c88d298ca77b","Garrett","Wilson","43.9","188.1","80","WR20","WR","New York Jets",,
"898e4436-dc36-4144-9381-07e4274eacc9","Colston","Loveland","45.2","161.9","80","TE3","TE","Chicago Bears",,
"d82e4b0e-bb59-4796-bd7b-8eb8bffaeffb","Mike","Evans","45.3","171.0","80","WR21","WR","San Francisco 49ers",,
"1af7ddfa-8424-4db6-b81d-44d60a6f7fb5","Bucky","Irving","46.8","183.3","79","RB20","RB","Tampa Bay Buccaneers",,
"b3ab90c9-8a19-482f-a860-d559344207d9","TreVeyon","Henderson","47.5","164.0","78","RB21","RB","New England Patriots",,
"7144a4ce-90cb-450e-a33b-41c7479a123f","Joe","Burrow","48.9","308.1","78","QB3","QB","Cincinnati Bengals",,
"ca563fb0-8e8c-417a-b9f8-12a2d055ef98","David","Montgomery","49.1","182.4","78","RB22","RB","Houston Texans",,
"f08f68d6-d15f-4027-853c-bf7911047ad6","Ladd","McConkey","49.2","166.6","78","WR22","WR","Los Angeles Chargers",,
"abad0ce9-c685-48c9-b8db-ddbab63f73ee","Jameson","Williams","49.9","176.2","77","WR23","WR","Detroit Lions",,
"edf31dae-c400-433e-83bc-9fdece811568","Davante","Adams","51.6","155.7","77","WR24","WR","Los Angeles Rams",,
"79d2e493-c4f0-42d9-b031-64b3a024c427","Luther","Burden","53.2","166.7","76","WR25","WR","Chicago Bears",,
"52a027a8-b12e-4e35-ba70-2f2a8b036c09","Quinshon","Judkins","53.3","169.8","76","RB23","RB","Cleveland Browns",,
"cb3a76ab-baf2-49c2-9fe2-444a1ec49398","Terry","McLaurin","54.6","165.6","75","WR26","WR","Washington Commanders",,
"b9beac91-a4c7-481a-8506-311f3424c203","D'Andre","Swift","56.1","177.4","75","RB24","RB","Chicago Bears",,
"caf3e5cc-962d-43b7-aee5-f16f4d0a3845","Jadarian","Price","57.5","140.0","74","RB25","RB","Seattle Seahawks",,
"fcad6edc-52db-4f78-9e57-08eb2c8c8565","Jaylen","Waddle","57.7","155.0","74","WR27","WR","Denver Broncos",,
"a2b3ac98-ae6b-41df-a53f-038101c468fa","Rome","Odunze","60.1","156.7","73","WR28","WR","Chicago Bears",,
"e27c7606-ed10-46b8-8c5c-3bbcd68efacf","Tyler","Warren","60.8","151.2","72","TE4","TE","Indianapolis Colts",,
"84f286e0-239d-433f-b654-59e374e231fe","Christian","Watson","61.5","159.9","72","WR29","WR","Green Bay Packers",,
"daa8ff2a-c2db-4d38-96e4-d4c3b457203d","Bhayshul","Tuten","62.4","154.9","72","RB26","RB","Jacksonville Jaguars",,
"e2041ec4-4cc4-4f3f-8f55-593ef2c6b19d","Jalen","Hurts","64.0","314.5","71","QB4","QB","Philadelphia Eagles",,
"e3cf2638-df10-4dc2-88d2-ce98634b6827","Drake","Maye","64.6","315.6","71","QB5","QB","New England Patriots",,
"34beca63-a1d8-4b9a-a051-2a2899c55dd7","Carnell","Tate","64.7","166.0","71","WR30","WR","Tennessee Titans",,
"242cd996-d460-45c7-97a6-dacf1cbcf310","Jayden","Daniels","66.5","317.7","70","QB6","QB","Washington Commanders",,
"5e889c93-b994-42ea-83e5-09def218e276","Jordyn","Tyson","67.8","165.0","69","WR31","WR","New Orleans Saints",,
"da734ea2-17b9-42ba-a72c-637567ceb44c","Chuba","Hubbard","68.2","161.1","69","RB27","RB","Carolina Panthers",,
"8ac32621-1c13-4ded-9b44-2590972a9e37","Brian","Thomas","69.2","152.9","68","WR32","WR","Jacksonville Jaguars",,
"bee2e97e-6521-495a-bd7b-d1773fbc21cd","Caleb","Williams","69.6","303.3","68","QB7","QB","Chicago Bears",,
"2159602f-35b2-4bd7-91a3-2e4cf482cde1","Dak","Prescott","70.7","309.9","68","QB8","QB","Dallas Cowboys",,
"0823d4a8-011a-4606-9b58-558da9e81853","Alec","Pierce","72.2","157.0","67","WR33","WR","Indianapolis Colts",,
"b4da19e1-6218-4455-bc0a-42bc626abcf6","Marvin","Harrison","72.5","145.7","67","WR34","WR","Arizona Cardinals",,
"bf1050c0-b75a-4e56-b66c-f97706e9dcea","Tucker","Kraft","76.1","134.8","65","TE5","TE","Green Bay Packers",,
"7c07c5b9-b364-43ac-97c7-dbc4eebefc05","Rhamondre","Stevenson","76.8","159.9","65","RB28","RB","New England Patriots",,
"37a5b1dc-d189-4cb0-9f28-9f9dbf16e8a2","Makai","Lemon","77.1","161.0","65","WR35","WR","Philadelphia Eagles",,
"6053b9d0-35ae-42bf-8b7b-cc46e0020126","DK","Metcalf","77.4","152.3","65","WR36","WR","Pittsburgh Steelers",,
"e6a26409-e24a-484f-9578-28dbf2e6432d","Jaxson","Dart","78.9","304.5","64","QB9","QB","New York Giants",,
"8792df7b-cf57-4c60-8cde-9ff46d27d479","Parker","Washington","80.3","156.2","63","WR37","WR","Jacksonville Jaguars",,
"431b04bc-a58e-41ef-ae50-258d1036748f","Jaylen","Warren","80.9","156.6","63","RB29","RB","Pittsburgh Steelers",,
"48b2ca63-8ba9-4b9a-b7af-bbef17c89846","Harold","Fannin","82.6","148.1","62","TE6","TE","Cleveland Browns",,
"9157584b-b4bc-4ad7-95cd-47a583f141bd","RJ","Harvey","82.7","141.8","62","RB30","RB","Denver Broncos",,
"f449f731-19d4-4488-a645-ad39551c6b30","Justin","Herbert","83.5","307.3","62","QB10","QB","Los Angeles Chargers",,
"f8d8780e-0e04-4ea0-8343-f529e4bb1593","Sam","LaPorta","84.6","144.1","61","TE7","TE","Detroit Lions",,
"7f17709b-ff91-4261-be24-4d95644cb7c8","Kyle","Monangai","85.1","145.1","61","RB31","RB","Chicago Bears",,
"3a8c292f-5bdf-4884-92be-6b9f9a073500","Trevor","Lawrence","87.7","307.4","60","QB11","QB","Jacksonville Jaguars",,
"42a617f0-95af-4c6e-85fd-28df0ff7fc73","Tony","Pollard","88.0","148.1","60","RB32","RB","Tennessee Titans",,
"49fed2ad-e746-48a2-a01f-6f786d08f5de","Michael","Wilson","88.1","139.9","60","WR38","WR","Arizona Cardinals",,
"ae99dd68-d9e0-4515-bca7-6251826d3569","Kyle","Pitts","88.7","138.6","59","TE8","TE","Atlanta Falcons",,
"34f9ed1e-8712-4d1d-a1e6-aa5bea663dc1","Courtland","Sutton","89.8","139.5","59","WR39","WR","Denver Broncos",,
"a68d5238-e712-4faf-9f2b-8066ce3b3f80","Rico","Dowdle","91.3","138.6","58","RB33","RB","Pittsburgh Steelers",,
"4357d818-0ea4-4f94-ba32-0a12da8761f5","Quentin","Johnston","92.6","134.9","58","WR40","WR","Los Angeles Chargers",,
"226ee734-938e-44f5-ba78-cb205887990c","Chris","Godwin","93.6","139.6","57","WR41","WR","Tampa Bay Buccaneers",,
"324f8d9f-7c68-495d-8101-325ed9212350","Matthew","Stafford","93.8","280.2","57","QB12","QB","Los Angeles Rams",,
"e2378626-d211-4e4e-a102-519afafe501f","Jayden","Reed","94.1","138.8","57","WR42","WR","Green Bay Packers",,
"4c5cb440-6220-4de1-bfbf-7a23226c9e03","Patrick","Mahomes","94.9","280.6","57","QB13","QB","Kansas City Chiefs",,
"f8eba2b3-77a3-4326-b338-3c5a327ebae5","George","Kittle","98.2","123.4","55","TE9","TE","San Francisco 49ers",,
"b81da160-9620-4c64-be92-ea849c5066f6","Jordan","Addison","98.2","134.1","55","WR43","WR","Minnesota Vikings",,
"c3141997-c0d4-4dff-9d46-182fa79e133f","Blake","Corum","99.5","129.8","54","RB34","RB","Los Angeles Rams",,
"14ebe973-fd54-413f-9770-eefad3a0a22a","Brock","Purdy","100.5","297.7","54","QB14","QB","San Francisco 49ers",,
"bed70478-90ee-4913-9e41-82d66fca48df","J.K.","Dobbins","101.2","147.2","54","RB35","RB","Denver Broncos",,
"7eb4c879-eb36-42b9-bcfb-5c71aafbd2b1","Jared","Goff","102.1","285.5","53","QB15","QB","Detroit Lions",,
"f3295482-ced1-413a-90f8-5ad870267f1a","Matthew","Golden","102.6","132.3","53","WR44","WR","Green Bay Packers",,
"2eaeb82e-7ceb-4f65-b566-6788bc4f3b68","Bo","Nix","106.1","299.7","51","QB16","QB","Denver Broncos",,
"111a2a64-d5ba-44c0-8e17-4bd4a1fb610a","Kyler","Murray","107.4","269.2","51","QB17","QB","Minnesota Vikings",,
"94648f1f-e9bf-46c4-a463-40f8c50f6d39","Xavier","Worthy","107.9","136.0","51","WR45","WR","Kansas City Chiefs",,
"81d930f0-43c3-4ff4-9178-69cbc9abff7b","Jakobi","Meyers","108.1","137.3","50","WR46","WR","Jacksonville Jaguars",,
"e0303f62-28fb-49ab-9f36-12395298772d","Romeo","Doubs","108.4","138.7","50","WR47","WR","New England Patriots",,
"6500be62-ea53-4aa9-baac-14d2d0b56d2e","Josh","Downs","108.8","132.1","50","WR48","WR","Indianapolis Colts",,
"1aa92aaa-298d-4964-ac6b-8688bdecb00e","Ricky","Pearsall","110.1","139.7","50","WR49","WR","San Francisco 49ers",,
"85327869-b953-4296-8061-34dbeb43bcae","Chris","Rodriguez","110.6","127.0","49","RB36","RB","Jacksonville Jaguars",,
"0b903bf2-bf13-4c61-9c10-f02fdada5488","Jake","Ferguson","113.4","126.8","48","TE10","TE","Dallas Cowboys",,
"4d732c25-cc14-4430-80d2-005728420cd4","Jordan","Love","113.6","286.5","48","QB18","QB","Green Bay Packers",,
"f9bb1f35-7720-45e1-98a0-6d3136d2beae","Kenneth","Gainwell","114.1","118.2","48","RB37","RB","Tampa Bay Buccaneers",,
"87d78dd0-9776-4a87-ad7b-97d74c5b746f","Travis","Kelce","114.2","131.5","48","TE11","TE","Kansas City Chiefs",,
"508a13e0-2f0b-4776-b31a-23b2709ef598","Jacory","Croskey-Merritt","114.3","120.4","48","RB38","RB","Washington Commanders",,
"8468d5bd-e29a-4ace-9547-8ec64e8940a1","Michael","Pittman Jr.","114.6","133.5","47","WR50","WR","Pittsburgh Steelers",,
"c0e6454a-fe4a-4a61-98c1-f91a9bb525a8","Tyler","Shough","116.9","264.0","46","QB19","QB","New Orleans Saints",,
"2bb9ba7d-6b3c-4e0f-b86f-71a6f2f005a1","Mark","Andrews","118.8","127.8","46","TE12","TE","Baltimore Ravens",,
"5cfb783c-b4d6-4aae-9f44-7dc69c798b97","KC","Concepcion","118.8","124.2","46","WR51","WR","Cleveland Browns",,
"62312feb-2b84-4bb8-8147-90e5aae59005","Baker","Mayfield","121.2","280.9","44","QB20","QB","Tampa Bay Buccaneers",,
"6cafce4c-eb3b-4058-a496-14a70a2e795f","Isaiah","Likely","121.6","121.7","44","TE13","TE","New York Giants",,
"ee4024c1-7087-4840-8abb-a246fd7f7926","Jordan","Mason","121.6","120.0","44","RB39","RB","Minnesota Vikings",,
"b642379c-1ada-403e-adae-7bdc7fa4035a","Wan'Dale","Robinson","123.0","127.0","44","WR52","WR","Tennessee Titans",,
"39e57bd8-abe5-4401-be29-d9eeee732c74","Rachaad","White","125.7","108.7","42","RB40","RB","Washington Commanders",,
"573db744-9051-496f-9c1f-25ce0aee5002","Jonathon","Brooks","125.9","24.3","42","RB41","RB","Carolina Panthers",,
"ae435552-2e13-4298-a2cd-d89abfb69e47","Aaron","Jones","126.5","138.8","42","RB42","RB","Minnesota Vikings",,
"d912f8e6-d22f-43bc-aa4f-a96ae01188b0","Dalton","Kincaid","127.1","125.6","42","TE14","TE","Buffalo Bills",,
"f22c4565-176d-469c-a69b-661371b0d543","Khalil","Shakir","128.4","132.0","41","WR53","WR","Buffalo Bills",,
"ace07fec-47fa-41b0-8f67-900ca5261ed3","Oronde","Gadsden","131.1","122.1","40","TE15","TE","Los Angeles Chargers",,
"8bcf27fd-6e4d-48c3-9d57-0edbd4386847","Jayden","Higgins","131.8","135.2","39","WR54","WR","Houston Texans",,
"2620100f-7e5d-4b32-ba34-2ac2f7f72aa9","Dallas","Goedert","131.9","115.5","39","TE16","TE","Philadelphia Eagles",,
"671f8c9c-28b3-4dbd-87d2-13c2a9a5c963","Tyrone","Tracy","132.8","102.8","39","RB43","RB","New York Giants",,
"a9914df1-b8bc-4943-a352-ad60d54e6840","Rashid","Shaheed","134.5","113.2","38","WR55","WR","Seattle Seahawks",,
"ca9ced8b-95e8-4685-97b7-8e59097fea1b","Stefon","Diggs","136.3","108.0","37","WR56","WR",,,
"84eb37af-035c-4162-b360-7ccb07c933df","Malik","Willis","136.6","256.8","37","QB21","QB","Miami Dolphins",,
"73ebdcb4-cfde-4afa-819d-acfa74f688f9","Jalen","Coker","138.4","133.9","36","WR57","WR","Carolina Panthers",,
"e106903e-7948-49f8-a1d8-ab2543dfbce4","Kenyon","Sadiq","140.8","125.0","35","TE17","TE","New York Jets",,
"5c5dfc3f-3923-489b-b11a-e24c351a344f","Jonah","Coleman","141.6","121.0","35","RB44","RB","Denver Broncos",,
"122053e4-9895-4c88-920c-edbcedd61a73","Hunter","Henry","142.5","119.9","35","TE18","TE","New England Patriots",,
"ec25c6ff-f64b-4eb2-9219-614baf6dc2c5","Sam","Darnold","143.2","266.7","34","QB22","QB","Seattle Seahawks",,
"103164fe-09fb-48fd-8936-86d748ab81fc","Zach","Charbonnet","143.4","70.8","34","RB45","RB","Seattle Seahawks",,
"364773ee-cb8b-4eb6-a06f-b683d3ebd403","Chig","Okonkwo","144.2","95.9","34","TE19","TE","Washington Commanders",,
"bd217ff5-f47d-432e-a310-2b44fd6fa615","Jauan","Jennings","144.4","110.0","34","WR58","WR","Minnesota Vikings",,
"4b70de9f-1e45-43d6-a9e6-4db357e2c563","Isiah","Pacheco","144.8","50.6","33","RB46","RB","Detroit Lions",,
"305231d5-5d6d-42d4-90cf-981d25d5b8d0","Omar","Cooper","148.6","129.0","32","WR59","WR","New York Jets",,
"7a1f8039-eefe-40b6-b957-44b81f470b68","Jalen","McMillan","148.6","98.4","32","WR60","WR","Tampa Bay Buccaneers",,
"48cc11a5-4f63-4538-8c70-716442a581b1","Brenton","Strange","149.5","124.8","31","TE20","TE","Jacksonville Jaguars",,
"171fc41e-fd4f-4582-83dd-ca02c93db132","Woody","Marks","149.7","76.3","31","RB47","RB","Houston Texans",,
"55aea8c1-eb0c-4a13-a1f9-f51ce59d6d11","C.J.","Stroud","149.8","238.2","31","QB23","QB","Houston Texans",,
"da9f6a13-7a56-40a2-bd21-dc9486cbfa05","Travis","Hunter","150.5","79.1","31","WR61","WR","Jacksonville Jaguars",,
"1391a0b2-a7ed-4a65-9bbf-18495fee9c07","Jalen","Nailor","150.6","116.1","31","WR62","WR","Las Vegas Raiders",,
"b4d2cdc6-fd4e-4dbe-a2b6-b9290cad4577","Cam","Ward","152.0","233.8","30","QB24","QB","Tennessee Titans",,
"3a43ee64-1e4b-489e-ad8b-066c22af1335","Juwan","Johnson","153.5","109.6","29","TE21","TE","New Orleans Saints",,
"bfe162da-a773-43ba-a6b0-167e1314164a","Keaton","Mitchell","154.8","89.9","29","RB48","RB","Los Angeles Chargers",,
"03fb61e5-a26f-48b9-8f31-849e6da98fc1","Daniel","Jones","155.9","235.5","28","QB25","QB","Indianapolis Colts",,
"7bc48dad-d97c-4f14-9103-fcbb288e1184","Antonio","Williams","158.7","79.5","27","WR63","WR","Washington Commanders",,
"7cb79eec-f460-458d-b97e-27304513504e","T.J.","Hockenson","158.8","103.0","27","TE22","TE","Minnesota Vikings",,
"8733ac47-e03f-4115-8f69-78df30202491","Tyler","Allgeier","159.2","69.8","27","RB49","RB","Arizona Cardinals",,
"2d48737a-7b1b-472a-933a-35f273d52ce7","Tre","Tucker","159.2","91.8","27","WR64","WR","Las Vegas Raiders",,
"8cb8bbe6-76bf-4959-9692-38326974adba","Nicholas","Singleton","161.4","81.0","26","RB50","RB","Tennessee Titans",,
"0dad4ece-d984-4b37-a8b6-8e12e530e1ea","Isaac","TeSlaa","162.1","88.9","25","WR65","WR","Detroit Lions",,
"5d24e099-6782-4f11-b783-e1319761ae12","Brandon","Aiyuk","162.3","106.3","25","WR66","WR","San Francisco 49ers",,
"93fd83a8-7e46-48bf-8be2-471de5db1168","AJ","Barner","165.6","113.4","24","TE23","TE","Seattle Seahawks",,
"78ea9030-4abe-4584-898b-57844ecafd18","Denzel","Boston","167.5","119.0","23","WR67","WR","Cleveland Browns",,
"39fc68bb-d5d2-4b32-8a81-94cf0d328a76","De'Zhaun","Stribling","168.2","93.1","23","WR68","WR","San Francisco 49ers",,
"03e6cd4e-5117-4186-a525-28da98c1d925","Chris","Bell","169.0","74.7","22","WR69","WR","Miami Dolphins",,
"49dd2d8a-d21d-4757-a2d8-05e5e3f39d2d","Bryce","Young","169.4","229.3","22","QB26","QB","Carolina Panthers",,
"54af7338-34d3-4b14-b271-cc71144de6f9","Dalton","Schultz","170.8","106.0","21","TE24","TE","Houston Texans",,
"e58d3fcc-07c8-421c-b524-5955961c19a5","Tyreek","Hill","171.1","88.0","21","WR70","WR",,,
"7b7282a4-1bd8-42d6-8ff6-c7147b61000c","David","Njoku","172.4","75.0","21","TE25","TE","Los Angeles Chargers",,
"b4e8ee00-01b4-4765-ad39-1b33b7ef3b36","Emmett","Johnson","173.6","61.0","20","RB51","RB","Kansas City Chiefs",,
"03256377-ea3c-4d5f-aee9-64f0761fce28","Mike","Washington","174.2","121.0","20","RB52","RB","Las Vegas Raiders",,
"5178fc5c-62d8-44c3-aae4-b2ea5bcb23c4","Tyjae","Spears","175.3","99.1","19","RB53","RB","Tennessee Titans",,
"21209aaa-dd4d-468b-98d2-8ebe3db17008","Deebo","Samuel","175.7","94.0","19","WR71","WR",,,
"160f9607-3e5c-4d4e-9453-b7b734e8d950","Alvin","Kamara","176.5","42.9","19","RB54","RB","New Orleans Saints",,
"d579528f-f506-4e21-a9dc-75b798f90c41","Jerry","Jeudy","179.4","98.1","17","WR72","WR","Cleveland Browns",,
"09cc2464-445a-4e34-8ed2-209bcc3199c9","Dylan","Sampson","179.5","79.2","17","RB55","RB","Cleveland Browns",,
"e485ae4e-15c9-478e-bb97-9d5dd292820a","Ryan","Flournoy","181.0","94.0","17","WR73","WR","Dallas Cowboys",,
"9b2d9e17-be54-48a6-aee9-c6b91f64f64e","Eli","Stowers","182.3","105.0","16","TE26","TE","Philadelphia Eagles",,
"09b4ae30-d58e-43b0-808a-e4e8b7c21299","Brian","Robinson","182.8","63.4","16","RB56","RB","Atlanta Falcons",,
"a8fbedf7-1932-4c2a-a816-3e94d9974ceb","Jacoby","Brissett","184.3","166.0","15","QB27","QB","Arizona Cardinals",,
"a08829e5-fbc8-4ae5-a22f-8d7bb39460b9","Tank","Bigsby","185.3","55.2","15","RB57","RB","Philadelphia Eagles",,
"6384a255-40f5-4458-94d4-298e5e352557","Tank","Dell","185.5","80.8","15","WR74","WR","Houston Texans",,
"2fe40be1-ba6c-4d08-bf42-3e6c71c66f26","Cade","Otton","186.8","100.0","14","TE27","TE","Tampa Bay Buccaneers",,
"7fa13faa-8a24-446a-b564-8486373c23fb","Kayshon","Boutte","187.4","95.6","14","WR75","WR","New England Patriots",,
"b4258305-b6f9-4994-aa0b-b8195a41c7bf","Ted","Hurst","188.4","78.0","13","WR76","WR","Tampa Bay Buccaneers",,
"6e611be6-d43e-4460-aa04-2856a9755268","Fernando","Mendoza","189.3","235.0","13","QB28","QB","Las Vegas Raiders",,
"cb3363f8-56b6-4824-8b22-1202e6ac201e","Gunnar","Helm","190.7","94.3","12","TE28","TE","Tennessee Titans",,
"e8253030-4655-4e3e-aa42-846499bca239","Kaytron","Allen","191.2","50.0","12","RB58","RB","Washington Commanders",,
"53ea17f7-56c1-4cd8-8218-dcab61503e73","Malachi","Fields","191.3","73.0","12","WR77","WR","New York Giants",,
"e34e51a0-2ee8-4341-9e14-7449dcc0d8c8","Calvin","Ridley","192.8","63.8","11","WR78","WR","Tennessee Titans",,
"a03bea6a-e0db-47ef-9504-04b71a414cbd","Malik","Washington","194.1","82.2","11","WR79","WR","Miami Dolphins",,
"198cd200-9229-4072-8a7f-2085b0b829c9","Tre'","Harris","194.7","93.4","10","WR80","WR","Los Angeles Chargers",,
"f8d135d6-f880-4c70-a698-622478a97f02","Pat","Freiermuth","196.7","102.9","9","TE29","TE","Pittsburgh Steelers",,
"5481abec-fab6-4082-8583-de3b222769c8","Geno","Smith","197.3","230.5","9","QB29","QB","New York Jets",,
"66008e14-48b6-476c-b7c9-fc162e9ac5d1","Zachariah","Branch","197.5","82.1","9","WR81","WR","Atlanta Falcons",,
"808619e8-1c54-4d35-a413-46aa4a016938","Emanuel","Wilson","198.5","51.0","9","RB59","RB","Seattle Seahawks",,
"11f10c5d-dff7-4375-a45b-2a749d359fbd","Aaron","Rodgers","200.3","120.0","8","QB30","QB","Pittsburgh Steelers",,
"0a0d8958-ba06-4b10-be57-368e35f7fece","Darnell","Mooney","200.6","58.5","8","WR82","WR","New York Giants",,
"b9510a97-af0f-4a69-9d1a-1349d9c37567","Kaelon","Black","201.5","39.3","7","RB60","RB","San Francisco 49ers",,
"92d17449-63a6-4aa0-86bf-4e45f5a12fda","Troy","Franklin","202.4","70.6","7","WR83","WR","Denver Broncos",,
"410598d3-eaa0-46b2-98e6-2063c55926fe","Sean","Tucker","203.7","50.5","6","RB61","RB","Tampa Bay Buccaneers",,
"88254599-1c4e-495c-b386-57a6b63ed2f3","Tory","Horton","205.8","88.8","5","WR84","WR","Seattle Seahawks",,
"8997a6f3-78f2-4b36-8e66-aa94ce472047","Germie","Bernard","205.8","80.0","5","WR84","WR","Pittsburgh Steelers",,
"9a1dfece-d0d0-4f31-9d14-46ef3b15a8ad","Colby","Parkinson","206.1","67.2","5","TE30","TE","Los Angeles Rams",,
"e31aa73c-29ed-4924-9acf-c870c1d5090d","Jake","Tonges","207.4","55.8","4","TE31","TE","San Francisco 49ers",,
"77d3c538-60ce-474c-b0bf-45104ed2b67a","Mike","Gesicki","207.9","83.9","4","TE32","TE","Cincinnati Bengals",,
"9bdf67b1-59f9-4f3f-83c9-fa4ba01a75dc","Elijah","Sarratt","208.2","80.0","4","WR86","WR","Baltimore Ravens",,
"1f29dc14-d19b-4886-9b0b-f8e599037375","Dontayvion","Wicks","208.2","71.6","4","WR87","WR","Philadelphia Eagles",,
"84b4c561-378c-4e11-8abb-b0fc4d244444","Greg","Dulcich","208.6","50.5","4","TE33","TE","Miami Dolphins",,
"ce62d12c-04d0-4442-b01d-e396f6049d87","Skyler","Bell","209.4","76.2","4","WR88","WR","Buffalo Bills",,
"b243e713-7d04-4675-ab3b-5a4a7bd15799","Ray","Davis","209.8","53.5","3","RB62","RB","Buffalo Bills",,
"79c89d3e-4b1f-4cc4-9902-7ce9bc7e2bef","Keon","Coleman","210.0","31.8","3","WR89","WR","Buffalo Bills",,
"bb32f72b-4f97-4827-a72a-98328f77fee1","Jordan","James","210.6","54.2","3","RB63","RB","San Francisco 49ers",,
"3d9f209e-b4dc-4572-8571-a163a3cc88f8","Tua","Tagovailoa","210.8","137.9","3","QB31","QB","Atlanta Falcons",,
"d42250c8-893b-4208-a3d1-095340b45202","Chris","Brazzell","210.8","70.0","3","WR90","WR","Carolina Panthers",,
"43e7ce22-e649-443d-a6a2-4b89add7b718","Cooper","Kupp","210.9","70.4","3","WR91","WR","Seattle Seahawks",,
"f48e118b-b52c-45c8-9c15-6273d0929dbc","Kimani","Vidal","212.1","32.2","2","RB64","RB","Los Angeles Chargers",,
"bd95af1c-24e4-4d78-a034-dcba43892e48","Braelon","Allen","212.3","48.8","2","RB65","RB","New York Jets",,
"293d3ca6-0c25-4403-8c90-6977e7a994eb","Adonai","Mitchell","212.3","52.2","2","WR92","WR","New York Jets",,
"f1ad9c89-2f4e-4b18-a090-b3e99a4ede7f","Deshaun","Watson","212.5","56.9","2","QB32","QB","Cleveland Browns",,
"2cd7eff0-edee-4769-a453-f25faced57f9","Tyquan","Thornton","212.6","52.6","2","WR93","WR","Kansas City Chiefs",,
"9bd23c75-7ec7-4993-8496-6d19c1cc45f9","Rashod","Bateman","212.6","70.1","2","WR94","WR","Baltimore Ravens",,
"4e5577ff-6c4e-4f43-b84f-aa5d45580e6f","Zavion","Thomas","212.9","47.2","2","WR95","WR","Chicago Bears",,
"23632b0c-a09e-4105-8d50-3a51931b70f9","Terrance","Ferguson","213.0","66.4","2","TE34","TE","Los Angeles Rams",,
"2ab16479-9456-4357-8b3d-b189afd1f45f","James","Conner","213.3","55.8","2","RB66","RB","Arizona Cardinals",,
"d4107c9e-1f16-476f-94c1-f00bf1521705","Christian","Kirk","213.3","60.7","2","WR96","WR","San Francisco 49ers",,
"7c70a668-ae93-4fd7-824e-06ecae046557","Kirk","Cousins","213.4","43.2","2","QB33","QB","Las Vegas Raiders",,
"b2ccf8f8-ed78-411a-be03-56240fe60705","Demond","Claiborne","213.8","27.8","2","RB67","RB","Minnesota Vikings",,
"52e6cd97-d378-4122-ab58-e798f0a2779f","Andrei","Iosivas","213.9","75.3","1","WR97","WR","Cincinnati Bengals",,
"47505381-2203-4fbd-a786-06ab1be2d360","Evan","Engram","214.0","55.2","1","TE35","TE","Denver Broncos",,
"8c3d23e4-b318-49d1-97ec-a1fedcd68694","Pat","Bryant","214.3","78.9","1","WR98","WR","Denver Broncos",,
"de5d5b46-1f03-4edc-8d61-d02a176467bb","Justice","Hill","214.4","45.0","1","RB68","RB","Baltimore Ravens",,
"511246b9-0904-44e6-a14e-7e186240c060","Calvin","Austin III","214.4","31.6","1","WR99","WR","New York Giants",,
"9bb71742-224a-436c-91a6-f1b3f1b3ba35","Ja'Kobi","Lane","214.7","74.1","1","WR100","WR","Baltimore Ravens",,
"3b97f26b-0109-4fd4-bafb-c80e31676a72","Jack","Bech","214.7","71.7","1","WR100","WR","Las Vegas Raiders",,
"5c57df4a-ff71-425d-a01a-79556929933a","Shedeur","Sanders","214.8","57.2","1","QB34","QB","Cleveland Browns",,
"e27f95af-7b66-42ca-9f3e-49262cfb43ed","Eli","Raridon","214.8","30.7","1","TE36","TE","New England Patriots",,
"4a5243da-1ff4-46a5-ad49-f60048e8a93a","Tahj","Brooks","214.8","22.9","1","RB69","RB","Cincinnati Bengals",,
"f3ce169d-3010-44f6-8a7c-61ea290b8afa","MarShawn","Lloyd","214.8","4.5","1","RB70","RB","Green Bay Packers",,
"82917eb8-37db-485d-aa82-1876cd760a37","Jaydon","Blue","214.8","41.4","1","RB71","RB","Dallas Cowboys",,
"c412a513-f3f6-43bc-9ab1-31f4d0ac0b45","Carson","Beck","214.9","56.9","1","QB35","QB","Arizona Cardinals",,
"c38468e2-7c2c-40dc-b5eb-b38d63a72a73","Michael","Penix","214.9","110.4","1","QB36","QB","Atlanta Falcons",,
"d2bf116b-41f3-4085-ad36-5d6129e270b1","Brenen","Thompson","215.0","32.0","1","WR102","WR","Los Angeles Chargers",,
"d17d2111-77f3-4ebe-aa4c-2736341a1400","DJ","Giddens","215.1","27.0","1","RB72","RB","Indianapolis Colts",,
"a8e6fb50-a264-4351-92be-ded9779980b2","Samaje","Perine","215.2","29.2","1","RB73","RB","Cincinnati Bengals",,
"e1ec57f5-5dc5-480e-8e83-2f9728f7ba0d","Dawson","Knox","215.2","62.4","1","TE37","TE","Buffalo Bills",,
"a2d077ff-61a7-44d1-9d3c-28c9d7c4547a","Keenan","Allen","215.2","0.0","1","WR103","WR",,,
"cdf76f30-7099-481c-a26a-0844dd012041","Jaylin","Noel","215.3","67.4","1","WR104","WR","Houston Texans",,
"9e8ec7be-8eff-4e8a-85c4-2bd941e4ad7d","Justin","Fields","215.3","36.7","1","QB37","QB","Kansas City Chiefs",,
"fb21d185-2b60-4a5f-8a4a-fa7aeaebe188","Bryce","Lance","215.3","31.2","1","WR105","WR","New Orleans Saints",,
"31bd0151-9c4b-4033-af19-994af876fff5","Theo","Johnson","215.3","61.5","1","TE38","TE","New York Giants",,
"43aca04f-dc01-4b21-a7a8-35e115769853","Caleb","Douglas","215.3","26.5","1","WR106","WR","Miami Dolphins",,
"eae24295-98a4-4592-b2e4-fe3745e786d2","Oscar","Delp","215.4","30.9","1","TE39","TE","New Orleans Saints",,
"3eb9c82a-443d-4595-87a6-fcda961b0000","Devaughn","Vele","215.4","74.5","1","WR107","WR","New Orleans Saints",,
"bbe14d8d-16c9-4f3e-974c-3b58d00a72d0","Ollie","Gordon","215.4","21.7","1","RB74","RB","Miami Dolphins",,
"735dbaf5-64cc-464f-a730-bc36ffa7f4c9","Chimere","Dike","215.5","72.4","1","WR108","WR","Tennessee Titans",,
"1e768d0f-39ae-4047-ba45-a37d844c8960","Jaylen","Wright","215.5","41.1","1","RB75","RB","Miami Dolphins",,
"9de78f9a-87fb-4098-afeb-8a58ea383d14","Jalen","Tolbert","215.5","27.7","1","WR108","WR","Miami Dolphins",,
"b49ee216-983d-4966-b794-bbe2960e07a4","Adam","Randall","215.5","26.1","1","RB75","RB","Baltimore Ravens",,
"c8e19b20-3fc1-4708-9278-3029b3357208","Mack","Hollins","215.5","71.3","1","WR110","WR","New England Patriots",,
"bac7be6f-12b6-491f-8208-96632810dbe1","Kyle","Williams","215.6","51.8","1","WR111","WR","New England Patriots",,
"ce5bd33f-584d-48eb-af3e-cf04f2ddb4aa","Hollywood","Brown","215.6","55.0","1","WR112","WR","Philadelphia Eagles",,
"ce045349-5ec7-45c9-b109-2df44588a1ce","Audric","Estime","215.7","21.1","1","RB77","RB","New Orleans Saints",,
"e29bdce9-e106-42d8-97a0-f77ae9ac1292","Mason","Taylor","215.7","60.8","1","TE40","TE","New York Jets",,
"2cf7b14a-d65b-465d-aadf-20d335754c11","Jonnu","Smith","215.7","0.0","1","TE40","TE",,,
"859b50a7-ee3c-4a1c-87f4-fc9cd3d99d2a","Justin","Joly","215.7","46.5","1","TE42","TE","Denver Broncos",,
"62e78b38-e697-4ce8-92d0-9eb930da80b4","Ty","Johnson","215.7","47.3","1","RB78","RB","Buffalo Bills",,
"cf718d56-4ed6-483b-8894-30274558b11f","Nick","Westbrook-Ikhine","215.7","22.2","1","WR113","WR","Indianapolis Colts",,
"d59ddbbc-9aeb-4e12-80d5-f40ab074e5c4","Max","Klare","215.8","66.7","1","TE43","TE","Los Angeles Rams",,
"f4012538-2b7c-45a0-a460-a762a737c552","Eric","Rivers","215.8","23.9","1","WR114","WR","Tampa Bay Buccaneers",,
"26bc733f-a53e-4363-ba14-a4be1715e78f","Jahan","Dotson","215.8","52.4","1","WR115","WR","Atlanta Falcons",,
"6503e248-0783-4f75-ac46-6d5d841fb109","Kevin","Coleman","215.8","26.4","1","WR116","WR","Miami Dolphins",,
"d012a490-8859-4db1-8d25-23ed843ef09b","Matt","Hibner","215.8","25.3","1","TE44","TE","Baltimore Ravens",,
"f27c39b1-81c1-4f2f-8ced-5e0b0ac384b3","Anthony","Richardson","215.8","36.5","1","QB38","QB","Indianapolis Colts",,
"bd5a5979-0208-4c2b-9b25-7e9c5cca2487","CJ","Daniels","215.8","31.8","1","WR117","WR","Los Angeles Rams",,
"ac6e3f9e-22c3-4c94-8d11-b89268385749","KaVontae","Turpin","215.8","63.0","1","WR118","WR","Dallas Cowboys",,
"afd12690-cb3e-4fd3-a215-340088c00412","Kalif","Raymond","215.8","23.2","1","WR118","WR","Chicago Bears",,
"131ba025-b32d-4832-8978-b79706787884","Marvin","Mims Jr.","215.8","58.4","1","WR120","WR","Denver Broncos",,
"ce295de9-c1f0-4d1c-a2e1-7ac50ffaaa66","Gardner","Minshew II","215.8","28.0","1","QB39","QB","Arizona Cardinals",,
"0f9a7fc0-cbef-45d2-a975-7c751413f0d8","Eli","Heidenreich","215.8","0.0","1","RB79","RB","Pittsburgh Steelers",,
"089bdc14-abfb-4e11-96d9-aa3bd4fee776","Xavier","Legette","215.8","32.1","1","WR121","WR","Carolina Panthers",,
"8ce42006-abfb-40a6-a5a4-298da0d3d6bf","Cyrus","Allen","215.8","30.2","1","WR121","WR","Kansas City Chiefs",,
"d1f62c5b-69c2-4af1-b22c-7293b5feaeaf","Roman","Wilson","215.8","22.3","1","WR121","WR","Pittsburgh Steelers",,
"f2c99465-7354-4c12-b24f-8898aa0af2a2","Tommy","Tremble","215.9","25.3","1","TE45","TE","Carolina Panthers",,
"4255372c-4b0f-4675-b7f6-ed57ae5dc9a6","Jameis","Winston","215.9","12.9","1","QB40","QB","New York Giants",,
"fe279460-1da0-484b-84f0-3bcc45b5cdb8","Olamide","Zaccheaus","215.9","60.8","1","WR124","WR","Atlanta Falcons",,
"4eab3f9b-5bfb-46bb-8166-a5c58a7fffb5","Elijah","Arroyo","215.9","57.7","1","TE46","TE","Seattle Seahawks",,
"5aa8a9b3-687a-4526-b9ec-9d9431676f40","Tutu","Atwell","215.9","28.2","1","WR124","WR","Miami Dolphins",,
"7987f83c-8ca1-4dca-9198-97b88f74ba85","Darius","Slayton","215.9","78.6","1","WR126","WR","New York Giants",,
"1fe6eb5b-f3b1-4cf5-8f98-fe172a7773cc","Darnell","Washington","215.9","71.4","1","TE47","TE","Pittsburgh Steelers",,
"ba41b226-c57c-43e2-92dc-48e076bd26a2","J.J.","McCarthy","215.9","19.6","1","QB41","QB","Minnesota Vikings",,
"062ad133-f934-4567-870a-d4dc5fd59c44","Devontez","Walker","215.9","9.7","1","WR127","WR","Baltimore Ravens",,
"c4648889-8528-4ee0-accd-5e17ce4f0e60","Ja'Tavion","Sanders","215.9","29.3","1","TE48","TE","Carolina Panthers",,
"b55cff0f-1b91-47cf-bb43-2e5dd0230bab","DeMario","Douglas","215.9","75.4","1","WR128","WR","New England Patriots",,
"d5aa8135-ecb6-40fd-beea-60ead53db4a3","Marquez","Valdes-Scantling","215.9","22.9","1","WR128","WR","Dallas Cowboys",,
"37a33a7e-701c-409c-9225-063fde4f48da","Greg","Dortch","215.9","22.7","1","WR128","WR","Detroit Lions",,
"edb0e246-1417-4a80-936f-4d4be670a31f","Deion","Burks","215.9","22.6","1","WR128","WR","Indianapolis Colts",,
"2df43684-b4a4-424d-90a6-8a355a9df971","Cole","Kmet","215.9","54.1","1","TE49","TE","Chicago Bears",,
"2376cf09-9132-49be-9a73-9c8e639cca37","Jalen","Royals","215.9","32.7","1","WR132","WR","Kansas City Chiefs",,
"e5021525-da77-4c09-be91-3afb52d37af8","Luke","Musgrave","215.9","32.1","1","TE49","TE","Green Bay Packers",,
"a140c974-08d1-4c7b-81d8-c90547bc4cc8","Jahdae","Walker","215.9","21.4","1","WR132","WR","Chicago Bears",,
"86e39b3f-a9c5-4931-bfb5-87f2448f7b17","Tyler","Huntley","215.9","12.7","1","QB42","QB","Baltimore Ravens",,
"70c2f34d-520e-4b64-ab75-d6e02b0ad0cc","Dyami","Brown","215.9","3.9","1","WR132","WR","Washington Commanders",,
"9281bf0c-0ef1-4103-a91e-f893a0659173","Najee","Harris","215.9","0.0","1","RB80","RB",,,
"8fba86a1-3fbc-4540-8794-872654aa6039","Tez","Johnson","215.9","31.4","1","WR135","WR","Tampa Bay Buccaneers",,
"ff648e2f-80ab-4dba-b9b7-15c95e6f1c60","Lance","Mason","215.9","25.1","1","TE51","TE","Seattle Seahawks",,
"630b6aa9-145d-4cf8-a9e4-5f00e7e73471","Savion","Williams","215.9","10.6","1","WR135","WR","Green Bay Packers",,
"0ee86dd8-90cc-46df-a012-c402c9e0e9c2","Taylen","Green","215.9","59.6","1","QB43","QB","Cleveland Browns",,
"b869f24e-ca4f-43e0-a70b-2b0def949c83","Kendrick","Bourne","215.9","57.3","1","WR137","WR","Arizona Cardinals",,
"962ed197-19ac-46ec-a963-4c7ef315efa6","Elic","Ayomanor","215.9","46.7","1","WR137","WR","Tennessee Titans",,
"62ad1196-558f-46ae-9031-2e03c6e54c1f","Seth","McGowan","215.9","29.3","1","RB81","RB","Indianapolis Colts",,
"f4fde904-1f12-4de9-b125-e1805aec8a32","Teddy","Bridgewater","215.9","11.6","1","QB43","QB","Detroit Lions",,
"ca522b6c-c295-4a03-b685-6109d369cccd","Malik","Benson","215.9","0.0","1","WR137","WR","Las Vegas Raiders",,
"8cbc3601-fd3e-44fa-9017-351bbc98d825","Joe","Mixon","215.9","0.0","1","RB81","RB",,,
"b7ef8750-02f1-4708-a168-80923df185a7","Charlie","Kolar","216.0","30.4","1","TE52","TE","Los Angeles Chargers",,
"f8075551-fd87-4518-ad6b-00e255cb36ad","Kaleb","Johnson","216.0","29.5","1","RB83","RB","Pittsburgh Steelers",,
"cdf8423f-0aee-4295-b3f7-614480b50479","Devin","Singletary","216.0","9.8","1","RB83","RB","New York Giants",,
"27417db2-8284-4e1a-84b4-e277be6c3983","Michael","Mayer","216.0","59.1","1","TE53","TE","Las Vegas Raiders",,
"67844938-3d22-43df-8385-ea2da4b1567e","John","Metchie III","216.0","30.0","1","WR140","WR","Carolina Panthers",,
"de5b408e-1e99-4307-b04d-f9bf4be9927e","Joe","Flacco","216.0","28.7","1","QB45","QB","Cincinnati Bengals",,
"a9313408-25e1-46d5-9b0b-cc14a1b8945d","Malik","Davis","216.0","27.4","1","RB85","RB","Dallas Cowboys",,
"ff653785-557d-4bd2-a066-eb3ff8fa9ce7","Colbie","Young","216.0","25.5","1","WR140","WR","Cincinnati Bengals",,
"b9b91aba-b1d3-4b7a-a863-b8a4e5592f10","Kyle","Juszczyk","216.0","14.4","1","RB86","RB","San Francisco 49ers",,
"6de34be2-9b7a-4964-bf0c-43c22600e8b2","Jordan","Whittington","216.0","19.3","1","WR142","WR","Los Angeles Rams",,
"0c04d5da-ef86-4da3-9bb9-899b78226c1d","Drew","Lock","216.0","0.0","1","QB46","QB","Seattle Seahawks",,
"ec5f4214-31e6-4b3c-8a70-d282d82cbaee","Jaylin","Lane","216.0","53.0","1","WR143","WR","Washington Commanders",,
"766ee49b-8164-46c8-978e-d893d488e8cf","LeQuint","Allen","216.0","47.2","1","RB87","RB","Jacksonville Jaguars",,
"98215eb3-e2a2-4753-8b41-a6d6fcf4acec","KeAndre","Lambert-Smith","216.0","29.0","1","WR143","WR","Los Angeles Chargers",,
"d063d097-cf42-4684-832f-ae93a4a95194","Treylon","Burks","216.0","28.8","1","WR143","WR","Washington Commanders",,
"f1b8862f-b911-4e80-b4aa-1e185a567f92","Jam","Miller","216.0","18.9","1","RB87","RB","New England Patriots",,
"37dfdeb5-1876-49f3-aa79-749824553d42","Erick","All","216.0","0.0","1","TE54","TE","Cincinnati Bengals",,
"c0e6ee4a-cd4f-4ef7-8272-d96c34b10bf3","Jake","Browning","216.0","0.0","1","QB47","QB","Tampa Bay Buccaneers",,
"729ba13d-be4b-447f-a37d-a1a603084ba0","Noah","Gray","216.0","47.1","1","TE55","TE","Kansas City Chiefs",,
"13c9540c-4d76-4a9e-817e-df4fe1643730","Theo","Wease","-","55.1","1",,"WR","Miami Dolphins",,
"a12fd066-712f-4e9b-9fb7-6192fa83d5b1","Will","Kacmarek","-","49.1","1",,"TE","Miami Dolphins",,
"e68a632b-b62d-4d7e-aadf-47add39608f4","Josh","Cameron","-","49.1","1",,"WR","Jacksonville Jaguars",,
"0bed3c82-c737-4162-94d7-d69f2ba408ac","Joe","Royer","-","46.3","1",,"TE","Cleveland Browns",,
"b20ceeab-5a4d-423d-a200-1faeaaa25274","Jack","Endries","-","42.8","1",,"TE","Cincinnati Bengals",,
"f186087d-d0da-4f39-abb1-3d004e35c475","Isaiah","Davis","-","36.2","1",,"RB","New York Jets",,
"a756d636-578e-48a9-bcfc-07d452fb641c","Konata","Mumpfield","-","33.7","1",,"WR","Los Angeles Rams",,
"2d46bb22-2050-4eac-9e07-7d5298600035","Jerome","Ford","-","33.2","1",,"RB","Washington Commanders",,
"6a86b490-f1f5-425d-adb0-120c4d0192e6","Elijah","Higgins","-","32.9","1",,"TE","Arizona Cardinals",,
"2269c1cc-8cf7-4559-979b-5c39e9f2e117","Rasheen","Ali","-","32.7","1",,"RB","Baltimore Ravens",,
"cf91741f-c3a3-4f9b-a94d-d8c6e96749b9","Chris","Brooks","-","32.6","1",,"RB","Green Bay Packers",,
"59c8dfdd-db09-4849-a2d3-c1769aabe4b2","Xavier","Hutchinson","-","31.6","1",,"WR","Houston Texans",,
"d80b68e1-c26b-4021-9344-ecd46f80e4ee","Daniel","Bellinger","-","31.6","1",,"TE","Tennessee Titans",,
"3a767766-e502-441b-8914-3cc743c61afb","Devin","Neal","-","30.4","1",,"RB","New Orleans Saints",,
"a0af8db4-8d5b-464f-a29c-9e1fbf797841","Isaiah","Bond","-","29.4","1",,"WR","Cleveland Browns",,
"39129818-e28d-403b-9dcb-cc549af81103","Derek","Carr","-","29.2","1",,"QB",,,
"d042dc81-97ee-47d9-a54f-d2ac4f9e8902","Noah","Fant","-","29.1","1",,"TE","New Orleans Saints",,
"e302673d-06b6-4952-8fda-df9691f32a6d","Will","Shipley","-","28.8","1",,"RB","Philadelphia Eagles",,
"b4523a28-2ca1-4fcd-852d-3a3668cdbc4d","Mac","Jones","-","28.7","1",,"QB","San Francisco 49ers",,
"6293a732-a7af-45de-b596-bbc681835d3f","Trevor","Etienne","-","28.6","1",,"RB","Carolina Panthers",,
"2c2c055d-341d-42ba-ab20-302aa6439894","Emari","Demercado","-","28.6","1",,"RB","Kansas City Chiefs",,
"d8165807-720a-4fd4-8fff-57559b91bbae","J'Mari","Taylor","-","28.2","1",,"RB","Jacksonville Jaguars",,
"75243538-77e0-4b73-9e54-d15b9782bced","Trey","Benson","-","27.7","1",,"RB","Arizona Cardinals",,
"1fb2cdc6-5cec-4b5b-ba71-a1a6719d3aa8","Isaiah","Williams","-","27.3","1",,"WR","New York Jets",,
"d5192f6d-ea5d-4ded-b118-ac4efb7df653","Van","Jefferson","-","27.2","1",,"WR","Washington Commanders",,
"e4107cf2-90c8-4a96-963d-956b2ce7d8ea","Michael","Trigg","-","26.8","1",,"TE","Dallas Cowboys",,
"8a66f666-5381-4309-af14-93bf65c761ed","Joshua","Palmer","-","26.6","1",,"WR","Buffalo Bills",,
"8ad35dea-6b03-4ae0-b9e0-8a3d1c32e643","Sam","Roush","-","26.5","1",,"TE","Chicago Bears",,
"2b78da38-fc20-41ab-94bd-1dc95c5a9973","Austin","Hooper","-","26.2","1",,"TE","Atlanta Falcons",,
"f69c9c6e-09a1-4ee5-bf2a-40327fe53d3c","Cade","Stover","-","26.2","1",,"TE","Houston Texans",,
"1c28a39b-20ce-4012-9756-a7e59c690d96","Demarcus","Robinson","-","26.0","1",,"WR","San Francisco 49ers",,
"1cca4f40-ef4a-44b9-87f1-ff78d5d20d0c","Tyler","Higbee","-","25.9","1",,"TE","Los Angeles Rams",,
"debd4d5c-21e2-4c55-bf4c-eba601724a63","Tanner","Koziol","-","25.8","1",,"TE","Jacksonville Jaguars",,
"3c0a968a-37a0-4554-b7bd-dee5ed5c66c2","Mitchell","Evans","-","25.4","1",,"TE","Carolina Panthers",,
"b6384096-c99a-485f-903e-7ed5c4611318","Kevin","Austin","-","25.4","1",,"WR","New Orleans Saints",,
"ec0a077f-2927-460b-a4bf-c272c4a590b9","Jackson","Hawes","-","25.4","1",,"TE","Buffalo Bills",,
"7c6509be-f7d3-4131-99d7-09f8b9ac5f90","John","Bates","-","25.3","1",,"TE","Washington Commanders",,
"554aa685-6b12-492f-99cc-7479b19c4257","Efton","Chism","-","25.2","1",,"WR","New England Patriots",,
"5e6539ce-1dee-41b3-906d-ba362089a110","Miles","Kitselman","-","25.1","1",,"TE","Detroit Lions",,
"25a1fa4b-d696-41c5-b019-1b123ee8a72e","Drew","Sample","-","25.1","1",,"TE","Cincinnati Bengals",,
"58fdde90-a0d1-4bb3-900d-9b5aabfb2877","Jaren","Kanak","-","25.1","1",,"TE","Tennessee Titans",,
"086cd744-0ecd-4098-b750-5f3dab38517b","Dean","Connors","-","25.0","1",,"RB","Los Angeles Rams",,
"5baadfff-56a9-438e-a39c-780e39fd3b78","Ben","Sinnott","-","24.9","1",,"TE","Washington Commanders",,
"10192b48-77f7-41ad-ba2b-8ed94150cc03","Luke","Schoonmaker","-","24.9","1",,"TE","Dallas Cowboys",,
"6d386df0-add2-4827-8841-69b280cd0ab4","Josh","Oliver","-","24.9","1",,"TE","Minnesota Vikings",,
"d4818b08-37b0-4318-80ef-691be95a05c8","Aaron","Anderson","-","24.7","1",,"WR","Cleveland Browns",,
"a2a0febb-951e-4f75-bb91-0b6aaaac5f65","Barion","Brown","-","24.6","1",,"WR","New Orleans Saints",,
"cbf9de74-36e8-4ea9-83b5-acb722e993db","Jawhar","Jordan","-","24.5","1",,"RB","Houston Texans",,
"37ac41e1-9efc-43d1-a182-a53b121ee8cb","Will","Howard","-","24.5","1",,"QB","Pittsburgh Steelers",,
"bfdd41b9-e341-455f-a11b-8966dedcdec5","Dont'e","Thornton","-","24.4","1",,"WR","Las Vegas Raiders",,
"75e21ed4-5b39-41d1-8534-99c27d0a4447","Tyrell","Shavers","-","24.2","1",,"WR","Buffalo Bills",,
"98e4118d-9975-4a47-985d-038728405f4d","Tai","Felton","-","24.2","1",,"WR","Minnesota Vikings",,
"18327cf6-0084-40c2-9eb9-d5aebf12d723","Drew","Allar","-","24.0","1",,"QB","Pittsburgh Steelers",,
"27fd8c57-9b60-4fd3-bfa6-5c7bdd0d7195","Cade","Klubnik","-","24.0","1",,"QB","New York Jets",,
"27ea6fdd-02be-4f56-b4d1-8daf5e1f0b32","Grant","Calcaterra","-","24.0","1",,"TE","Philadelphia Eagles",,
"e9723c8b-d885-4ddb-8d9b-d1f1ff4e1c9e","Marlin","Klein","-","23.5","1",,"TE","Houston Texans",,
"5a92eb38-313f-4ba6-84de-f4af2d469463","Brevyn","Spann-Ford","-","23.4","1",,"TE","Dallas Cowboys",,
"f536df9a-2052-40e8-ac73-e8c9363e723c","Desmond","Reid","-","23.3","1",,"RB","Buffalo Bills",,
"fca2a029-fdbe-410a-84ce-6e3f3f25b88f","George","Holani","-","23.2","1",,"RB","Seattle Seahawks",,
"44d100f3-7fe8-45cc-b0f8-c7b2527d56f1","Jimmy","Horn","-","22.9","1",,"WR","Carolina Panthers",,
"fe2c4e82-0c12-4aad-946b-2fb79a34027c","John Michael","Gyllenborg","-","22.9","1",,"TE","Kansas City Chiefs",,
"96c4c8f7-e972-4dc5-8641-43fe3da923b3","David","Sills","-","22.4","1",,"WR","Tampa Bay Buccaneers",,
"b39e43ef-2120-413f-8645-16ab80df18fd","Adam","Trautman","-","22.3","1",,"TE","Denver Broncos",,
"040138f2-1acc-4e4f-9198-c0f90bc1a013","Josh","Cuevas","-","22.3","1",,"TE","Baltimore Ravens",,
"150a3dc3-01a6-4e6b-b8f4-81c1f551d23f","Nate","Boerkircher","-","21.9","1",,"TE","Jacksonville Jaguars",,
"4b631284-9ebe-4ff7-9765-d495b5686d47","Brock","Wright","-","21.8","1",,"TE","Detroit Lions",,
"e8e0157e-7cfa-44c8-9fd5-d942fa7d0aa5","Xavier","Smith","-","20.6","1",,"WR","Los Angeles Rams",,
"64096c11-8d0b-4f7f-a5d3-26b22a8eac95","Dameon","Pierce","-","20.3","1",,"RB","Philadelphia Eagles",,
"9ac03757-cf7e-4eb5-a7c3-0c4cf36d1c92","Isaac","Guerendo","-","20.2","1",,"RB","San Francisco 49ers",,
"c43c36d8-6e27-4ba4-bd5e-5b081cce9529","Lil'Jordan","Humphrey","-","20.0","1",,"WR","Denver Broncos",,
"b7dfe722-6fe8-451c-ace8-9bf7de9009ed","Tyler","Badie","-","18.9","1",,"RB","Denver Broncos",,
"b6624640-834a-4837-979c-0afb5193d7e2","Brashard","Smith","-","17.9","1",,"RB","Kansas City Chiefs",,
"d48e4888-66a6-4fbd-a79c-c94fe39b98bc","Trey","Lance","-","14.6","1",,"QB","Los Angeles Chargers",,
"2a864185-1370-4c3a-8a44-6eebe5e649e9","Jalen","Milroe","-","13.9","1",,"QB","Seattle Seahawks",,
"720569ae-a958-4738-9aa3-cecdc11531cd","Ty","Simpson","-","13.6","1",,"QB","Los Angeles Rams",,
"7bf1b6cc-30c4-4b1b-83c1-e779526ebabf","Marcus","Mariota","-","13.1","1",,"QB","Washington Commanders",,
"d238cc97-f5be-441f-8416-e9f8207b7b42","Tyrod","Taylor","-","12.9","1",,"QB","Green Bay Packers",,
"d2f695bf-95f8-4bbc-b4b8-a682fb31b2cb","Will","Levis","-","12.7","1",,"QB","Tennessee Titans",,
"16bcc483-1eeb-4222-a08f-4d9fb061f2ce","Connor","Heyward","-","12.7","1",,"TE","Las Vegas Raiders",,
"2bbeab2f-f214-4a84-9a5c-a79e0520b784","Spencer","Rattler","-","12.7","1",,"QB","New Orleans Saints",,
"2e44769f-216f-4bc7-ab11-238ba134d5db","Diego","Pavia","-","12.5","1",,"QB","Baltimore Ravens",,
"54377b7f-dc69-4ad3-9197-0bbe67b5e383","Tyson","Bagent","-","12.5","1",,"QB","Chicago Bears",,
"9d9c2733-a56a-4791-bb6b-e28aeab6ca64","Carson","Wentz","-","12.4","1",,"QB","Minnesota Vikings",,
"dc99d1ee-5669-4e45-9210-19517a1c0f39","Tanner","McKee","-","12.4","1",,"QB","Philadelphia Eagles",,
"e650a3c5-52e2-4d75-8880-98590ac27927","Quinn","Ewers","-","12.4","1",,"QB","Miami Dolphins",,
"6a449ab9-1586-42b3-b5f7-5b5c3ebfc988","Joe","Milton","-","12.4","1",,"QB","Dallas Cowboys",,
"5c0f58b8-abc6-4c20-9bcb-61068326b0ef","Jarrett","Stidham","-","12.2","1",,"QB","Denver Broncos",,
"edf555c7-bb1f-4d54-87a8-6df51d36b22f","Davis","Mills","-","12.0","1",,"QB","Houston Texans",,
"00e583bb-3bcd-490a-8c44-a65830769f7a","Nick","Mullens","-","12.0","1",,"QB","Jacksonville Jaguars",,
"85cd4b92-e7d0-4522-8cad-c0f384c4df7e","Kyle","Allen","-","12.0","1",,"QB","Buffalo Bills",,
"168b7664-d77a-47c8-9a40-44f585d93cf2","Mitchell","Trubisky","-","11.9","1",,"QB","Tennessee Titans",,
"ae510bf5-1177-46c3-91f1-dd4e49bbe567","Dillon","Gabriel","-","11.9","1",,"QB","Cleveland Browns",,
"917e5598-5732-4a7e-85e7-b254ca82d2d1","Andy","Dalton","-","11.8","1",,"QB","Philadelphia Eagles",,
"17ac763e-5839-4efe-824c-65b42eb96ee7","Mason","Rudolph","-","11.7","1",,"QB","Pittsburgh Steelers",,
"d29430fb-7d79-49c3-9002-086a812b2c01","Tip","Reiman","-","11.4","1",,"TE","Arizona Cardinals",,
"e6d3696f-fa37-41bb-b3ca-4f7d98ed6545","Mo","Alie-Cox","-","11.4","1",,"TE","Indianapolis Colts",,
"b566d5ed-20bd-44cb-a44b-e0e43b02d59e","Josh","Johnson","-","11.3","1",,"QB","Cincinnati Bengals",,
"46b52cdc-b2be-4a01-87b1-fb5fe86133a7","Tim","Patrick","-","10.7","1",,"WR","New York Jets",,
"88ee87ae-ab8c-48e0-a6e6-4ae945114ef9","Jaydn","Ott","-","9.7","1",,"RB","Kansas City Chiefs",,
"56d36b6f-9ce4-49b5-abd3-ac7728677460","Zavier","Scott","-","9.1","1",,"RB","Minnesota Vikings",,
"d1731b17-5dd8-4d1c-8005-51c890ffb09a","Ty","Chandler","-","9.0","1",,"RB","New Orleans Saints",,
"5c111705-72e5-4a01-a6e2-364914571fd0","Jarquez","Hunter","-","8.6","1",,"RB","Los Angeles Rams",,
"93829244-9f89-403e-b19f-c5ba1abfaa28","Davis","Allen","-","8.2","1",,"TE","Los Angeles Rams",,
"6a90c3f4-7fab-4a89-8a2e-c9aa99da570c","Jeremy","McNichols","-","7.9","1",,"RB","Washington Commanders",,
"0a105ad4-0843-4777-ab3c-cfc47b63a6ea","Gunner","Olszewski","-","7.6","1",,"WR","New York Giants",,
"41ce57bd-0cd7-445b-9b8c-b67bdc21d7c4","Luke","Farrell","-","7.6","1",,"TE","San Francisco 49ers",,
"8719ae46-cf78-4e46-9b93-62e1f5f3868f","Durham","Smythe","-","7.4","1",,"TE","Baltimore Ravens",,
"5415ef42-23b1-4297-8604-e415ead109d0","Foster","Moreau","-","7.3","1",,"TE","Houston Texans",,
"a4ebec52-212b-4045-9052-88a8895c91aa","Luke","McCaffrey","-","7.3","1",,"WR","Washington Commanders",,
"fb98e0c2-c1a0-4368-a4d0-62761c74702b","Isaiah","Hodgins","-","7.2","1",,"WR","New York Giants",,
"ab5701d4-6bba-4796-8996-4b834b88bf2e","Riley","Nowakowski","-","7.1","1",,"TE","Pittsburgh Steelers",,
"0f4da780-5a43-47f7-8379-bdbf8367d45c","Jeremy","Ruckert","-","6.8","1",,"TE","New York Jets",,
"8e79a1c6-9758-4b88-a125-d8e7df8fde07","Michael","Carter","-","6.6","1",,"RB","Tennessee Titans",,
"834e4284-479f-4410-adb5-c289429e15f2","Hunter","Luepke","-","6.5","1",,"RB","Dallas Cowboys",,
"88f21e1a-c083-4cad-95b7-17ed3520e728","Cody","White","-","6.5","1",,"WR","Seattle Seahawks",,
"8d5d2119-7596-4346-a5d8-63f5925423f3","Lucas","Krull","-","6.1","1",,"TE","Denver Broncos",,
"539f6888-a0c5-483b-ad53-7d15b0faa4c3","Payne","Durham","-","6.1","1",,"TE","Tampa Bay Buccaneers",,
"beb3b4ff-d136-40d0-bac0-723e018e6c49","Quintin","Morris","-","6.0","1",,"TE","Jacksonville Jaguars",,
"5b9179a4-6b37-493b-ba5b-4138f64cfc3a","Seydou","Traore","-","6.0","1",,"TE","Miami Dolphins",,
"0f20547f-5b16-486a-89bd-abfa7dd84a26","Charlie","Woerner","-","6.0","1",,"TE","Atlanta Falcons",,
"6b07a9f6-7198-47f0-80af-97eab090a2c9","Jaleel","McLaughlin","-","5.8","1",,"RB","Denver Broncos",,
"5aec21cc-43bf-45be-ab1e-396917b0683f","Malachi","Corley","-","5.8","1",,"WR","Cleveland Browns",,
"014bc85f-41bf-4c1f-80b9-480902d8c02c","Phil","Mafah","-","5.7","1",,"RB","Dallas Cowboys",,
"35bbd3e0-d4cb-43dc-a5ea-130cbb74b2ec","Arian","Smith","-","5.6","1",,"WR","New York Jets",,
"55b182b7-ed53-4256-b940-f02aed2a9f3c","Ronnie","Rivers","-","5.6","1",,"RB","Los Angeles Rams",,
"c015ed04-e17d-4cb1-8dd7-51a06654e3b7","Xavier","Weaver","-","5.6","1",,"WR","Arizona Cardinals",,
"19ec8bfc-06c9-426c-9df7-a26b3f4bd994","Jack","Stoll","-","5.5","1",,"TE","Cleveland Browns",,
"00066440-d8b1-4152-af24-9329c8d59a35","Devin","Culp","-","5.3","1",,"TE","Tampa Bay Buccaneers",,
"642519f9-7f2e-4be6-885f-73d09c6d12ef","Jack","Velling","-","5.3","1",,"TE","Atlanta Falcons",,
"a0861f3f-2c84-4d52-8669-bf60e572cf06","Darius","Cooper","-","5.2","1",,"WR","Philadelphia Eagles",,
"621702b5-26a9-4f9e-83a6-ebe8c0d368cd","Noah","Thomas","-","5.1","1",,"WR","Cincinnati Bengals",,
"b8684bdc-6c70-4527-b6dd-b163d934fd7b","Dane","Key","-","5.1","1",,"WR","Denver Broncos",,
"57cf3868-3539-43e9-b338-5dc62c797949","Trebor","Pena","-","5.1","1",,"WR","Jacksonville Jaguars",,
"7bb33129-937c-44e0-be9f-219949b35641","Reggie","Virgil","-","5.1","1",,"WR","Arizona Cardinals",,
"dd0303c1-1436-414c-b689-ef6f7c2878e9","Chase","Roberts","-","5.1","1",,"WR","Las Vegas Raiders",,
"dae28f3c-df5e-406f-aafc-b6e3c97171d3","Cedric","Tillman","-","5.1","1",,"WR","Cleveland Browns",,
"eacd4e15-51a3-4839-a427-7b87f28fbaa7","Tyler","Johnson","-","5.0","1",,"WR","Dallas Cowboys",,
"5fe9184d-75d7-46ba-b8a0-e12caf664963","Jalen","Brooks","-","5.0","1",,"WR","Arizona Cardinals",,
"bb884e84-856f-49b1-a4a8-73c2eb270847","Josh","Whyle","-","4.7","1",,"TE","Green Bay Packers",,
"02589855-0405-4263-843a-811325fde139","Kalel","Mullings","-","4.6","1",,"RB","Tennessee Titans",,
"d5cf48a0-3dc9-44ec-a5c6-a7630206f436","Kendre","Miller","-","4.6","1",,"RB","New Orleans Saints",,
"37c2a81b-ea21-4c7b-97fc-7b31023bf9da","Julius","Chestnut","-","4.6","1",,"RB","Tennessee Titans",,
"2aea00c5-8b7b-4ec2-9972-e90df7f117d7","Tanner","Hudson","-","4.3","1",,"TE","Cincinnati Bengals",,
"defecc0b-de10-48a0-a1a2-c204ffb12e96","Stone","Smartt","-","4.2","1",,"TE","Philadelphia Eagles",,
"384050ad-c535-4639-adb4-0774a6602a1d","Nate","Adkins","-","4.2","1",,"TE","Denver Broncos",,
"fff2da2b-4214-46bd-a613-b9d113136174","Kenny","McIntosh","-","4.2","1",,"RB","Seattle Seahawks",,
"4eebd652-ac89-4073-b174-d75ad14af3cf","Eric","Saubert","-","4.2","1",,"TE","Seattle Seahawks",,
"bc093ecd-bb49-4b43-9954-b7432d788084","Julian","Hill","-","4.1","1",,"TE","New England Patriots",,
"56ad504e-5f57-475d-9d9f-105ebc5c13ec","Brevin","Jordan","-","4.1","1",,"TE","Houston Texans",,
"7d39da13-1ed6-499a-a5d9-21416a559a82","Dylan","Laube","-","4.1","1",,"RB","Las Vegas Raiders",,
"c8bf3d3b-479c-4282-abad-1151e3b90e61","Drew","Ogletree","-","3.9","1",,"TE","Indianapolis Colts",,
"db521429-ac23-4667-b2ce-36cc6a4b229a","Tyler","Goodson","-","3.8","1",,"RB","Atlanta Falcons",,
"f21728cf-bcbf-4698-ab2e-c8e82bff906c","Xavier","Restrepo","-","3.8","1",,"WR","Tennessee Titans",,
"80774c41-0502-4ea0-9e60-c1c27c4d0cee","Ameer","Abdullah","-","3.8","1",,"RB","Jacksonville Jaguars",,
"a3d819d4-345d-45ed-a0b9-794ce8c328c8","Raheim","Sanders","-","3.7","1",,"RB","Cleveland Browns",,
"12839d15-0c49-4d28-805e-d23aff861af4","Dareke","Young","-","3.6","1",,"WR","Las Vegas Raiders",,
"de71ff13-953c-4c80-9b3b-955e293ea966","Blake","Whiteheart","-","3.4","1",,"TE","Cleveland Browns",,
"8025312b-7b53-4e5c-a676-e2ffcc5437bd","Kendrick","Law","-","3.3","1",,"WR","Detroit Lions",,
"edc77cb0-0b27-4e58-8b22-af3a9479cf0f","Kaden","Wetjen","-","3.2","1",,"WR","Pittsburgh Steelers",,
"3aa39734-0c76-457b-b7d8-4d782a760061","Tylan","Wallace","-","3.2","1",,"WR","Cleveland Browns",,
"440d579f-928f-4242-acc7-eae46412a7e2","Jake","Bobo","-","3.2","1",,"WR","Seattle Seahawks",,
"90096d77-91ba-44c1-b922-3e05f86b9fef","Ricky","White","-","3.2","1",,"WR","Seattle Seahawks",,
"4300f0e3-c311-4d83-8c66-82fd455a5c89","Harrison","Bryant","-","3.0","1",,"TE","Seattle Seahawks",,
"2dff2c0d-b614-41ee-9d2a-c977c299eb34","Kylen","Granson","-","3.0","1",,"TE","Tennessee Titans",,
"026e2ec4-171d-4b3d-aa32-e4bff6810332","Cameron","Latu","-","3.0","1",,"TE","Philadelphia Eagles",,
"2e580558-fdf9-48be-89fd-fd0e2cdad66d","Ian","Thomas","-","3.0","1",,"TE","Las Vegas Raiders",,
"e67a5984-12f8-4847-b35d-3aa7fa16eccf","Ben","Yurosek","-","3.0","1",,"TE","Minnesota Vikings",,
"bee50ba4-1f11-4651-87f6-610f59ddf1e6","Sione","Vaki","-","3.0","1",,"RB","Detroit Lions",,
"78d03afd-792f-461c-98dc-2d5d7e44f558","Trent","Sherfield","-","2.9","1",,"WR","Buffalo Bills",,
"8aa4f60b-a024-4531-bf45-4e9c937d9c40","Anthony","Gould","-","2.7","1",,"WR","Indianapolis Colts",,
"89289f11-603d-40c6-8f83-6d679f23680d","LaJohntay","Wester","-","2.5","1",,"WR","Baltimore Ravens",,
"0b43b04c-743a-4ccf-b163-035df53e747a","Skyy","Moore","-","2.5","1",,"WR","Green Bay Packers",,
"0335be9c-db26-4a7a-9781-092fcf0a39b5","Ashton","Dulin","-","2.5","1",,"WR","Indianapolis Colts",,
"e42a4452-de52-4943-8611-21c5d43a5426","Donovan","Edwards","-","2.1","1",,"RB","Miami Dolphins",,
"8d5ff5e5-ed65-4645-b5e9-45fba87b6446","Damien","Martinez","-","2.1","1",,"RB","Green Bay Packers",,
"1e271eae-6904-4214-bac7-f188dd1469c7","Jordan","Watkins","-","1.9","1",,"WR","San Francisco 49ers",,
"4aa905c0-4b0f-4a78-8d15-1e4e5f0b90db","Chris","Manhertz","-","1.8","1",,"TE","New York Giants",,
"9009f7e1-0b3c-4235-9251-5ef6d0c6a79a","Shane","Zylstra","-","1.8","1",,"TE","Buffalo Bills",,
"d6128ede-1594-48ed-ac6c-b4bb293f5d33","Ko","Kieft","-","1.8","1",,"TE","Tampa Bay Buccaneers",,
"8a54282e-908a-42cf-bc93-b3d927229314","Feleipe","Franks","-","1.4","1",,"TE","Carolina Panthers",,
"c8ee1232-78b8-497d-93e7-b06a1c0e451e","David","Moore","-","1.3","1",,"WR","Carolina Panthers",,
"c6301143-5c1c-44de-99fa-c90ef904d661","Jacob","Cowing","-","1.2","1",,"WR","San Francisco 49ers",,
"e12cbde2-169a-4461-a41c-63345d8e9762","Tyler","Conklin","-","1.2","1",,"TE","Detroit Lions",,
"906b6d93-3532-4d54-a19a-737d99308166","Derius","Davis","-","1.1","1",,"WR","Los Angeles Chargers",,
"d7423343-de21-430a-8fbd-2c2b5bd4d6a5","Devin","Duvernay","-","0.6","1",,"WR","Arizona Cardinals",,
"b45bf766-b62e-4651-89a0-753e7f764ed7","Nikko","Remigio","-","0.6","1",,"WR","Kansas City Chiefs",,
"8eb8030d-b52a-470c-9b95-add60ab3f411","Ben","Skowronek","-","0.6","1",,"WR","Pittsburgh Steelers",,
"8f5dae02-6e16-4fa1-bfd2-18aaa108d6fa","Jack","Strand","-","0.0","1",,"QB","Atlanta Falcons",,
"8fb0c4b1-f17b-4820-a9ed-2c629d27b1db","Zach","Pascal","-","0.0","1",,"WR",,,
"8fc9e900-d58a-4c20-8a4e-2976c05647e4","Xazavian","Valladay","-","0.0","1",,"RB",,,
"8fe1f3c1-9072-48ac-85a7-58bab8fe2811","Matt","Bushman","-","0.0","1",,"TE",,,
"902d14da-f2ef-412e-8148-360adda3b98d","Dalen","Cambre","-","0.0","1",,"WR","New York Giants",,
"9092a8e2-3751-4b4f-8e65-e4c31aa3eede","John","Wolford","-","0.0","1",,"QB",,,
"90b249c1-1ab3-4f4b-adef-6a4e48082912","D'Onta","Foreman","-","0.0","1",,"RB",,,
"90fd8ccf-6887-4f16-b01a-b5b270eafc4a","Cordarrelle","Patterson","-","0.0","1",,"RB",,,
"9109ffb4-9b25-41c5-b859-52cebc5bd754","Dallen","Bentley","-","0.0","1",,"TE","Denver Broncos",,
"911b7f5b-587b-4633-8b24-a6119e0a939c","Moliki","Matavao","-","0.0","1",,"TE","New Orleans Saints",,
"91279716-a64c-43f8-a1ae-159982ad29e4","Austin","Reed","-","0.0","1",,"QB",,,
"91440ead-981d-40d7-bdda-c2773acc0d2d","Jesper","Horsted","-","0.0","1",,"TE",,,
"917a80e3-2487-48c7-9dab-8e1f4be0deb6","Derek","Wright","-","0.0","1",,"WR",,,
"919143b8-ea4c-4aba-920f-860371287dda","Tre'","McKitty","-","0.0","1",,"TE",,,
"921adee5-5886-4608-bcd9-1068db11f8dd","Dallin","Holker","-","0.0","1",,"TE",,,
"924e60dd-6ad3-4cc2-8c1f-8e202500aa44","Hunter","Renfrow","-","0.0","1",,"WR",,,
"928b60c7-6239-4790-8a01-8cde0cc24ade","Dante","Pettis","-","0.0","1",,"WR",,,
"929729c5-1b74-4117-97a6-86114edf9d65","Byron","Pringle","-","0.0","1",,"WR",,,
"92a1fff2-a310-429b-a1b6-7af780517615","C.J.","Beathard","-","0.0","1",,"QB",,,
"92c091fa-81bd-40e3-982b-92caed326eac","Godwin","Igwebuike","-","0.0","1",,"RB",,,
"92d721b2-9f74-4668-b28c-4e19b5dd3c8b","Luke","Wysong","-","0.0","1",,"WR","Minnesota Vikings",,
"93c2b275-8914-4dd9-b913-f88b8cb87e72","Jason","Bean","-","0.0","1",,"QB",,,
"93cef895-66bc-4cb1-aaa4-ae4396a0c7a8","Rocky","Lombardi","-","0.0","1",,"QB",,,
"9459bb79-7c6e-4a23-bc82-d5b9127d5fed","Nyheim","Miller-Hines","-","0.0","1",,"RB",,,
"9489ae28-33cc-4bdf-9dd3-4940c53ecf9a","Eno","Benjamin","-","0.0","1",,"RB",,,
"94b4f2ba-06aa-4de9-83bb-8a166a9e8246","Taylor","Elgersma","-","0.0","1",,"QB",,,
"951b96d5-3642-43da-b5e5-521c6bc89d00","Jaret","Patterson","-","0.0","1",,"RB","Los Angeles Chargers",,
"956c370e-0b51-4139-9fdb-8e886cdeeb95","Thaddeus","Moss","-","0.0","1",,"TE",,,
"9600ff37-0fca-4fea-b822-909425b9b806","Jalen","Camp","-","0.0","1",,"WR",,,
"9622dbd4-c838-4315-a79f-a0ad219deb57","Isaac","Rex","-","0.0","1",,"TE",,,
"962bf155-ebfc-4098-b3fd-2560f10b58ba","Kendall","Milton","-","0.0","1",,"RB","Cincinnati Bengals",,
"9638ddaa-e89e-445f-b993-852024f99c28","Jalon","Calhoun","-","0.0","1",,"WR",,,
"963d88f0-50c3-4d63-8492-7d18b945bbe7","Malik","Rutherford","-","0.0","1",,"WR",,,
"966e224b-4875-4390-be52-51c7c4181353","Hal","Presley","-","0.0","1",,"WR",,,
"9686e384-4f9d-4969-ae29-2262e709ddbd","John Samuel","Shenker","-","0.0","1",,"TE",,,
"9693a07f-a26f-467a-8259-64004c80c50a","Deneric","Prince","-","0.0","1",,"RB",,,
"96b82668-131a-49e1-9b02-3b675f922870","Blake","Watson","-","0.0","1",,"RB",,,
"96d9cab1-c230-4f8d-b529-c2841dd3836d","Jamari","Thrash","-","0.0","1",,"WR","Cleveland Browns",,
"96ff3d39-efe4-4c11-a1af-25cd1523bf35","Mitch","Tinsley","-","0.0","1",,"WR","Cincinnati Bengals",,
"97433367-845c-44c2-8454-239e7ce6846a","Kelly","Akharaiyi","-","0.0","1",,"WR",,,
"97751b93-649f-4b61-82cc-00dcd82c9524","A.T.","Perry","-","0.0","1",,"WR","Pittsburgh Steelers",,
"97a58281-b55a-4cf5-92e1-076be7ff569d","Vinny","Anthony","-","0.0","1",,"WR","Atlanta Falcons",,
"97ef6d4d-fe2b-4c72-9759-743fa5417686","Darrell","Daniels","-","0.0","1",,"TE",,,
"983b622b-df5d-48a4-9631-cda19a6e86a0","Bub","Means","-","0.0","1",,"WR","New Orleans Saints",,
"984c66ec-8357-497d-a0b4-c26163ce1e04","Ellis","Merriweather","-","0.0","1",,"RB",,,
"988fea1f-ac79-469f-bc33-ed49639d5482","Nate","McCrary","-","0.0","1",,"RB",,,
"98ec0367-4531-414e-8b4d-eccc969c82c6","Carter","Bradley","-","0.0","1",,"QB","Jacksonville Jaguars",,
"994b2077-ddc1-4706-abab-2940b2aab6f5","Dee","Eskridge","-","0.0","1",,"WR",,,
"9a2554cb-50ca-4e92-945e-8a7ac3401f4d","Jalen","Reagor","-","0.0","1",,"WR",,,
"9a3c28a5-5424-43f8-9e85-54492797773b","Jaxon","Janke","-","0.0","1",,"WR",,,
"9a646747-60d1-43fa-a395-da170d34e047","Elijhah","Badger","-","0.0","1",,"WR",,,
"9a705523-11eb-41c6-b3b2-26c86390747f","Zack","Annexstad","-","0.0","1",,"QB",,,
"9a76e662-e939-4d8a-9d62-d47b059d7376","Keilan","Robinson","-","0.0","1",,"RB",,,
"9aa9c7e5-9193-4452-9360-f3d298296030","DeAndre","Washington","-","0.0","1",,"RB",,,
"9ab9707b-aad4-4dd4-8114-042c28c21188","Chris","Moore","-","0.0","1",,"WR",,,
"9b92233f-ade2-4006-b528-275bc57cff41","Austin","Jones","-","0.0","1",,"RB",,,
"9bdb7392-1c51-4094-b788-760a0d39724f","Jordan","Mims","-","0.0","1",,"RB",,,
"9c0eb588-671d-4dca-b63b-43932bd8e4ee","Anthony","Miller","-","0.0","1",,"WR",,,
"9c684355-2b99-4e48-b77b-0f75cd48de9d","Brevin","Easton","-","0.0","1",,"WR",,,
"9c96ac98-eed6-447f-a15d-fa7f3e9a9f15","Jerjuan","Newton","-","0.0","1",,"WR",,,
"9cc2b852-271c-4fb8-bd19-e3d361f2fed1","Justin","Hall","-","0.0","1",,"WR",,,
"9cce6550-b709-4341-8891-63fd940ba14e","Wayne","Gallman","-","0.0","1",,"RB",,,
"9db01dd2-77d8-4b65-b0b6-debc2360126c","Geoff","Swaim","-","0.0","1",,"TE",,,
"9dbb861c-384b-4861-b8ac-84f3d8d180a7","Alex","McGough","-","0.0","1",,"WR",,,
"9dc1b58a-5f3a-438f-9cea-cfd71db0a3b8","Isaiah","Spiller","-","0.0","1",,"RB",,,
"9e3322c5-9371-4b02-9b10-b2ba5bc4f461","Isaiah","Ford","-","0.0","1",,"WR",,,
"9ecb9f1b-bc0d-451c-aa1c-3859c5a0c2b0","Brandon","Powell","-","0.0","1",,"WR",,,
"9ef3b840-a330-40ca-8c0a-af0dff24b1d1","Jody","Fortson","-","0.0","1",,"TE",,,
"9ff56f4f-23f5-45e2-a916-e1388050a7b1","Casey","Washington","-","0.0","1",,"WR","Atlanta Falcons",,
"a054a006-9866-4384-972f-5e1058c2eae6","Seth","Williams","-","0.0","1",,"WR",,,
"a08be5a7-1d0d-48a8-b097-8f04be99a064","Jordan","Travis","-","0.0","1",,"QB",,,
"a0a67877-a563-4cdf-b9c3-327d181c0cac","Emmanuel","Henderson","-","0.0","1",,"WR","Seattle Seahawks",,
"a0fc0381-36ae-49a7-8e12-389b457ed296","Tyler","Kahmann","-","0.0","1",,"WR",,,
"a1158fb7-e9e7-4e96-9013-373ef18d6ef0","Jamal","Agnew","-","0.0","1",,"WR",,,
"a1255d1a-fd76-4e9e-b9a6-66656695abdc","Jha'Quan","Jackson","-","0.0","1",,"WR",,,
"a1fe7512-9b73-4357-8463-c7bdc3087fe8","Beaux","Collins","-","0.0","1",,"WR","New York Giants",,
"a21fe3c1-d504-41f9-b1f4-163938c6ea0c","Dai'Jean","Dixon","-","0.0","1",,"WR",,,
"a2676d04-8cae-46d9-86dc-ab7f27dc0909","Alex","Bullock","-","0.0","1",,"WR",,"OUT",
"a2722913-9873-47d0-aad7-f877c4d58324","Shedrick","Jackson","-","0.0","1",,"WR","Las Vegas Raiders",,
"a2a2f474-ad6a-4065-ab2d-b723bf908bc1","Jordan","Akins","-","0.0","1",,"TE",,,
"a3366730-74e0-434f-aeda-236fc65d8d95","Giovanni","Ricci","-","0.0","1",,"TE",,,
"a4a0c66d-7a00-40bd-88de-f4a61f6ee6b3","Brenden","Bates","-","0.0","1",,"TE","Cleveland Browns",,
"a4d9408d-9229-433a-8af8-c5337eb49b4e","Matt","Breida","-","0.0","1",,"RB",,,
"a5b975b0-3901-4775-bd07-cb1d535bbdf1","DeWayne","McBride","-","0.0","1",,"RB",,,
"a6a1d67a-db52-4839-a3fa-e4419d827929","Jacolby","George","-","0.0","1",,"WR",,,
"a6e61be8-d6fe-4d1d-b9bc-fee5e9991b14","Anthony","McFarland","-","0.0","1",,"RB",,,
"a70039f7-dfae-4bba-a41f-63a6cc73666c","Hayden","Large","-","0.0","1",,"TE","Chicago Bears",,
"a7779f2e-6d2e-4765-a171-d0867efb82a9","Brady","Boyd","-","0.0","1",,"WR","Jacksonville Jaguars",,
"a7868918-d2d6-4223-af94-2a5ca6028ddd","Bryce","Ford-Wheaton","-","0.0","1",,"WR",,,
"a821aeaf-bc8d-4cef-9d95-9ba734f27c87","Mel","Brown","-","0.0","1",,"RB",,,
"a83c4bdc-dd9a-48a4-9a3d-508efb703d0b","Austin","Allen","-","0.0","1",,"TE",,,
"a87d69f1-fdeb-4a30-b1d4-556f044a256d","Nick","Williams","-","0.0","1",,"WR",,,
"a895bf5e-53e4-4665-bf30-81eb8dc033a0","Ben","Sims","-","0.0","1",,"TE","Miami Dolphins",,
"a8b14121-bb05-4e07-8515-4bd0e72e7a24","Kahale","Warring","-","0.0","1",,"TE",,,
"a8bb6a32-2a75-4146-afde-0015b71eebaf","Trent","Taylor","-","0.0","1",,"WR",,,
"a8d95502-b074-49bc-9754-1ac0fc692d4d","Quali","Conley","-","0.0","1",,"RB",,,
"a909f9ca-c5fd-42d9-a123-09ca509cd113","Tommy","DeVito","-","0.0","1",,"QB","New England Patriots",,
"a9297891-3d2d-4e0b-8427-2f47d059884c","Tanner","Conner","-","0.0","1",,"TE","New York Giants",,
"a983363c-cc42-42ef-894d-6cd05199d225","Joshua","Kelley","-","0.0","1",,"RB",,,
"a9defec8-5988-4c98-ad2a-581f1a0ff691","Diontae","Johnson","-","0.0","1",,"WR",,,
"aa32f0ed-7842-4af7-aafc-d76d8d12ab85","Donald","Parham Jr.","-","0.0","1",,"TE",,,
"aa395bab-4859-40b8-8859-03fcb2b27d1a","Alex","Erickson","-","0.0","1",,"WR",,,
"aa901bc0-a36f-41a2-a2c3-d1d4a6edb107","Haynes","King","-","0.0","1",,"QB","Carolina Panthers",,
"aaad94c2-f739-4e01-b6f6-c02fa8010db8","Cole","Payton","-","0.0","1",,"QB","Philadelphia Eagles",,
"aabedf0e-aecb-4aa8-bb09-29a8293a1e71","Malik","Taylor","-","0.0","1",,"WR",,,
"aaf464df-db32-409b-bf9a-f04f844fc4c0","Laquon","Treadwell","-","0.0","1",,"WR","Indianapolis Colts",,
"aafe363b-92c2-448f-9eed-cfbe8618be60","DeAndre","Hopkins","-","0.0","1",,"WR",,,
"ab3304ac-70c6-45d7-afbb-5e118a3dceff","Collin","Johnson","-","0.0","1",,"WR",,,
"ab3a7cba-7358-48b7-9ba8-dad5553acf68","Kelvin","Harmon","-","0.0","1",,"WR",,,
"ab684b27-2e38-4f7a-9c3c-8c10c84e00c8","Tim","Jones","-","0.0","1",,"WR","Jacksonville Jaguars",,
"acb7674c-341c-4b00-b1a3-04c8467be82f","Malik","Heath","-","0.0","1",,"WR",,,
"ace81f08-d403-4582-8efa-6c4fd647a94b","Bauer","Sharp","-","0.0","1",,"TE","Tampa Bay Buccaneers",,
"ad252865-9829-4060-b256-483c7c575360","Ethan","Garbers","-","0.0","1",,"QB",,,
"adfea551-62c8-4e93-83ef-f472a65d085b","Chris","Blair","-","0.0","1",,"WR","Atlanta Falcons",,
"ae87944a-94e0-471d-941e-0bb3280e7e7f","Chase","Cota","-","0.0","1",,"WR",,,
"aea25cad-cf8c-4ca6-ad2c-4ea2ad07931a","Michael","Gallup","-","0.0","1",,"WR",,,
"af144f45-d80f-43c0-b6d7-2818a043aa4d","Brandon","Allen","-","0.0","1",,"QB","New York Giants",,
"af28064b-4fce-4e22-8863-61b28ca60e6a","Eli","Pancol","-","0.0","1",,"WR","Indianapolis Colts",,
"af51454d-3919-4fb5-aabd-11fe820caade","T.J.","Luther","-","0.0","1",,"WR",,,
"afac8f83-a137-45fd-a742-eefe6895b9b0","Patrick","Ricard","-","0.0","1",,"RB","New York Giants",,
"afd5bbcf-16ee-4f46-b69a-150aae0c5329","Max","Duggan","-","0.0","1",,"QB",,,
"b01bfdef-8440-4517-8566-3222c9e74a9d","Austin","Mack","-","0.0","1",,"WR",,,
"b028c262-5e51-4fd9-bc74-5fb4a658fdbe","Parker","Hesse","-","0.0","1",,"TE",,,
"b05aa1ea-d4c1-4f62-aa0c-fabac0540e95","Jalon","Daniels","-","0.0","1",,"QB","Tampa Bay Buccaneers",,
"b082a118-6723-4c78-86a2-8df1295efbde","Donovan","Peoples-Jones","-","0.0","1",,"WR",,,
"b0b9c05d-ecac-40da-bfb3-f0c015402a4a","Craig","Reynolds","-","0.0","1",,"RB",,,
"b15e4d2a-deeb-4267-bb3a-3ddeaaca1f03","Tre","Nixon","-","0.0","1",,"WR",,,
"b172e4be-77b5-4a7d-bc87-6647bc53013f","Eric","Ebron","-","0.0","1",,"TE",,,
"b2f5ba4c-4b30-4a14-b7d0-5ca39687d6f4","Holton","Ahlers","-","0.0","1",,"QB",,,
"b38fc230-47b6-494a-9408-de814bc3b2dd","Jalen","Wayne","-","0.0","1",,"WR",,,
"b39514cd-5f84-49c0-aaf1-320a2f734741","Davion","Davis","-","0.0","1",,"WR",,,
"b3d767cd-80cd-4a30-8df4-3977ec196ce0","Richie","James Jr.","-","0.0","1",,"WR",,,
"b44d1267-0b49-4ffb-9e9e-efb4a5e670e5","Sean","Brown","-","0.0","1",,"WR",,,
"b4a824d4-a7b3-4fa2-ab40-e96a00df1aac","Seth","Henigan","-","0.0","1",,"QB","Indianapolis Colts",,
"b4c76a94-c022-46ac-88c9-34fb5d7e9a1f","Will","Mallory","-","0.0","1",,"TE","Indianapolis Colts",,
"b55d8f2f-e3a1-4673-88c6-e57783be750a","Will","Grier","-","0.0","1",,"QB","Carolina Panthers",,
"b561cd0f-c5db-42c8-85cf-14c220b89f24","Greg","Ward","-","0.0","1",,"WR",,,
"b5691b7f-87a0-4ae3-9500-b7eeea5121d3","Owen","Wright","-","0.0","1",,"RB",,,
"b5f88bfd-1e5c-4a90-99c0-df538bafcfe5","TJ","Harden","-","0.0","1",,"RB","Cleveland Browns",,
"b602fa93-aff5-423f-825a-3e9178fd4d27","Brennan","Presley","-","0.0","1",,"WR","Los Angeles Rams",,
"b623dce5-25ac-49b3-b7dc-80a674c3edd8","Latavius","Murray","-","0.0","1",,"RB",,,
"b626e097-3857-4156-9d6e-2b27d76082be","Braxton","Berrios","-","0.0","1",,"WR",,,
"b686569d-3fe1-4668-99ca-af5a53e5906b","Kyle","Philips","-","0.0","1",,"WR",,,
"b6bf472f-8f86-4fb7-8d54-72127d74b4a4","E.J.","Perry","-","0.0","1",,"QB",,,
"b7029afe-5cde-4062-bd0e-2ee27e4d6bfb","Mike","Boone","-","0.0","1",,"RB",,,
"b838eacd-21f3-4bbf-aca5-b559656a4e34","Stephen","Anderson","-","0.0","1",,"TE",,,
"b842899d-60cb-4951-9fca-89938f39a47b","Marlon","Mack","-","0.0","1",,"RB",,,
"b84de1e6-9831-4415-a146-2186ca79bf9e","Kenny","Golladay","-","0.0","1",,"WR",,,
"b896b50f-22d6-4814-9cb8-d7337e9965a2","Colson","Yankoff","-","0.0","1",,"TE","Washington Commanders",,
"b8e89d8b-d037-401b-9393-874f17ba68dd","Robbie","Ouzts","-","0.0","1",,"RB","Seattle Seahawks",,
"b931a37a-c37c-4e05-87a4-e63a16a8d09b","Thomas","Fidone","-","0.0","1",,"TE","New York Giants",,
"b9c14798-4a9c-4d07-9328-4ed07a77c294","Emory","Jones","-","0.0","1",,"QB",,,
"b9deb221-d682-43fd-aabb-8611ca1b4bc6","Larry","Rountree","-","0.0","1",,"RB",,,
"ba949019-a7c7-4508-aed4-59c745c3ee7b","Matt","LaCosse","-","0.0","1",,"TE",,,
"ba9531f9-1a55-4921-ad23-5ebdf3e4297d","Josh","Ali","-","0.0","1",,"WR",,,
"baea1051-29b3-4f8d-a96e-f9e46f19a3ed","Hassan","Haskins","-","0.0","1",,"RB",,,
"bb35e4ba-13ae-456b-8743-7f1f3f7b31d6","Russell","Gage","-","0.0","1",,"WR",,,
"bbf74eb1-48ce-4c8d-bca3-3a46a35cfcc9","Kyric","McGowan","-","0.0","1",,"WR",,,
"bc017e98-72ff-4e6c-96b7-83231f85fef1","Nsimba","Webster","-","0.0","1",,"WR",,,
"bc4427b0-6898-4c3f-ada0-0ba377f7f5c3","Jalen","Cropper","-","0.0","1",,"WR",,,
"bc5fb800-71bf-4b29-87f1-694c2da564ea","Xavier","Grimble","-","0.0","1",,"TE",,,
"bc64e4cd-d611-4527-baca-38a0904c7431","Jeff","Smith","-","0.0","1",,"WR",,,
"bd1252de-1959-4c92-918c-b55dbd37e893","Justin","Johnson","-","0.0","1",,"TE",,,
"bd9a7304-06f4-49f8-8e97-2689623c878f","Luis","Perez","-","0.0","1",,"QB",,,
"bdc44351-e6cd-4eb4-acd5-e193167d6639","Tony","Brown","-","0.0","1",,"WR",,,
"bde45e25-2823-438a-b546-62119421f3e7","Jalen","Virgil","-","0.0","1",,"WR","Buffalo Bills",,
"bdf7ecc1-661a-4890-a94f-0c91001473c9","Melvin","Gordon III","-","0.0","1",,"RB",,,
"be745a6d-1d78-44a1-9095-38e442e129e3","Thayer","Thomas","-","0.0","1",,"WR",,,
"bea397c7-9955-476a-a581-f0532e746ad2","Jaelon","Darden","-","0.0","1",,"WR",,,
"becf7589-6aec-41b7-8478-aa697627e83c","Cam","Camper","-","0.0","1",,"WR",,,
"bf11cb11-16a7-49da-9838-1fad62835583","Isaiah","Neyor","-","0.0","1",,"WR","Green Bay Packers",,
"bf30b684-36cb-4bdf-94d3-83110e85ac17","Zander","Horvath","-","0.0","1",,"RB",,,
"bf7f28ea-59e4-482b-b8ca-871cb314532f","Joseph","Ngata","-","0.0","1",,"WR",,,
"bfbbb018-59b3-47db-bcd0-aec01beb6994","Josh","Reynolds","-","0.0","1",,"WR",,,
"c04374bb-0e06-4d19-8204-29f7a1c81372","Nathan","Carter","-","0.0","1",,"RB","Atlanta Falcons",,
"c045c5ba-b551-4149-9720-56836f06180d","D'Ernest","Johnson","-","0.0","1",,"RB",,,
"c067447b-8298-432b-8b31-dd491e549e62","Clive","Walford","-","0.0","1",,"TE",,,
"c0712b3a-f065-408e-ac5e-d07bd5b3245e","Tulu","Griffin","-","0.0","1",,"WR",,,
"c0b9497b-2ab2-4fea-a795-76166b2b0a2c","Rashod","Owens","-","0.0","1",,"WR",,,
"c110f0f8-9f9a-479e-b26c-fcce996184ad","Darrell","Henderson Jr.","-","0.0","1",,"RB",,,
"c1370aac-650a-448d-81ff-9ebeb9417146","Alexander","Mattison","-","0.0","1",,"RB",,,
"c1834ee0-6402-4cd6-af9d-cc34ba1d9865","Xavier","Guillory","-","0.0","1",,"WR","Baltimore Ravens",,
"c1a9f2d3-829c-448f-a00c-7fe577170749","Montorie","Foster","-","0.0","1",,"WR","Seattle Seahawks",,
"c1db89c9-5794-4aad-a18f-8d77355c86ef","Hassan","Hall","-","0.0","1",,"RB",,,
"c2282ac4-88c2-4157-8ca8-5a2520f333d7","Devin","Leary","-","0.0","1",,"QB",,,
"c27c49a6-44fc-4a7b-9c8a-01196601683f","C.J.","Ham","-","0.0","1",,"RB",,,
"c2d3d581-d1b6-4a07-80ef-c747c4f5baf8","Paul","Richardson","-","0.0","1",,"WR",,,
"c2d5dbfc-06a2-4c44-b698-8b28cc7903a7","Easop","Winston","-","0.0","1",,"WR",,,
"c3a67717-d739-4915-9f38-c0b5cff30ff8","Jalin","Hyatt","-","0.0","1",,"WR","New York Giants",,
"c3bde111-0b3e-4332-b1e9-b58ae8319506","Zach","Gentry","-","0.0","1",,"TE",,,
"c468f038-bbaa-494e-95f8-e0838b2218dc","Jalin","Conyers","-","0.0","1",,"TE",,,
"c575d1da-7375-499c-99ec-31af2d51b62f","Sam","Scott","-","0.0","1",,"RB","New York Jets",,
"c5bad580-eddc-4a9c-b2a1-2f160b0b9170","Brenden","Rice","-","0.0","1",,"WR","Green Bay Packers",,
"c6115586-d54c-4c08-a9de-f0a8a8722a9f","Albert","Okwuegbunam","-","0.0","1",,"TE","Las Vegas Raiders",,
"c63985d9-5f1e-475d-9a0f-58ab572c5cf4","Denzel","Mims","-","0.0","1",,"WR",,,
"c6c68f97-c3d3-4dd7-8f41-0e6d71135a9a","Adrian","Martinez","-","0.0","1",,"QB","San Francisco 49ers",,
"c6cb4b6d-52ef-4302-960a-2200751243a1","Antwane","Wells","-","0.0","1",,"WR",,,
"c6cc8865-a49f-48c5-9da4-94c3f4a35947","Cornelius","Johnson","-","0.0","1",,"WR","Baltimore Ravens",,
"c7083c6f-10fb-4387-9acf-886667316ad1","Jake","Kumerow","-","0.0","1",,"WR",,,
"c75e6649-d3c7-4ff4-9fb5-91bc9689246a","La'Mical","Perine","-","0.0","1",,"RB",,,
"c76ea7a0-010e-4522-97bf-681579e3be8f","Rahsul","Faison","-","0.0","1",,"RB",,,
"c780ae78-8fd0-48d7-8c3a-f4f28d39b3e1","Ihmir","Smith-Marsette","-","0.0","1",,"WR","Arizona Cardinals",,
"c7f0dad8-0b18-43fc-8dfe-674ae3a42f89","Austin","Stogner","-","0.0","1",,"TE",,,
"c82e5ec5-b934-40be-8a33-1e6b4feb4071","Noah","Togiai","-","0.0","1",,"TE",,,
"c86e39f4-abf4-4365-8107-4e6073ecab97","Randall","Cobb","-","0.0","1",,"WR",,,
"c87500b2-4501-4342-9430-02aeb57c28ca","Neal","Johnson","-","0.0","1",,"TE",,,
"c8985e9d-ac8b-4b9e-acc8-2c7165df2560","Dontae","McMillan","-","0.0","1",,"RB","Baltimore Ravens",,
"c970b551-d35b-4b33-8f43-f24fccce037f","Colton","Dowell","-","0.0","1",,"WR","San Francisco 49ers",,
"c9832e9b-2109-4865-b793-f0208b756c7f","Jase","McClellan","-","0.0","1",,"RB",,,
"c9aec1e6-c2b2-477e-b3ab-81060f9cdfd4","Blake","Bell","-","0.0","1",,"TE",,,
"ca50546f-7938-4269-a186-f7aa68ed11c8","Juwann","Winfree","-","0.0","1",,"WR",,,
"cb08b0d5-338e-43a1-9f06-64acc495ce4a","Hunter","Bryant","-","0.0","1",,"TE",,,
"cb5b8af8-33df-4d69-86a2-4772e5761686","Micah","Bernard","-","0.0","1",,"RB",,,
"cb7db6f0-7c45-4d26-8089-3c24ff8302bf","Ray-Ray","McCloud III","-","0.0","1",,"WR",,,
"cbc2f1ee-c6d9-4027-af59-d2792cfa9efb","Montrell","Washington","-","0.0","1",,"WR",,,
"cbd395ab-d6b3-4c19-a6be-63fc9f1ec36a","Pete","Guerriero","-","0.0","1",,"RB",,,
"cc346aac-1942-4930-b60c-37a63e369015","Dez","Fitzpatrick","-","0.0","1",,"WR",,,
"cc5b42da-d64b-477c-8494-8ae91bdf9f5a","Lynn","Bowden","-","0.0","1",,"WR",,,
"cd181788-2ddd-4b36-85ec-cb6348728d16","Jeshaun","Jones","-","0.0","1",,"WR","Minnesota Vikings",,
"cd867a12-e229-41fd-8a1e-da9d41d9bd1c","Royce","Freeman","-","0.0","1",,"RB",,,
"cd9bf8d9-881c-4225-8613-4b2fc4ae802f","Johnny","Johnson","-","0.0","1",,"WR",,,
"cdf91946-18dc-4a4c-88c1-524d1d645e4c","John","Kelly","-","0.0","1",,"RB",,,
"ce1b11ae-292f-48dc-b16d-d1a4d3ee404e","E.J.","Jenkins","-","0.0","1",,"TE","Philadelphia Eagles",,
"ce6c0393-55bd-4204-839e-6a25604c9e07","Rodney","Smith","-","0.0","1",,"RB",,,
"cec52d28-184c-4abf-a7f2-96ef218ba395","Clayton","Tune","-","0.0","1",,"QB",,,
"cef88325-2436-48cf-868e-8a8651e8bb80","Sincere","McCormick","-","0.0","1",,"RB","San Francisco 49ers",,
"cef988c3-d8a2-4bb1-a97e-55f6aa1c2145","Will","Sheppard","-","0.0","1",,"WR","Green Bay Packers",,
"cfb213d1-f0a7-486f-a2d0-ce9e50f4a2ff","Johnny","Mundt","-","0.0","1",,"TE","Philadelphia Eagles",,
"d071374b-886c-4085-8c6d-7b57b9c52cc2","Malik","Cunningham","-","0.0","1",,"WR","Detroit Lions",,
"d0a2cbfc-b025-4232-a4d0-60c91a2cfd84","Duece","Watts","-","0.0","1",,"WR",,,
"d0db40f2-403f-469f-9e20-799308cb0f93","Josh","Kattus","-","0.0","1",,"TE","Cincinnati Bengals",,
"d0e5bad9-02e0-48ed-a3fe-18b7775f58c9","Ryan","Miller","-","0.0","1",,"WR","New York Giants",,
"d0feb2b5-8a34-4dbd-8ac7-2db98362cac6","Brayden","Willis","-","0.0","1",,"TE","San Francisco 49ers",,
"d10cdd9b-8fab-4a24-943c-906f1f848504","Tyler","Davis","-","0.0","1",,"TE",,,
"d1435767-100a-45cc-81de-c27ba2cebfde","Marvin","Hall","-","0.0","1",,"WR",,,
"d19f1dd0-f292-48a5-9860-32e523973e56","Chris","Carson","-","0.0","1",,"RB",,,
"d1f731a8-c0a7-4d2c-ad11-e377dac6f770","Jack","Westover","-","0.0","1",,"RB","New England Patriots",,
"d218df8c-1ff0-47f7-86de-6b58dfa5d86a","Malik","Knowles","-","0.0","1",,"WR",,,
"d2371d7d-badf-4fe1-896b-4e8490f6e8b2","Anthony","Brown","-","0.0","1",,"QB",,,
"d25d0289-21cc-4bdf-ad53-bb61302aad5f","Zach","Evans","-","0.0","1",,"RB",,,
"d2a48072-e0fd-4b6f-b70a-890976b23184","Ja'Lynn","Polk","-","0.0","1",,"WR","New Orleans Saints",,
"d2d95362-cb0c-4198-9ff2-6de0da720151","Kirk","Merritt","-","0.0","1",,"WR",,,
"d351c550-2b0e-43da-b8ba-c655fe209f4b","Jabari","Small","-","0.0","1",,"RB","Detroit Lions",,
"d3813320-5c99-40e5-b001-1574b2806299","Brandon","Johnson","-","0.0","1",,"WR","Pittsburgh Steelers",,
"d3bd3de3-5a34-4ae6-944c-cb401ceba8c4","Samson","Nacua","-","0.0","1",,"WR",,,
"d3e441cd-5ae9-4713-8843-23221f418d0e","Jeff","Caldwell","-","0.0","1",,"WR","Kansas City Chiefs",,
"d434d8c0-207e-43ad-b106-bb540c5abd3a","Bailey","Zappe","-","0.0","1",,"QB","New York Jets",,
"d4c1ce89-6027-4011-ad50-d992d57657c9","Malik","Turner","-","0.0","1",,"WR","San Francisco 49ers",,
"d50c132b-0521-4354-ae60-98fc4d875c8c","Hendon","Hooker","-","0.0","1",,"QB","Tennessee Titans",,
"d5742b00-c25b-4487-a9e9-9a0539cba790","Travis","Homer","-","0.0","1",,"RB","Pittsburgh Steelers",,
"d5af0a4e-930e-4a97-ba11-9ded6446c85d","Trey","Burton","-","0.0","1",,"TE",,,
"d60390c6-83c1-4aa3-a6db-2b93e880d87b","Sam","Pinckney","-","0.0","1",,"WR",,,
"d68b6fbb-0cbf-4fa4-a506-f5583a2e56df","John","FitzPatrick","-","0.0","1",,"TE",,,
"d70d2a46-2ee5-4b5f-be50-d1294ae4f917","Brycen","Tremayne","-","0.0","1",,"WR","Carolina Panthers",,
"d73c8be8-98c7-4f1f-9cd4-756e7e5c6003","Kene","Nwangwu","-","0.0","1",,"RB","New York Jets",,
"d782a1ec-9035-43eb-8f47-099b75a636e4","Dominic","Richardson","-","0.0","1",,"RB","Dallas Cowboys",,
"d7efbde3-16f5-4422-9b1f-74540b8438c9","Robbie","Chosen","-","0.0","1",,"WR",,,
"d8a7c160-9019-4991-b40a-6360cd672dd7","Curtis","Hodges","-","0.0","1",,"TE",,,
"d8f33540-e045-45aa-9794-fec002afa094","Adam","Prentice","-","0.0","1",,"RB","Denver Broncos",,
"d92a06e9-7f25-4ce7-bf05-f28d9973db24","Jacob","Harris","-","0.0","1",,"WR",,,
"d9e4171c-da6d-4139-8594-c7bf0a7fef67","Jordan","Waters","-","0.0","1",,"RB","Los Angeles Rams",,
"da03604e-ab52-45f0-8e9a-1e1104a26931","Sammy","Watkins","-","0.0","1",,"WR",,,
"dae51431-8408-4fb9-96a2-33966b7f1cc0","Troy","Hairston","-","0.0","1",,"RB",,,
"db94c40f-affb-4e53-b4de-7c2aeef90c5c","Cole","Hardy","-","0.0","1",,"TE",,,
"dba18f02-b51a-4230-8608-ed5feae7cc5b","Joel","Wilson","-","0.0","1",,"TE","Tennessee Titans",,
"dbd1112c-733a-4b68-b1fc-7a4895089b25","Carson","Steele","-","0.0","1",,"RB","Philadelphia Eagles",,
"dc0f7a17-01bc-4a83-acf1-54397c1aecce","Sincere","Brown","-","0.0","1",,"WR","Los Angeles Chargers",,
"dd0dd267-fe42-41bc-b14b-c0dd73f7b6f8","Mario","Williams","-","0.0","1",,"WR","Los Angeles Rams",,
"dd3f874b-4fe2-4ad3-bbd5-f7c70dca6bef","Jonathan","Ward","-","0.0","1",,"RB",,,
"dd559d79-7da7-45d9-a815-d316cc7e4371","Rashard","Higgins","-","0.0","1",,"WR",,,
"dd7e4bbc-58c8-47a9-879e-5e92d42825eb","Brandon","Bolden","-","0.0","1",,"RB",,,
"dd962bc3-f4b7-4e26-8a65-0909e1858cbc","Isaiah","Wooden","-","0.0","1",,"WR",,,
"dd9f520e-c0e4-44b9-a763-a16c92d4459f","Joe","Fagnano","-","0.0","1",,"QB","Baltimore Ravens",,
"dda5f648-34c4-41ae-8030-dc172b0490a5","Chris","Collier","-","0.0","1",,"RB","Las Vegas Raiders",,
"de133efd-bdbc-48d4-a21b-3490f05f33c0","Tarik","Cohen","-","0.0","1",,"RB",,,
"de560bd4-319b-4f0c-abc0-9b4768ad7327","Hunter","Long","-","0.0","1",,"TE","Jacksonville Jaguars",,
"de7abe2a-0224-4452-8a2a-8d5a813f3bfe","Pooka","Williams","-","0.0","1",,"WR",,,
"de8872f9-f3dd-4035-9c11-6938c95e7740","Reid","Sinnett","-","0.0","1",,"QB",,,
"de8d0d23-b641-4192-8f9f-0198a22e8730","Chandler","Brayboy","-","0.0","1",,"WR","Jacksonville Jaguars",,
"debf361a-942e-4fd3-a2af-e9857ea7036e","Josh","Doctson","-","0.0","1",,"WR",,,
"dee3fcbd-d345-43ac-8a12-24180589ec77","Dae'Quan","Wright","-","0.0","1",,"TE","Philadelphia Eagles",,
"deebc4f8-1301-4019-b373-92ee8aec753b","Peyton","Hendershot","-","0.0","1",,"TE",,,
"df05088f-0a41-4958-9849-05992deb02fc","Kareem","Hunt","-","0.0","1",,"RB",,,
"df13b5dc-4654-4ab4-bedc-140bd3b2c251","James","Washington","-","0.0","1",,"WR",,,
"df56bbc1-2c34-49a9-8f53-5a8b7cef6494","AJ","Henning","-","0.0","1",,"WR","Miami Dolphins",,
"df7a7400-da7c-43ff-a08d-05ba77863208","Ainias","Smith","-","0.0","1",,"WR","Carolina Panthers",,
"df929da4-0961-4d57-ba85-05707e783787","Mike","Williams","-","0.0","1",,"WR",,,
"e0249016-610f-42c6-872d-17974bff0fbd","Phillip","Lindsay","-","0.0","1",,"RB",,,
"e0a4d471-1865-417f-8597-ad0d051113a3","Shane","Buechele","-","0.0","1",,"QB","Buffalo Bills",,
"e0be5538-432c-47f1-ba7e-bf81bccd0106","Dontae","Fleming","-","0.0","1",,"WR","Minnesota Vikings",,
"e0c08837-7dcc-422e-a424-a1d7179e0005","Tyrion","Davis-Price","-","0.0","1",,"RB",,,
"e0fa344b-9d66-4687-aae0-12fad4ee3238","Kristian","Wilkerson","-","0.0","1",,"WR",,,
"e1846125-eb6a-45f9-af5d-23eb67ef4216","C.J.","Saunders","-","0.0","1",,"WR",,,
"e18a9839-42fc-4c02-9385-838e6131ff56","Ja'Quinden","Jackson","-","0.0","1",,"RB",,,
"e1c989ce-9445-4ba4-b5bb-4a2ef6b663ac","Ja'Corey","Brooks","-","0.0","1",,"WR","Washington Commanders",,
"e21bce54-f84a-48d6-9c42-daf9ef3b4099","Marquise","Goodwin","-","0.0","1",,"WR",,,
"e2659c98-3725-4914-928f-9951c4584285","Trayveon","Williams","-","0.0","1",,"RB",,,
"e2facfe4-cc88-47a0-b49a-dabbb666d62f","DT","Sherffield","-","0.0","1",,"WR",,,
"e35fe791-b93e-475a-8b88-d7dc1471285c","Keith","Kirkwood","-","0.0","1",,"WR",,,
"e3e7b0a1-5802-4297-9c15-b7e2a7431274","Brandon","Dillon","-","0.0","1",,"TE",,,
"e3f0220f-519f-48ba-8f20-b5e59dde69b8","James","Mitchell","-","0.0","1",,"TE","Carolina Panthers",,
"e4339bad-91c2-4a23-9dc3-05784a1c93af","Trevon","Wesco","-","0.0","1",,"TE",,,
"e48bcd3d-379c-4b80-8a5d-f9277cfbf4ec","Tyreik","McAllister","-","0.0","1",,"WR",,,
"e48e249b-8797-4b29-8185-5e0d3e75562e","Andy","Isabella","-","0.0","1",,"WR",,,
"e4cf75a5-f309-4fce-bef0-a00bcbc1f67c","Dillon","Johnson","-","0.0","1",,"RB",,,
"e57076b0-2d25-4816-ae73-f1574bac7098","Odell","Beckham Jr.","-","0.0","1",,"WR",,,
"e5a4a395-af3a-4667-81ae-92665ed61b60","Devon","Allen","-","0.0","1",,"WR",,,
"e606875d-46ab-4950-b0f4-db2756978295","Sean","Mannion","-","0.0","1",,"QB",,,
"e6113837-09a5-4e29-819f-a0c8e78cbd3c","Amari","Rodgers","-","0.0","1",,"WR",,,
"e62da689-30e4-497b-8e12-8b2463064674","Alex","Armah","-","0.0","1",,"RB",,,
"e647af36-814a-472a-913f-9035f990c19c","Sean","Ryan","-","0.0","1",,"WR",,,
"e64f32f3-497e-4d18-aaec-46b7301a415c","Lan","Larison","-","0.0","1",,"RB","New England Patriots",,
"e651d9e4-fd83-4060-9fd7-bdf1feb1fa96","Charleston","Rambo","-","0.0","1",,"WR",,,
"e6c92e6a-d206-44be-9fb3-8d90184795bb","Tyler","Boyd","-","0.0","1",,"WR",,,
"e6f583eb-79ee-4f71-9f98-36a1b9131a0a","D.J.","Montgomery","-","0.0","1",,"WR",,,
"e7610cf2-91c9-49ff-b727-e33cd931f5a4","Reggie","Gilliam","-","0.0","1",,"RB","New England Patriots",,
"e7808d24-f794-4890-9057-a6d2a276ecfc","Deonte","Harty","-","0.0","1",,"WR",,,
"e795bfd7-cb05-43ba-be2f-1431f454f337","Bryson","Nesbit","-","0.0","1",,"TE","Minnesota Vikings",,
"e7ae3287-0684-49e6-8667-0e63b6a89549","Payton","Thorne","-","0.0","1",,"QB",,,
"e7ccfa5e-daa0-4b33-9c93-f0551f4da755","Jason","Huntley","-","0.0","1",,"RB",,,
"e7d4c00b-0d2b-4122-a3d2-9c5972094dcd","Montrell","Johnson","-","0.0","1",,"RB",,,
"e848b1b4-2fe5-420a-8cbf-f8a633744777","Jerand","Bradley","-","0.0","1",,"TE","Los Angeles Chargers",,
"e899229b-9132-4c63-a6f5-fc58309c485b","Justyn","Ross","-","0.0","1",,"WR",,,
"e8b27969-1c9e-42f9-a833-cc9e92dcdb71","Lewis","Bond","-","0.0","1",,"WR","Houston Texans",,
"e94827e6-5717-4fc6-b6d9-3cce1e4bb2cf","Jimmy","Garoppolo","-","0.0","1",,"QB",,,
"e98a7acd-6f32-4cab-9da0-977fea800a6a","Zach","Davidson","-","0.0","1",,"TE",,,
"ea263e80-459c-4adb-9d54-1bdae441e494","Ryan","Jones","-","0.0","1",,"TE",,,
"ea3dfa65-5d41-4a63-8de9-19ff77f58fdb","Jermaine","Burton","-","0.0","1",,"WR",,,
"ea501349-85d9-4fff-8b2d-555f98134726","Deon","Jackson","-","0.0","1",,"RB",,,
"eae67af8-abbf-4dea-b91c-e9788665ecc7","MyCole","Pruitt","-","0.0","1",,"TE",,,
"eb4ea60a-af55-4dcb-aee6-a2b2a49d2b47","Jerick","McKinnon","-","0.0","1",,"RB",,,
"eb7c1cd5-ba7d-4a99-8d5b-3de048759c45","Miles","Sanders","-","0.0","1",,"RB",,,
"ebf9e60e-3af7-44e0-843e-22e4b6f67433","Matt","Barkley","-","0.0","1",,"QB",,,
"ec98a5ea-414f-446a-bba7-65dba0c75db1","Freddie","Swain","-","0.0","1",,"WR",,,
"ed5b282b-84df-45ce-9538-58335a9047d1","Dorian","Singer","-","0.0","1",,"WR",,,
"edc1a04e-1fdb-4686-b9a2-affec9f2e055","Mark","Gronowski","-","0.0","1",,"QB","Miami Dolphins",,
"ee2a553f-af66-4dcc-869f-94ae98c2b54d","Michael","Ezeike","-","0.0","1",,"TE",,,
"ee3870e0-14ae-4f24-b836-a4e6b328a3b3","Nathaniel","Peat","-","0.0","1",,"RB",,,
"ee42898d-444c-4c09-a601-4c625b136b2b","Cody","Schrader","-","0.0","1",,"RB","Denver Broncos",,
"ee86ea9a-d590-447a-8940-80bc5430c3c8","Jaray","Jenkins","-","0.0","1",,"WR",,,
"eed92366-43b3-4470-a3b4-0685418b6acc","Miller","Moss","-","0.0","1",,"QB","Chicago Bears",,
"ef2b3324-b7bf-44e3-bc8b-90b8aedfa863","David","Martin-Robinson","-","0.0","1",,"TE","Tennessee Titans",,
"ef420ba2-4f14-4fb1-8f10-a513c52dfd9d","Zaire","Mitchell-Paden","-","0.0","1",,"TE","New Orleans Saints",,
"ef87bf23-5529-4b73-8366-5ae8b4380687","Simi","Fehoko","-","0.0","1",,"WR","Arizona Cardinals",,
"efcc0e8e-6915-4553-9ecc-08d0be356ba4","Ben","DiNucci","-","0.0","1",,"QB",,,
"effc416d-4666-48b3-bc4b-1fb4201da1d8","Troy","Fumagalli","-","0.0","1",,"TE",,,
"f0160703-12ba-45a3-a897-d8be762c11c0","Jesse","James","-","0.0","1",,"TE",,,
"f022bfde-06b9-441c-8556-2bb8af6c14ac","Kellen","Mond","-","0.0","1",,"QB",,,
"f05ab28c-3335-4aa4-9dd0-174bdbfc0313","Chase","Claypool","-","0.0","1",,"WR",,,
"f1768c0e-78d6-4fbd-93fd-987c9f96cf8b","Silas","Bolden","-","0.0","1",,"WR",,,
"f25102e4-484c-4778-9f50-d9c1429227fd","Bam","Knight","-","0.0","1",,"RB","Arizona Cardinals",,
"f280a8af-6d52-4755-8c74-eb77ebebb675","Brady","Cook","-","0.0","1",,"QB","New York Jets",,
"f2cdc659-0907-4264-9639-dee3f221d1eb","Tommy","Mellott","-","0.0","1",,"WR",,,
"f2d581f6-1d02-4566-9c50-c6207369492a","Kazmeir","Allen","-","0.0","1",,"RB",,,
"f2e699a9-f334-403c-ba66-b4343de25455","Jermar","Jefferson","-","0.0","1",,"RB",,,
"f30ae347-4712-433d-bce6-21b79a0aeb31","Armani","Rogers","-","0.0","1",,"TE",,,
"f3226841-6314-4d29-b64b-2436537fa756","Cash","Jones","-","0.0","1",,"RB","Atlanta Falcons",,
"f39be9b2-6e30-4395-8438-28b1732295c6","Davon","Booth","-","0.0","1",,"RB","Cleveland Browns",,
"f3a1933c-6073-411a-a08e-19cba0c40f49","Lake","McRee","-","0.0","1",,"TE","Pittsburgh Steelers",,
"f3a904f2-455a-41ae-b2a5-7272a0b4355d","Brandon","Smith","-","0.0","1",,"WR","Pittsburgh Steelers",,
"f3a9d0fd-7cbb-4c92-a888-3bd0ceb4d4e7","Kaden","Davis","-","0.0","1",,"WR",,,
"f3ea4c14-22d4-4abe-9540-13b3be6911bb","Michael","Wiley","-","0.0","1",,"RB",,,
"f4180f85-9a11-48a4-b79c-503ed3c10c18","Quentin","Moore","-","0.0","1",,"TE","Washington Commanders",,
"f4ac0826-7bef-4081-a227-dd26bfb4c4cc","Ben","Mason","-","0.0","1",,"RB",,,
"f58a7dcf-317e-47ad-826a-127f15234cda","Terrell","Bynum","-","0.0","1",,"WR",,,
"f596b1dd-56f8-4e13-b50d-2a7a2404dd41","Keilahn","Harris","-","0.0","1",,"WR",,,
"f5b46236-09dd-4451-8123-6cad94277137","Cornell","Powell","-","0.0","1",,"WR",,,
"f5d35e9f-5e9d-47f4-a2c2-e8d93905218b","Patrick","Taylor","-","0.0","1",,"RB","San Francisco 49ers",,
"f628f898-0ee8-4db6-92b0-4d1f03c86f7f","De'Anthony","Thomas","-","0.0","1",,"WR",,,
"f6484792-6e7c-42fe-bb9e-f5f7ae41d90b","J.J.","Taylor","-","0.0","1",,"RB",,,
"f6613e5d-7c06-4244-86c5-66763cb5f3bf","Cole","Beasley","-","0.0","1",,"WR",,,
"f692ca8d-446a-4607-ac4f-ed842cc4c81c","Frank","Gore","-","0.0","1",,"RB","Buffalo Bills",,
"f6a08e95-78fb-401d-b29d-51415569f687","Sal","Cannella","-","0.0","1",,"TE",,,
"f6a18d00-b67a-4e63-8370-fb9a5c4cf06b","Boston","Scott","-","0.0","1",,"RB",,,
"f6cc4818-21e7-411c-8c3c-84b56a083b3e","Mike","White","-","0.0","1",,"QB",,,
"f6deb9e0-ca88-4e02-b56e-9ced07b726af","Pharoh","Cooper","-","0.0","1",,"WR",,,
"f6e2c2d6-7899-41a5-ad03-a00cc2c8d71e","James","Robinson","-","0.0","1",,"RB",,,
"f7010757-b682-4e9a-9a68-c24243bf6f92","Sammis","Reyes","-","0.0","1",,"TE",,,
"f711c9fe-9746-43e8-b79b-e5aaa4e66284","Erik","Krommenhoek","-","0.0","1",,"TE",,,
"f782f79e-3bdc-48ae-905f-87a95f513568","Kedon","Slovis","-","0.0","1",,"QB","Arizona Cardinals",,
"f7cf2f0b-fdf4-45ab-b93b-3243333fd210","Jordan","Matthews","-","0.0","1",,"TE",,,
"f84bed92-8cc7-4c77-aa4d-ab0f78907167","DeAngelo","Hardy","-","0.0","1",,"WR",,,
"f8703b94-3f7e-4284-ac5a-19990568821a","Sterling","Shepard","-","0.0","1",,"WR",,,
"f8a8d0d2-4e31-4fa2-93b0-a67a6bffecd1","Lucky","Jackson","-","0.0","1",,"WR",,,
"f8e6bd0a-f5b9-420b-8e64-8bae5d15b0a7","Ke'Shawn","Vaughn","-","0.0","1",,"RB",,,
"f93d651b-9dff-4eab-8479-faeee9e9aca7","Jake","Haener","-","0.0","1",,"QB",,,
"f968f6f9-cf8b-4bb9-943a-c0afc8aaaebd","Nate","Noel","-","0.0","1",,"RB",,,
"f9791e10-d1a5-43cc-875f-3672b654b3f8","Le'Veon","Moss","-","0.0","1",,"RB",,"OUT",
"f9aac099-26d0-45da-a934-2fa96eaf5781","Matthew","Slater","-","0.0","1",,"WR",,,
"fa5dfa5d-3f53-4ff6-90e6-32b33f876178","Traeshon","Holden","-","0.0","1",,"WR","Dallas Cowboys",,
"fa7d7b3f-ce14-4c3e-b55d-282ad8166335","Nick","Boyle","-","0.0","1",,"TE",,,
"fad28f3e-2f1c-45f2-a961-5fbe25c7a9fb","Derrick","Gore","-","0.0","1",,"RB",,,
"fb54d68d-1c4c-4973-b69c-17113c702df2","Quintez","Cephus","-","0.0","1",,"WR",,,
"fbf10aca-e7cd-4f54-9b8b-2dff35ce6008","Jordan","Moore","-","0.0","1",,"WR","Cincinnati Bengals",,
"fc582aec-9739-462f-9885-9e91f6af3464","Jalen","Walthall","-","0.0","1",,"WR","Houston Texans",,
"fc816abc-3808-4eb4-b332-015c0a3c6788","Gavin","Bartholomew","-","0.0","1",,"TE","Minnesota Vikings",,
"fccf8667-b4da-46df-92ad-583ae02e7a78","Dax","Milne","-","0.0","1",,"WR",,,
"fd7d0701-21f2-4827-a913-912fe9b7e246","JaMycal","Hasty","-","0.0","1",,"RB",,,
"fee48ed9-995f-4527-958e-cad6e1c61714","Daylen","Baldwin","-","0.0","1",,"WR",,,
"feed871c-cdf1-41b2-89bd-6b6afeeeacb0","David","Blough","-","0.0","1",,"QB",,,
"ff990d3a-016e-4426-8fe7-435c6e5a5e10","Jonathan","Mingo","-","0.0","1",,"WR","Dallas Cowboys",,
"ffae0af8-63d3-42ab-8bcd-3d8568738c9d","Taysom","Hill","-","0.0","1",,"TE",,,
"ffd56e8e-ad2d-432d-a222-5fb02aeb6750","Kevin","Rader","-","0.0","1",,"TE",,,
"fff08767-483a-454c-9229-7572b99cecb4","Rivaldo","Fairweather","-","0.0","1",,"TE","Arizona Cardinals",,
"e15a2221-c38c-41d2-8a6e-fc5bae045217","Aidan","Robbins","-","0.0","1",,"RB",,,
"00832e61-7783-47f6-9dfd-312c91e9aba0","Duke","Johnson","-","0.0","1",,"RB",,,
"00a06e6c-db7d-437d-b1d0-1d121354c4cd","Will","Dissly","-","0.0","1",,"TE",,,
"00bbd2e9-c2ce-42f0-906f-36a0db2513c5","Jordan","Murray","-","0.0","1",,"TE",,,
"01590d70-6753-4248-80fa-7455f45cf286","Austin","Trammell","-","0.0","1",,"WR","Jacksonville Jaguars",,
"023e8e4b-5eb1-4269-8360-ae1635eb5a7b","Duke","Williams","-","0.0","1",,"WR",,,
"026870d6-4c8f-428c-a9c3-776c0cdb488a","Roschon","Johnson","-","0.0","1",,"RB","Chicago Bears",,
"02bb4ee8-b711-4a83-9a9d-d5103349fe2f","Luke","Stocker","-","0.0","1",,"TE",,,
"02dc190a-e595-4877-aad7-96a4d2e7df27","Kurtis","Rourke","-","0.0","1",,"QB","San Francisco 49ers",,
"033a6e8e-7886-4c90-8973-6e03e3846cc2","Ja'Mori","Maclin","-","0.0","1",,"WR","Buffalo Bills",,
"0392bdff-be70-4c20-bed5-cfb45f31d128","DeCarlos","Nicholson","-","0.0","1",,"RB","Cleveland Browns",,
"03b7e2cd-ee3f-4db5-8feb-705b388c1f83","Chris","Myarick","-","0.0","1",,"TE",,,
"03e0636c-fbf9-4262-bf66-819fdbed0fa6","Jackson","Meeks","-","0.0","1",,"WR","Detroit Lions",,
"043f92ce-f4c9-4de7-8ddc-68826634025c","Josh","Pederson","-","0.0","1",,"TE",,,
"04617a0d-6121-4187-8749-8f0b982fec0d","Tyler","Kroft","-","0.0","1",,"TE",,,
"0464eb58-1383-496a-aa72-6e812009a438","Kobe","Hudson","-","0.0","1",,"WR",,,
"04f668d0-19d5-40fd-8342-0e2a198e6268","Joe","Reed","-","0.0","1",,"WR",,,
"05176873-4e43-4512-8f9a-1a7ff4ee5b3a","Lawrence","Keys","-","0.0","1",,"WR",,,
"05207a72-0fc8-481e-ac1f-170f778079d2","Erik","Ezukanma","-","0.0","1",,"WR",,,
"055de5d6-5227-4cd4-8e54-a7d95b1b159c","Deuce","Vaughn","-","0.0","1",,"RB",,,
"05643ae2-9105-4fc4-85ed-95e60f3a2bde","Dean","Conners","-","0.0","1",,"RB",,,
"059a2b20-04a0-42ed-92a0-499ee6c55134","Dontay","Demus","-","0.0","1",,"WR",,,
"059cbe9b-3db1-40ac-b04b-3c93628b81e5","Kyle","Trask","-","0.0","1",,"QB",,,
"05aaa4f6-e93e-4c34-8d92-95008726c070","Javon","Baker","-","0.0","1",,"WR",,,
"05ade5e2-3e2c-4ba3-99e8-8364f98dce12","Steven","Sims","-","0.0","1",,"WR",,,
"05b6c2f9-6f02-4f20-b230-5bd9a19590f7","Pierre","Strong Jr.","-","0.0","1",,"RB","Green Bay Packers",,
"05e2af26-9936-4296-8f57-d74f45e55f0f","Frank","Darby","-","0.0","1",,"WR",,,
"0684340c-a7b5-401a-b3db-4d09c1d32252","Snoop","Conner","-","0.0","1",,"RB",,,
"06cce0ed-f225-439e-8d3a-9ee200f477a9","Andre","Roberts","-","0.0","1",,"WR",,,
"06e089ea-d471-4271-8ff7-9f9c6f24be9d","Stetson","Bennett","-","0.0","1",,"QB","Los Angeles Rams",,
"072c4ee0-8763-4bff-a93e-f848b3cc5b2b","Bailey","Gaither","-","0.0","1",,"WR",,,
"0739c886-a8ea-431f-bb36-95b092b17b51","Trace","McSorley","-","0.0","1",,"QB",,,
"07947397-ccb2-43a8-9a69-4a0b7cbf18da","Jamaal","Williams","-","0.0","1",,"RB",,,
"085add21-25c1-4fe5-908d-1d2616390ce7","Myles","Price","-","0.0","1",,"WR","Minnesota Vikings",,
"0895fc68-543a-4bcf-81b0-b307c1b1a2d3","Jacob","Saylors","-","0.0","1",,"RB","Detroit Lions",,
"08bbdb53-594d-40fd-bf3b-c5f38d23594f","Dare","Ogunbowale","-","0.0","1",,"RB",,,
"09319750-0a48-4856-ab5f-3b8dfe2707c7","Thomas","Odukoya","-","0.0","1",,"TE",,,
"095cc57d-c1b5-4fcc-bb9d-60f2c9bc7e32","Jacob","Eason","-","0.0","1",,"QB",,,
"09611c68-8f59-45f8-80fe-60c072405dfe","E.J.","Williams","-","0.0","1",,"WR","Las Vegas Raiders",,
"098ef628-db7d-4ce2-8d42-dc0a2f785913","Tommy","Sweeney","-","0.0","1",,"TE",,,
"099ce28e-b5a2-46dc-9ad6-e0994c7340ae","Jahmal","Banks","-","0.0","1",,"WR",,,
"09bbb748-2bf5-4158-a376-e821eeedf5c6","Jake","Luton","-","0.0","1",,"QB",,,
"09cb0c7e-5f85-47a5-8cad-6f989107a02e","Corey","Kiner","-","0.0","1",,"RB","Arizona Cardinals",,
"09ff2653-b75c-48d0-8111-4e6abb9f2f1e","Josiah","Deguara","-","0.0","1",,"TE",,,
"0a33c30e-eafd-4871-848a-3352ebad8683","Caleb","Huntley","-","0.0","1",,"RB",,,
"0a7668f0-432d-4534-85cc-a34db8e973f3","Dan","Chisena","-","0.0","1",,"WR","Carolina Panthers",,
"0b31b19a-20f4-44d3-92e4-40f566d58b46","Lance","McCutcheon","-","0.0","1",,"WR","Tennessee Titans",,
"0b48dab5-2677-4b98-81a4-82678234e6a6","Ty'Son","Williams","-","0.0","1",,"RB",,,
"0b9392a3-7083-4cee-9192-07996f3612c7","Daijun","Edwards","-","0.0","1",,"RB",,,
"0bada1ce-1ad9-4008-9261-be40c07e39b7","Jack","Colletto","-","0.0","1",,"RB",,,
"0bd74ddd-9b0b-486c-aa96-cb6d0f4568a1","Noah","Short","-","0.0","1",,"WR",,,
"0c123887-1a3a-4dd9-8b47-fbcfb5233de8","Chris","Conley","-","0.0","1",,"WR",,,
"0c8824cc-57e5-4547-93d3-7dd9da9758e1","Jarvis","Landry","-","0.0","1",,"WR",,,
"0cc64078-bfb2-4417-ad45-99bf17d53fc4","Damien","Williams","-","0.0","1",,"RB",,,
"0ced7a5b-09d6-45c0-b7f6-bd1ad63c367b","Jacob","Warren","-","0.0","1",,"TE",,,
"0d08c385-f09e-4966-9cce-ec72d1067afa","Marcus","Yarns","-","0.0","1",,"RB",,,
"0d489f0e-08fe-4c85-9e2e-04882f80ed11","Chris","Herndon","-","0.0","1",,"TE",,,
"0e2ac349-918f-4c17-80dc-14e75772666c","K.J.","Osborn","-","0.0","1",,"WR","Tennessee Titans",,
"0e605464-a60c-4a58-85bd-fe4ad7cee81c","Da'Quan","Felton","-","0.0","1",,"WR",,,
"0e701081-e1b1-4d65-92e3-f1e6fb777e2c","Raheem","Mostert","-","0.0","1",,"RB",,,
"0e830564-c9af-41f7-ac1e-92464fabf8d8","Robert","Henry","-","0.0","1",,"RB","Washington Commanders",,
"0efceb80-cfc6-41ba-aed8-83a118c245f6","Dominique","Dafney","-","0.0","1",,"TE",,,
"0f0cf164-88bb-4d5a-953a-f1fc7289bc08","Chris","Oladokun","-","0.0","1",,"QB","Kansas City Chiefs",,
"0f10311e-420a-4408-ae50-251f2bdeb96c","Jalen","Guyton","-","0.0","1",,"WR",,,
"0f280c16-0266-490f-9c0d-27321ccd3998","DJ","Rogers","-","0.0","1",,"TE","Dallas Cowboys",,
"0f44ee5f-6d2b-462a-b8dc-591f0fade107","Athan","Kaliakmanis","-","0.0","1",,"QB","Washington Commanders",,
"0fad135a-065e-4184-b0e5-406fabb3a0cc","Jacob","Clark","-","0.0","1",,"QB","Las Vegas Raiders",,
"0fc5f1d6-5e8a-488a-8e88-0a13a48ba190","Princeton","Fant","-","0.0","1",,"TE","Dallas Cowboys",,
"104b34cf-0e63-4a38-94d6-8479a330d279","Graham","Mertz","-","0.0","1",,"QB","Houston Texans",,
"1068a8c6-cb4b-459d-a6ac-f2f0d766e90c","Aaron","Shampklin","-","0.0","1",,"RB",,,
"109339b3-89ae-463d-97be-0e59426a253e","Rodney","Adams","-","0.0","1",,"WR",,,
"109fb9ee-5ba2-48ec-8b49-82fc1b59e48d","Lorenzo","Lingard","-","0.0","1",,"RB",,,
"11820df8-8be2-41ce-bd90-7bf25052a9ba","Mathew","Sexton","-","0.0","1",,"WR",,,
"1199d522-f251-4ba5-9216-65f8d655a1c0","Donavon","Greene","-","0.0","1",,"WR",,,
"11bff5cf-d9cc-4963-99d2-5ed9291168c6","Brandin","Cooks","-","0.0","1",,"WR",,,
"12108ec7-7a56-4565-9ae2-32ca2a6ada58","Ethan","Fernea","-","0.0","1",,"WR",,,
"1215a79e-9485-4672-b8e9-e11082df269f","Tony","Jones Jr.","-","0.0","1",,"RB",,,
"12903ed5-a12e-4e35-b0c4-acaf7ef7e28d","Sam","Hartman","-","0.0","1",,"QB","Washington Commanders",,
"13aa099e-3fab-4bc9-9e5d-0a457fd38e71","Zay","Jones","-","0.0","1",,"WR",,,
"14bfbd16-70ac-4748-a2ae-6ba9947be25e","Rakim","Jarrett","-","0.0","1",,"WR",,,
"151b59fb-9fb6-4284-a247-a3de12c3887f","Jordan","Hudson","-","0.0","1",,"WR","Dallas Cowboys",,
"15bad733-8b9d-47de-bed2-dcdaffce029b","Tyrie","Cleveland","-","0.0","1",,"WR",,,
"15cd59a4-789b-4c90-98f8-940b51777547","Je'Quan","Burton","-","0.0","1",,"WR",,,
"15dc33d6-83c5-4155-b180-157a83ffb66c","Kenny","Pickett","-","0.0","1",,"QB","Carolina Panthers",,
"15ffd3ac-5953-4d30-979b-e10fecb51a3a","Messiah","Swinson","-","0.0","1",,"TE","Green Bay Packers",,
"16cd29a1-0ff1-48c0-968d-50a623472699","Michael","Burton","-","0.0","1",,"RB","Cleveland Browns",,
"170ba970-2637-4d0e-b1b3-76dac1945370","Kobe","Prentice","-","0.0","1",,"WR","Carolina Panthers",,
"183bad3a-72e6-4631-935e-2bc2395044dd","Ezekiel","Elliott","-","0.0","1",,"RB","Dallas Cowboys",,
"183c025f-5fc0-483a-9a78-f2214ca94fa2","Johnny","Lumpkin","-","0.0","1",,"TE",,,
"184b38a4-fbb7-4732-943b-2fd99d144504","Kenny","Yeboah","-","0.0","1",,"TE",,,
"1878a680-4f14-421b-bcf1-6512c9f6d776","Ronald","Jones","-","0.0","1",,"RB",,,
"18952700-4e4b-452a-a7bd-98953abdb100","Marquez","Callaway","-","0.0","1",,"WR",,,
"18d94fa1-255c-47a6-a229-a2678caa7f68","Malik","Flowers","-","0.0","1",,"WR",,,
"18e7f686-ca01-41d7-93e9-49682b8901c2","Equanimeous","St. Brown","-","0.0","1",,"WR",,,
"18ec71b1-c0aa-4692-ab02-4e0caa38bd95","Hayden","Rucci","-","0.0","1",,"TE","San Francisco 49ers",,
"18f8f8c0-4c15-444f-a9c2-442b56645453","Riley","Leonard","-","0.0","1",,"QB","Indianapolis Colts",,
"18fe2c6e-b8b7-49ab-a6b6-6705a64d0439","Jamoi","Mayes","-","0.0","1",,"WR",,,
"1967ac7f-63bb-4c2e-8cd9-49563c61ad46","Tucker","Fisk","-","0.0","1",,"TE",,,
"1a40a3e9-ab9e-43cc-b1a4-14d081c46884","Mac","Dalena","-","0.0","1",,"WR",,,
"1a40aaf8-c5b2-4c83-a5b6-69730994fc7a","DJ","Turner","-","0.0","1",,"WR",,,
"1a5692aa-adec-49b4-92a2-4b4f96ed9ecb","Nikola","Kalinic","-","0.0","1",,"TE","Chicago Bears",,
"1a652dfb-eb91-4af3-9646-68b4e2f03b9f","Jacob","Hollister","-","0.0","1",,"TE",,,
"1acb5d29-36fd-43e0-ae88-c56e31ee0303","Treyton","Welch","-","0.0","1",,"TE","New Orleans Saints",,
"1ad21597-757d-4cc8-9063-678442c39307","Teagan","Quitoriano","-","0.0","1",,"TE","Arizona Cardinals",,
"1b1cccb9-e166-4f39-8063-11f57b72a995","Noah","Brown","-","0.0","1",,"WR","Washington Commanders",,
"1b1cdafa-5ec7-4690-921e-2188958d1274","Julio","Jones","-","0.0","1",,"WR",,,
"1b51de27-b329-449b-a7ba-010920dda3b8","Jakob","Johnson","-","0.0","1",,"RB",,,
"1b52ab39-d52f-477b-b061-9f5947ec73b8","Kenyan","Drake","-","0.0","1",,"RB",,,
"1bd621a3-ec0e-49a4-b549-bb9b6efe7028","Jamison","Crowder","-","0.0","1",,"WR",,,
"1c1d5e1e-7ea4-44bd-9a6f-20dc28676ea6","La'Michael","Pettway","-","0.0","1",,"TE",,,
"1c6015d8-20ce-4349-8614-949253c2a4db","Khalil","Herbert","-","0.0","1",,"RB",,,
"1ced23c6-6225-4e3b-bb9a-4ba78111d2eb","Joshua","Dobbs","-","0.0","1",,"QB",,,
"1d0fd45e-a135-41a0-b191-653f0d84a406","Bryant","Koback","-","0.0","1",,"RB",,,
"1d2e32d7-8d6b-454f-8482-b624de64337c","Deontay","Burnett","-","0.0","1",,"WR",,,
"1d30f4d8-ec9c-482c-85e8-a04fca63a8c0","Tyler","Lockett","-","0.0","1",,"WR",,,
"1d67f261-69ff-45e7-9df7-1516b458c947","Gerrid","Doaks","-","0.0","1",,"RB",,,
"1e57cfb7-3d56-42f6-bd81-37e3a1f2b9e2","Luke","Lachey","-","0.0","1",,"TE",,,
"1ff61b0f-2a62-4026-8ab2-449a80ec290d","Tyree","Jackson","-","0.0","1",,"TE",,,
"20321004-4695-4ca1-94a5-8b67e2ddd8b3","Case","Keenum","-","0.0","1",,"QB","Chicago Bears",,
"2095d738-35e0-42bb-a0d5-78ae79a09027","Octavion","Smith Jr.","-","0.0","1",,"WR",,,
"21030cc3-b9b6-4a05-86ae-48e3d354391c","Behren","Morton","-","0.0","1",,"QB","New England Patriots",,
"217e61ce-06e7-4a38-838e-0d46755e7ea9","Ronnie","Bell","-","0.0","1",,"WR","New Orleans Saints",,
"219bea2d-6d8b-4a12-95e6-f32a9129b34f","Cam","Sims","-","0.0","1",,"WR",,,
"21cce6b9-62d8-4e14-b197-767a92ab0068","Jeff","Driskel","-","0.0","1",,"QB",,,
"2204be50-44a0-48b3-9acf-9b1d81f9ccfa","Michael","Woods","-","0.0","1",,"WR","Denver Broncos",,
"2233a94d-e585-475b-ba05-bb3cf3754a11","Rashaad","Penny","-","0.0","1",,"RB",,,
"22853134-db43-4841-ac46-ee118dd2483f","Charlie","Jones","-","0.0","1",,"WR","Cincinnati Bengals",,
"22ad7015-aeb7-47d0-b056-27d057c49a1e","Marcedes","Lewis","-","0.0","1",,"TE",,,
"22b2bcb6-f911-434b-8c26-71d96183e794","Kadarius","Toney","-","0.0","1",,"WR",,,
"22bfa755-053f-4357-9ca4-06d4ee693617","Avery","Williams","-","0.0","1",,"RB",,,
"2345a170-7ee5-40b4-a228-66f490ef4755","Dillon","Bell","-","0.0","1",,"WR","Minnesota Vikings",,
"23961029-5ef2-4e8b-a6f9-d60b59d87b96","Devonte","Ross","-","0.0","1",,"WR","Los Angeles Chargers",,
"240a8e34-0d23-4b80-aec9-a73c17cb683c","Velus","Jones Jr.","-","0.0","1",,"RB","Seattle Seahawks",,
"241c4e0a-44cc-4421-8b3c-c74bb7fec3bd","Michael","Jacobson","-","0.0","1",,"TE",,,
"242209b3-722a-4100-a15d-5134441fb302","Derek","Parish","-","0.0","1",,"TE",,,
"24271d0d-c3f7-4dd7-bf20-2c0322e90bb2","Marcell","Ateman","-","0.0","1",,"WR",,,
"24353d5a-b903-442c-b4d3-52076b170cf9","Robert","Burns","-","0.0","1",,"RB",,,
"246f73da-56c9-4662-81e2-0fdac6cacf7b","Jalen","Richard","-","0.0","1",,"RB",,,
"2473cb93-1247-4e5b-8575-7dfdf8938a68","Alec","Ingold","-","0.0","1",,"RB","Los Angeles Chargers",,
"24a6b5d8-7a27-4e2c-9627-c24976198ca1","Treyvhon","Saunders","-","0.0","1",,"WR","Houston Texans",,
"24f10538-f7ac-4e38-ac66-d71d735a2f54","Lew","Nichols","-","0.0","1",,"RB","Pittsburgh Steelers",,
"259e289f-e186-4fca-897f-5bf1bb4fe149","Breshad","Perriman","-","0.0","1",,"WR",,,
"25abd9bb-6bdb-4276-a514-926de307ce2a","Greg","Bell","-","0.0","1",,"RB",,,
"26066ce6-9f21-41e7-a687-146e001f9742","Kevin","White","-","0.0","1",,"WR",,,
"2609a1e5-bf2c-4894-bae0-9b8193d324f3","Landon","Parker","-","0.0","1",,"WR",,,
"26b1605d-9250-4d49-9858-e527fc2e91fc","Corey","Davis","-","0.0","1",,"WR",,,
"26bd73c2-86b7-4e18-815f-39e98fc633fa","Noah","Whittington","-","0.0","1",,"RB","Houston Texans",,
"2742ee19-1c84-4bab-b46f-ec5f2d76e382","Samori","Toure","-","0.0","1",,"WR",,,
"27514c8c-4b77-472d-a8d1-86e7f3616d26","Keleki","Latu","-","0.0","1",,"TE","Buffalo Bills",,
"2844f3eb-3b69-42c7-ad65-f1f4a68b0929","Elijah","Moore","-","0.0","1",,"WR","Philadelphia Eagles",,
"2864b917-caf4-46e6-93d3-652183253337","Nathan","Rourke","-","0.0","1",,"QB",,,
"28694942-8a58-4d3a-8415-2d94197136d4","Jaden","Shirden","-","0.0","1",,"RB",,,
"289a228f-8ade-41a8-a2ec-2d761c71bba7","Trevor","Siemian","-","0.0","1",,"QB","Atlanta Falcons",,
"28b926ec-2d47-4f17-bee3-1a7dcbac49d8","Salvon","Ahmed","-","0.0","1",,"RB","Chicago Bears",,
"28d961d1-25be-44ec-ac8e-e16c32aba6c4","Anthony","Smith","-","0.0","1",,"WR","Dallas Cowboys",,
"28dfa810-dc00-4cf5-af60-4290a70c68de","CJ","Donaldson","-","0.0","1",,"RB","New Orleans Saints",,
"291ca865-7245-47a9-848d-d5ccd3ad63bd","Brady","Russell","-","0.0","1",,"RB","Seattle Seahawks",,
"2923c628-1918-4437-bcfa-c1019389d853","Tarik","Black","-","0.0","1",,"WR",,,
"292bf380-ebf6-47b0-b5e7-aa3947e82083","Cole","Turner","-","0.0","1",,"TE","Miami Dolphins",,
"294d89ad-6c79-415c-84da-d33de26460db","Jason","Brownlee","-","0.0","1",,"WR","Kansas City Chiefs",,
"2991115e-12b6-4c6d-be1e-d8431c466998","Leonard","Taylor","-","0.0","1",,"TE",,,
"29fdc6f0-8863-44e4-bd21-54d038ff8e40","Irv","Smith Jr.","-","0.0","1",,"TE",,,
"2a9b629d-f97e-4939-9f74-06ef5d6d892c","Scotty","Washington","-","0.0","1",,"TE",,,
"2b03f04a-2fcd-465f-a863-53843228d5e4","Demetric","Felton","-","0.0","1",,"RB",,,
"2b41c20f-5364-4823-b7ce-78d337648700","Brittain","Brown","-","0.0","1",,"RB","Chicago Bears",,
"2b628887-072e-4c65-97c1-e77cc50b2382","Khalan","Laborn","-","0.0","1",,"RB",,,
"2c7b7c8a-ce46-42f7-99c2-8fcc6abbfe18","Jaheim","Bell","-","0.0","1",,"TE","Pittsburgh Steelers",,
"2d507e50-f8a9-4e4f-a329-e49e68e0674f","Cooper","Rush","-","0.0","1",,"QB",,,
"2d8be50f-0795-4315-a1b9-5358baf8f7eb","Blake","Jarwin","-","0.0","1",,"TE",,,
"2de4efc6-0cd9-4822-8fc7-45b45d324dc3","Xavier","Gipson","-","0.0","1",,"WR","New York Giants",,
"2e5514cf-9c40-4990-a10d-b4e14e78c9a9","Izaiah","Gathings","-","0.0","1",,"WR",,,
"2e62765b-39ca-42ca-bdff-013fb941aeef","Matthew","Caldwell","-","0.0","1",,"QB","Los Angeles Rams",,
"2e86abe8-95e1-436e-be78-302faa6bbe5f","Tim","Boyle","-","0.0","1",,"QB",,,
"2e8b2e25-47c1-471c-96ef-8a007c48ec39","Irvin","Charles","-","0.0","1",,"WR","New York Jets",,
"2eb23c78-01cf-4fbf-ada3-e6a7f4474f83","Leroy","Watson","-","0.0","1",,"TE",,,
"2f3e6af7-3ef7-4384-b40f-fb3bef2cf98e","Josh","Williams","-","0.0","1",,"RB","Tampa Bay Buccaneers",,
"2f506e56-6cac-481e-ab88-89f756a4aac4","KhaDarel","Hodge","-","0.0","1",,"WR",,,
"2fc86f49-5236-4cc5-b7ed-48df9da1307a","Trey","Knox","-","0.0","1",,"TE",,,
"2ffdad02-2cf4-4239-ac7a-03f45e472ec8","Dan","Villari","-","0.0","1",,"TE","Los Angeles Rams",,
"30412466-8210-4783-9b67-917fb2631e6f","Kejon","Owens","-","0.0","1",,"RB","Minnesota Vikings",,
"30420d8f-6a83-4a1a-9cfe-53022735f111","Pharaoh","Brown","-","0.0","1",,"TE",,,
"30aea694-9eaa-43c6-a53d-f6aa091239d7","Cade","Johnson","-","0.0","1",,"WR",,,
"30e1df6a-9af7-4a67-9d70-0f133f88ec87","Damiere","Byrd","-","0.0","1",,"WR",,,
"31080029-5934-4887-96a7-d49f96b3be48","Myles","Gaskin","-","0.0","1",,"RB",,,
"311ff1b0-22b8-4adc-8b9d-fbf0a4aafcbd","Jaren","Hall","-","0.0","1",,"QB",,,
"3144ccd9-13ed-4f62-8522-26365d9401b5","Dezmon","Patmon","-","0.0","1",,"WR",,,
"317c1c64-765b-4df9-8b90-00a52a270f85","Allen","Lazard","-","0.0","1",,"WR",,,
"31cfbd54-69eb-47a3-adc9-126140cde234","Raleigh","Webb","-","0.0","1",,"WR",,,
"32633c41-e972-45c1-82c0-081215b9fac3","Jadon","Janke","-","0.0","1",,"WR",,,
"329b47c2-ff87-4cee-abb2-8c319eda42ce","Ricky","Person","-","0.0","1",,"RB",,,
"32fcc4eb-57c1-4e2e-9b9f-3d308373571f","N'Keal","Harry","-","0.0","1",,"TE",,,
"331735db-5343-4c46-9aa9-ff9f6185c273","Kaden","Smith","-","0.0","1",,"TE",,,
"33218f32-3b24-49af-84c3-f47bb1b5e6e2","DeMeer","Blankumsee","-","0.0","1",,"WR",,,
"3340f7ef-feaa-47e8-af5c-e045729aabcb","Jake","Briningstool","-","0.0","1",,"TE","Kansas City Chiefs",,
"334d564f-18ba-47f9-9d35-71ffeb07f82f","Andrew","Armstrong","-","0.0","1",,"WR","Kansas City Chiefs",,
"33a9c803-063e-4be1-8bb3-ea40cbdd0d0f","Malcolm","Brown","-","0.0","1",,"RB",,,
"33c735ee-5f2b-4d8d-8ec5-05f01bb30760","Zakhari","Franklin","-","0.0","1",,"WR",,,
"33c95459-acea-4b0b-bf04-b471e632b949","Jacques","Patrick","-","0.0","1",,"RB",,,
"3467ad48-71b6-4b97-9343-62e9ebd58a27","Ryan","Tannehill","-","0.0","1",,"QB",,,
"348e1204-5f8f-4b7e-85dc-1198e12baab6","Ross","Dwelley","-","0.0","1",,"TE",,,
"352f089d-56e9-4447-ba85-7293f7bdaacf","Terion","Stewart","-","0.0","1",,"RB","Kansas City Chiefs",,
"35943e50-5f6d-46f2-8f66-580c8c59aec5","Racey","McMath","-","0.0","1",,"WR",,,
"36132ab8-7025-47e8-8a9b-cb35a7e1175a","David","Wells","-","0.0","1",,"TE",,,
"367582e2-b62b-47ef-af5f-0a17e879135b","Tre","Stewart","-","0.0","1",,"RB",,,
"36772a09-6bce-42a6-ac16-bab845228986","Keelan","Doss","-","0.0","1",,"WR",,,
"368db4bc-32ed-4b7e-bb47-0df64475e623","Dwayne","Washington","-","0.0","1",,"RB",,,
"36a26915-7994-4d60-ba23-80f7f09e1bbe","Jacob","Copeland","-","0.0","1",,"WR",,,
"36e3a1ff-051b-4a71-9112-ac024b802c90","Jared","Wiley","-","0.0","1",,"TE","Kansas City Chiefs",,
"37b442df-c102-4d62-812d-5752717fdeaa","Jelani","Woods","-","0.0","1",,"TE","New York Jets",,
"380fabf3-6dda-4a98-acd7-a63825a96f0c","Desmond","Ridder","-","0.0","1",,"QB",,,
"389c929e-9a03-4223-bd2f-cd60178f21e1","Luke","Altmyer","-","0.0","1",,"QB","Detroit Lions",,
"393061d1-fdfc-49a9-8158-fac70a0697e8","Anthony","Hankerson","-","0.0","1",,"RB","Miami Dolphins",,
"39657d18-e0ff-4b29-9074-581a55426ff6","Nick","Bowers","-","0.0","1",,"TE",,,
"3a589e01-ffa1-43f2-b8ec-7ca53df4b5f0","Jake","Fromm","-","0.0","1",,"QB",,,
"3a5ee61c-c121-47f3-8408-24ba8597da1c","Matt","Sokol","-","0.0","1",,"TE",,,
"3a819c0d-3c83-48e7-9ce1-7182d366f5d9","Leonard","Fournette","-","0.0","1",,"RB",,,
"3b4d5f8d-9ecc-4309-ab12-0e50c80b58e5","Jason","Cabinda","-","0.0","1",,"RB",,,
"3b9c0cbd-1f37-47b0-be77-99e1461e1940","Kendric","Pryor","-","0.0","1",,"WR","Cincinnati Bengals",,
"3bd0bc34-4e07-4754-a06d-920da1b8aa43","Daurice","Fountain","-","0.0","1",,"WR",,,
"3bdb657c-f30c-435f-bc00-f99efa9d31b4","Michael","Strachan","-","0.0","1",,"WR",,,
"3bf7542c-9723-4a19-ac5b-a8411e6a7bc6","CJ","Dippre","-","0.0","1",,"TE","New England Patriots",,
"3c1bbc68-1b51-42e3-8941-1f5ace348848","Gerald","Everett","-","0.0","1",,"TE",,,
"3c2e8167-6d96-4ed4-a1f8-de3a32541b4e","Sawyer","Robertson","-","0.0","1",,"QB",,,
"3cf81b82-cf9a-4981-b96d-8f30dbc66bfa","Keaontay","Ingram","-","0.0","1",,"RB",,,
"3d006a9a-4beb-4c7b-8015-625e6adf2ee9","Emani","Bailey","-","0.0","1",,"RB",,,
"3d012103-0d8a-4531-95bf-ab5413105724","Laviska","Shenault Jr.","-","0.0","1",,"WR",,,
"3d55f111-b700-46e5-a406-fc3ff7e7466b","John","Ross","-","0.0","1",,"WR",,,
"3d985cee-6551-4a77-a25c-884f25da2ae0","Nick","Nash","-","0.0","1",,"WR","Washington Commanders",,
"3e035fae-9f4c-4fe9-8cbf-7f8f5ba4bb37","Cortez","Braham","-","0.0","1",,"WR","Baltimore Ravens",,
"3e25df39-d1a3-4aa5-b5fd-e4e5f0af53f8","Nate","Sudfeld","-","0.0","1",,"QB",,,
"3e8bba2e-b10f-4e4b-bf27-668dfbec7563","Isaiah","Winstead","-","0.0","1",,"WR",,,
"3ebbf93c-0eca-47f6-810c-318906465265","Elijah","Collins","-","0.0","1",,"RB",,,
"3f4a7e0a-c892-40d8-94ce-8da3d77f9e94","Squirrel","White","-","0.0","1",,"WR",,,
"3fd0b68e-4144-404b-8616-acdf4570b742","Patrick","Laird","-","0.0","1",,"RB",,,
"40471c4b-3ef2-4311-9842-39425971cff9","Jared","Wayne","-","0.0","1",,"WR","Houston Texans",,
"40a5f922-c56d-4241-9227-56f084c3847b","Willie","Snead","-","0.0","1",,"WR",,,
"40b0779f-d49f-443b-8bb4-e2a16458b684","DeeJay","Dallas","-","0.0","1",,"RB","Jacksonville Jaguars",,
"41039f0f-a30a-41db-88cf-8a20bb2097e9","Damien","Harris","-","0.0","1",,"RB",,,
"4127ad93-7e7d-49c8-a894-9cd92eb9b8d8","Wesley","Grimes","-","0.0","1",,"WR","San Francisco 49ers",,
"415c9fc1-bd79-441b-a573-58dd59f4ece9","Britain","Covey","-","0.0","1",,"WR","Philadelphia Eagles",,
"41d7eaeb-fac0-4d1c-8e83-3fe481844c06","Mason","Pline","-","0.0","1",,"TE",,,
"4224b69b-48f6-4f85-a895-dd07e2b04595","Sam","Howell","-","0.0","1",,"QB","Dallas Cowboys",,
"4266f86a-f4d0-4cb2-becf-8392cf224279","Nick","Muse","-","0.0","1",,"TE",,,
"426f1391-dddd-4fa6-8864-fa601796de64","Cedrick","Wilson","-","0.0","1",,"WR","Detroit Lions",,
"42e0af57-1251-48fb-bfae-7d376b768de8","Kwamie","Lassiter","-","0.0","1",,"WR",,,
"42fa5473-aa12-458b-9a79-fd25f527a540","Zach","Ertz","-","0.0","1",,"TE",,,
"4313f590-5ddc-48c0-a6f5-5943785e6279","Jakeem","Grant","-","0.0","1",,"WR",,,
"439a4cbe-aa1f-429d-85f2-74b6b02f165f","Isaiah","Washington","-","0.0","1",,"WR",,,
"442e2acf-53a5-4d15-bc5d-d4d892bd548a","Terique","Owens","-","0.0","1",,"WR",,,
"4430e124-30a5-485d-8d89-a256e0b54a54","Curtis","Samuel","-","0.0","1",,"WR",,,
"445557e5-14cb-4304-89fe-2f0ab644b0c2","Garrett","Nussmeier","-","0.0","1",,"QB","Kansas City Chiefs",,
"44dd8e36-0814-4350-8892-bd92d6bc44b8","Blaine","Gabbert","-","0.0","1",,"QB",,,
"45134d4a-a020-4669-bf63-6f9de0294288","Mike","Harley","-","0.0","1",,"WR",,,
"454cc23c-1219-4f3a-bec3-feacd864c8a8","Trinity","Benson","-","0.0","1",,"WR",,,
"45842542-db51-4e1d-b35d-bb2fd9d4af76","Dominic","Lovett","-","0.0","1",,"WR","Detroit Lions",,
"45d723cf-8530-4ba4-bb8b-aee7136bba2f","Ahmani","Marshall","-","0.0","1",,"RB","Cleveland Browns",,
"46d65120-c1fb-489a-8010-36ddda114160","Chase","Curtis","-","0.0","1",,"TE","New York Jets",,
"478dcca4-8745-46a6-9795-7affd0266dfe","Giles","Jackson","-","0.0","1",,"WR",,,
"47977ef5-ff67-4cd4-8709-0d6eafebf93b","CJ","Williams","-","0.0","1",,"WR","Jacksonville Jaguars",,
"47b0aeac-4070-4bdf-923e-ff1ffd7aaa9e","Nathan","Peterman","-","0.0","1",,"QB",,,
"47b90bb0-3f80-4ec2-a2a1-9e49d93ece02","Marvin","Jones Jr.","-","0.0","1",,"WR",,,
"47df3a9a-65dd-4c9c-a63e-bd405a7a8d4a","Trey","Sermon","-","0.0","1",,"RB",,,
"4865e695-f950-4aa5-8e91-08886cde4c0e","Miles","Boykin","-","0.0","1",,"WR",,,
"48bcc93b-3f04-49ab-a246-d6d8f6360e0c","Jordan","Wilkins","-","0.0","1",,"RB",,,
"48f17621-e1bc-4da7-b288-d70c5606570f","Mason","Tipton","-","0.0","1",,"WR","New Orleans Saints",,
"49187d44-9604-4b1f-9a56-aaf71a273712","Ben","Patterson","-","0.0","1",,"WR","Jacksonville Jaguars",,
"492fda94-6e1f-454c-9418-b7d98f8f6607","Logan","Woodside","-","0.0","1",,"QB",,,
"4963fce5-7b60-41eb-b85d-3d4e05436ce6","Tyler","Scott","-","0.0","1",,"WR","Los Angeles Rams",,
"49674a20-eccd-482c-ad11-e3cef27658fa","Shi","Smith","-","0.0","1",,"WR",,,
"49743f78-2291-473f-a53c-405a519e2bc0","Gregory","Desrosiers","-","0.0","1",,"RB","Los Angeles Chargers",,
"49a1971c-d8c6-4573-ad92-29ca2cd0e781","Gee","Scott","-","0.0","1",,"TE",,,
"49cc3256-ac36-41bf-8e44-8ad3476542b7","Ty","Montgomery","-","0.0","1",,"WR",,,
"49f211ba-038b-44a8-b64e-63f29ad943cc","Cody","Hardy","-","0.0","1",,"TE","New Orleans Saints",,
"4a098a65-9ba4-4215-aa91-84aefe6d2c03","Deon","Cain","-","0.0","1",,"WR",,,
"4a1df685-d2c7-4753-b1b8-89792b5861f8","Evan","Hull","-","0.0","1",,"RB","Houston Texans",,
"4a9e40f6-511a-4db3-b40a-aaf234a6dd97","Israel","Abanikanda","-","0.0","1",,"RB","Dallas Cowboys",,
"4aa9026c-f4fc-4d53-b934-220ad1ef59d3","Justin","Watson","-","0.0","1",,"WR","Houston Texans",,
"4abf44c8-316f-4b33-ae30-f617377b17cb","Tommy","Hudson","-","0.0","1",,"TE",,,
"4adfcf13-a621-41bd-89c4-9d14dfcfc6ff","Spencer","Brown","-","0.0","1",,"RB",,,
"4b41f2ab-148e-488f-a843-0bde7eca7ac2","David","Bell","-","0.0","1",,"WR",,,
"4b754af6-6a29-4ac5-a47a-fafc685aa7c9","Jalen","White","-","0.0","1",,"RB",,,
"4bbd0266-5c97-48c3-8907-8e2a2056f546","Raheem","Blackshear","-","0.0","1",,"RB",,,
"4c021fe8-2107-442a-ae3a-28b492039071","Jesse","Matthews","-","0.0","1",,"WR",,,
"4c0e111e-e07a-467a-9a94-023a45189c02","Brian","Hoyer","-","0.0","1",,"QB",,,
"4c87ab15-ae55-4aa1-b481-f26c02f0d060","Corey","Clement","-","0.0","1",,"RB",,,
"4c8efc90-5cc4-4376-8dac-6688a8182054","Monaray","Baldwin","-","0.0","1",,"WR",,,
"4c949a49-4061-4190-954c-17baefe6f2cd","JuJu","Smith-Schuster","-","0.0","1",,"WR",,,
"4d0ea6e9-21fc-4b6f-a5f8-8552719208a7","Darren","Waller","-","0.0","1",,"TE",,,
"4d2bcd85-5d75-438d-aac2-51f228bfbdaa","Stanley","Morgan","-","0.0","1",,"WR",,,
"4d2d084b-f372-4131-8855-6e8046321299","Jashaun","Corbin","-","0.0","1",,"RB",,,
"4d6cd900-0dce-4adf-bccc-b0ff7ebbb5f4","Coleman","Bennett","-","0.0","1",,"RB","Chicago Bears",,
"4e0b3920-ea8c-4fa6-8c4c-ff7fdb75580a","Deshaun","Fenwick","-","0.0","1",,"RB",,,
"4e17cee8-de66-42d0-911a-374c7e267b1e","Brian","Hill","-","0.0","1",,"RB",,,
"4ec3c78b-3b0a-41aa-9065-b1e809d5d3cc","Skylar","Thompson","-","0.0","1",,"QB","Baltimore Ravens",,
"4f172034-d103-4858-bbcc-7d4987e1b514","Kaden","Prather","-","0.0","1",,"WR",,,
"4f66af12-121b-4387-bed3-16cabc866008","Gus","Edwards","-","0.0","1",,"RB",,,
"4fe21765-1125-4f21-89df-8d6007271466","Darrel","Williams","-","0.0","1",,"RB",,,
"4ffe2136-ec3c-4394-bc0c-6dd04291d6b5","Danny","Gray","-","0.0","1",,"WR","Philadelphia Eagles",,
"50936e1f-7648-407d-8f73-e278f8685cce","Harrison","Wallace","-","0.0","1",,"WR","Arizona Cardinals",,
"50f8b675-5817-4baa-b843-97af520ad6c5","Zack","Kuntz","-","0.0","1",,"TE",,,
"510ffe64-c5fd-4794-8158-e243f2443dec","C.J.","Uzomah","-","0.0","1",,"TE",,,
"512a3b16-61b6-42cd-81ba-435019d40ea4","Eric","Tomlinson","-","0.0","1",,"TE",,,
"5184fcd2-ed55-40bf-b67f-3577c6907341","Sam","Ehlinger","-","0.0","1",,"QB","Denver Broncos",,
"51cff755-fbee-4930-bb78-e3ad46bcac32","Tyren","Montgomery","-","0.0","1",,"WR","Tennessee Titans",,
"524215c7-8508-4dd7-94e1-732c4a8ff876","Khalil","Dinkins","-","0.0","1",,"TE","San Francisco 49ers",,
"5295c617-c6e4-45cb-8f5c-3934d54a57fa","P.J.","Walker","-","0.0","1",,"QB",,,
"52af9e3d-5794-4a4b-9505-67c991a27a13","Dalvin","Cook","-","0.0","1",,"RB",,,
"535717bd-d53c-48f2-bc9b-dccbfa73b50e","Lawrence","Cager","-","0.0","1",,"TE","Washington Commanders",,
"53680e43-66e9-4d0d-8955-d03ae33baeb2","Ty","Scott","-","0.0","1",,"WR",,,
"53cecbe0-3261-44e7-8130-e49ccf61603e","Stephen","Carlson","-","0.0","1",,"TE","Chicago Bears",,
"53f25138-4ea8-45e8-a69c-56ab85c9b4b8","Makai","Polk","-","0.0","1",,"WR",,,
"5411bb4b-df9f-4e6b-86fb-405bae4edcb4","Cody","Thompson","-","0.0","1",,"WR",,,
"5454baae-ce94-49c2-8ada-f6c49722006f","Thomas","Yassmin","-","0.0","1",,"TE",,,
"5486075f-1ae8-451a-8fdf-eff2f64a6674","Hayden","Hatten","-","0.0","1",,"WR",,,
"556c2649-9378-40a7-b41c-cb9d4b3990f1","Dontrell","Hilliard","-","0.0","1",,"RB",,,
"56307599-4149-4705-8651-9c24df57b85e","Hayden","Hurst","-","0.0","1",,"TE",,,
"564f8a1f-cec0-4538-bac9-f8738228e6ec","Matt","Corral","-","0.0","1",,"QB",,,
"56636a3a-cdb3-4c76-a93f-92d9a40bba68","Chris","Pierce","-","0.0","1",,"TE",,,
"567a3473-6893-4ea6-b28a-53e82473f209","Mecole","Hardman Jr.","-","0.0","1",,"WR","Buffalo Bills",,
"56edd6de-89c1-47ee-bbd3-6e8cd579ba0e","Devine","Ozigbo","-","0.0","1",,"RB",,,
"56f0d72d-b446-4a07-92ef-ac0012da6278","Cephus","Johnson","-","0.0","1",,"WR",,,
"56f92aac-f499-453b-972c-6f8f8cf3ef57","Logan","Thomas","-","0.0","1",,"TE",,,
"57191e50-0143-4205-8a57-769475963bb3","DeVante","Parker","-","0.0","1",,"WR",,,
"57ab3903-28ac-42af-b569-540fb933f2eb","Deven","Thompkins","-","0.0","1",,"WR",,,
"58e36371-1a42-4143-a66a-763060f472b2","D.J.","Williams","-","0.0","1",,"RB",,,
"5903b213-7a43-4eb6-bd1d-171226daa83e","JP","Richardson","-","0.0","1",,"WR","Chicago Bears",,
"59496dad-6948-4b59-93dc-b29d299d9a74","Michael","Thomas","-","0.0","1",,"WR",,,
"596ec7be-c12c-47da-ab7d-67d36023dd47","Caleb","Lohner","-","0.0","1",,"TE","Denver Broncos",,
"597a03c8-0230-4252-8a99-dc0be6da8673","Robert","Tonyan","-","0.0","1",,"TE",,,
"59858b9a-511a-4e8d-8286-dcb47d33001c","Tom","Kennedy","-","0.0","1",,"WR","Detroit Lions",,
"59eafe21-d550-4dde-b04a-7cadbac73263","Anthony","Schwartz","-","0.0","1",,"WR",,,
"5a87c545-0225-4ae0-8751-344bbe59cb16","Mark","Redman","-","0.0","1",,"TE","Los Angeles Rams",,
"5a8b94b9-9568-4aca-9758-b47114d8d28c","Cam","Akers","-","0.0","1",,"RB",,,
"5b5b598d-e8e1-4c94-a13b-d6e629eeba9f","Kevin","Harris","-","0.0","1",,"RB",,,
"5bba69c2-e7e0-4f83-898e-d6da5ed6179b","Michael","Pratt","-","0.0","1",,"QB",,,
"5bd19a7a-83e9-4df9-9374-f58a2d317a88","Phillip","Dorsett","-","0.0","1",,"WR","Las Vegas Raiders",,
"5c330ee1-554e-425a-847b-af68053494b2","Tanner","Mordecai","-","0.0","1",,"QB",,,
"5dd74961-279e-499d-a013-834e35f5440a","Clyde","Edwards-Helaire","-","0.0","1",,"RB",,,
"5e0efda2-e52a-4fca-9fa4-41bb1f3b5d0b","Trishton","Jackson","-","0.0","1",,"WR",,,
"5e1cf755-95fa-436a-8ba4-ce289e4e1f48","Cam","Miller","-","0.0","1",,"QB","Miami Dolphins",,
"5e5d0c4d-6e31-4a16-b1c0-d7330ae6fdcf","Noah","Cain","-","0.0","1",,"RB",,,
"5e90a079-9e95-4c19-976f-6f77f45d2338","Zack","Moss","-","0.0","1",,"RB",,,
"5f377c0d-e61f-45eb-b694-04e9c1f18f5b","Eric","Gray","-","0.0","1",,"RB","New York Giants",,
"5f37fbb9-c226-4e9e-b1a9-44388f2bbefc","Tanner","Taula","-","0.0","1",,"TE",,,
"5f6f2753-600c-48c0-8d51-5e9f576d4aa2","Aidan","O'Connell","-","0.0","1",,"QB","Las Vegas Raiders",,
"5fb40283-9e34-47c9-9e6b-09e8e2e5420d","Marcus","Rosemy-Jacksaint","-","0.0","1",,"WR",,,
"5fd3288a-2c0f-4509-ac29-059f43bbea1b","Shaquan","Davis","-","0.0","1",,"WR",,,
"60384f90-e3e5-4a8d-b518-95be30a4e431","Eric","McAlister","-","0.0","1",,"WR",,,
"603f8a77-d25a-4223-81f5-b7ee4697f9ce","Slade","Bolden","-","0.0","1",,"WR",,,
"6113c94d-c59c-4925-b328-fbc4d6b99fcb","Nick","Vannett","-","0.0","1",,"TE",,,
"61331cda-fc9e-4779-b43c-e9089e5f9ad0","Stephen","Sullivan","-","0.0","1",,"TE",,,
"61fd1da9-4bde-4124-990f-86ff6e78fc79","KJ","Hamler","-","0.0","1",,"WR",,,
"6248a213-86dc-4477-9338-13035d555de7","Tay","Martin","-","0.0","1",,"WR",,,
"62cae584-555b-4b62-9e33-8b44ccf620b7","Kearis","Jackson","-","0.0","1",,"WR",,,
"62e94709-62d1-4aaf-8ad6-4bc458c18ee8","Griffin","Hebert","-","0.0","1",,"WR",,,
"62ed7089-6365-4950-ad38-ac9a265f8049","David","Durden","-","0.0","1",,"WR",,,
"636b8805-878f-48a7-8167-ae73bee586ce","Kayron","Lynch-Adams","-","0.0","1",,"RB",,,
"637958d0-afa2-48f2-9120-4fb54ce425d1","Carlos","Washington","-","0.0","1",,"RB","Miami Dolphins",,
"638bb580-c828-4e91-9353-edd2a1dbac5a","Trey","Quinn","-","0.0","1",,"WR",,,
"63921efa-2af5-4b52-8379-1edfaf327822","Jakobie","Keeney-James","-","0.0","1",,"WR","Green Bay Packers",,
"6494b53b-2f72-42ea-bf94-33ef76e47fa5","Bernhard","Seikovits","-","0.0","1",,"TE",,,
"64a5c3e5-9492-4499-8547-317a45d33404","Zamir","White","-","0.0","1",,"RB",,,
"64a9d6b2-19a1-4db8-822e-88a958cea14f","Chester","Rogers","-","0.0","1",,"WR",,,
"6501a83e-4907-464d-bd0b-6ed4236f05c1","Scotty","Miller","-","0.0","1",,"WR","Chicago Bears",,
"65367605-a9f0-47a6-b22e-85c21f63aa8b","Chip","Trayanum","-","0.0","1",,"RB","New York Jets",,
"654c5c97-50d1-411d-ae5c-852b4ce779f8","Miller","Forristall","-","0.0","1",,"TE",,,
"6560945b-a6aa-4648-a840-194b9f92bd76","Keith","Smith","-","0.0","1",,"RB",,,
"65834c6d-7ba2-4c89-bc25-8892050dab23","McCallan","Castles","-","0.0","1",,"TE",,,
"65a61adb-ee23-42aa-b25f-46ee8892c1c2","Gabe","Davis","-","0.0","1",,"WR",,,
"65e408ba-338e-469c-89a2-45b5961e197b","Tre'Quan","Smith","-","0.0","1",,"WR",,,
"663073c2-7c85-4dd8-b2a8-d5d1879bf9c9","Luke","Grimm","-","0.0","1",,"WR","Los Angeles Chargers",,
"66e3b16c-478e-46f2-9ba0-908f55456fb1","Jamaal","Pritchett","-","0.0","1",,"WR","New York Jets",,
"6711f213-7c56-44cc-aa83-db178b71dae2","Mason","Kinsey","-","0.0","1",,"WR","Tennessee Titans",,
"67afa291-6ad8-412a-8f62-0a6be8253617","Tanner","McLachlan","-","0.0","1",,"TE",,,
"67bcbd73-c754-46a8-94c0-a47e989c22bf","Ulysses","Bentley","-","0.0","1",,"RB","Indianapolis Colts",,
"681fab12-c44e-41a9-936b-448646f67685","Andrew","Beck","-","0.0","1",,"RB","New York Jets",,
"685e9165-2956-434c-a111-c39c832f0c6c","Parris","Campbell","-","0.0","1",,"WR","Dallas Cowboys",,
"6864c76c-b3d3-48db-abde-23421596f4a3","Andre","Baccellia","-","0.0","1",,"WR",,,
"68ae3739-f12a-4300-868a-c6fefba888f5","AJ","McCarron","-","0.0","1",,"QB",,,
"695f16ea-53a4-4c3d-ab8c-8ed7840c6d76","Trenton","Irwin","-","0.0","1",,"WR",,,
"69880095-de10-4519-9013-6e61d7a265e8","Dede","Westbrook","-","0.0","1",,"WR",,,
"699cda6c-e740-4189-b9bf-7282bc39789a","O.J.","Howard","-","0.0","1",,"TE",,,
"6a06f415-886e-4c04-9704-b9899d91409f","Theo","Riddick","-","0.0","1",,"RB",,,
"6a8b24a5-b21a-4e0f-bcaf-9adc3177dca8","Chase","Edmonds","-","0.0","1",,"RB",,,
"6b04067a-2096-43ea-8578-83f9044ad8f4","Anthony","Tyus","-","0.0","1",,"RB","Carolina Panthers",,
"6b04e732-2f65-449e-816d-11cc5ff2b2bd","Kendall","Blanton","-","0.0","1",,"TE",,,
"6b0fae03-bfd5-4eaa-94b7-aa668f461750","Elijah","Mitchell","-","0.0","1",,"RB",,,
"6b869ec1-7454-4d10-9f05-1a8c8d0f6289","Tejhaun","Palmer","-","0.0","1",,"WR","Arizona Cardinals",,
"6b8ff4ce-e387-435e-9718-4a8cb5d21407","Taylor","Heinicke","-","0.0","1",,"QB",,,
"6bdfbde5-bd6e-4e9e-b32d-7e7cf0dd2900","Daniel","Sobkowicz","-","0.0","1",,"WR","Houston Texans",,
"6c4a4b52-9c78-434b-94f0-0d881b86e070","Zach","Wilson","-","0.0","1",,"QB","New Orleans Saints",,
"6c68cdcb-d67e-4b88-8590-d061ce27d738","Alfonzo","Graham","-","0.0","1",,"RB",,,
"6d180aa0-cbe1-4e45-bde7-c19ddf368595","DeAndre","Carter","-","0.0","1",,"WR",,,
"6d70e31e-a20e-4ac1-846a-5d924a7f5acd","Gavin","Hardison","-","0.0","1",,"QB",,,
"6db16622-7e34-4ae5-a5a9-6ed89dc1e300","Cole","Fotheringham","-","0.0","1",,"TE",,,
"6dd6a23f-96d8-4d52-9926-71d4b6a71d76","Ramel","Keyton","-","0.0","1",,"WR",,,
"6e1401f7-336c-4dd1-ab00-0dbe3adec689","Ricky","Seals-Jones","-","0.0","1",,"TE",,,
"6e674389-9b22-40a2-9885-faa8460879c8","Dalton","Keene","-","0.0","1",,"TE",,,
"6eb58084-3d54-4bd9-b19c-0c8ceb112620","Joshua","Simon","-","0.0","1",,"TE","Atlanta Falcons",,
"6ec758b8-e5d5-4e0e-a2ea-34ea00cc5d7e","John","Stephens","-","0.0","1",,"TE",,,
"6f44c82b-8040-4c59-959b-9e44c813c935","Sam","Brown","-","0.0","1",,"WR",,,
"6f676c9e-c6df-49c4-9cb3-0ebb67f64556","Stevo","Klotz","-","0.0","1",,"TE",,,
"6f690bd0-f53c-436d-a39a-d9ab74b93d66","Do not ","draft","-","0.0","1",,"RB",,,
"6fd151d4-fa45-4f37-b217-e7dd8ff5ebe9","Thyrick","Pitts","-","0.0","1",,"WR",,,
"70502d67-346e-43f9-8be5-962b94a95b36","Dennis","Houston","-","0.0","1",,"WR","Tampa Bay Buccaneers",,
"7111d93b-f205-455b-ac8c-fcb3f2327cb9","Christian","Wade","-","0.0","1",,"RB",,,
"7179261d-fc08-43a8-894b-b0619cd021c1","Caullin","Lacy","-","0.0","1",,"WR","New York Jets",,
"71a52759-db2a-48e6-b540-a7a173d13797","Drake","Stoops","-","0.0","1",,"WR",,,
"71d757ea-5e46-4959-85ee-19c61f3d2b8d","Trent","Pennix","-","0.0","1",,"RB",,,
"71ef85b0-c09d-4cf4-bd60-50a36c6967d5","John","Copenhaver","-","0.0","1",,"TE",,,
"7235a5fa-c526-4c05-93dc-734b1bf074f1","Russell","Wilson","-","0.0","1",,"QB",,,
"72dad384-d36b-45f3-968c-2c4311f902e1","Quentin","Skinner","-","0.0","1",,"WR","New York Jets",,
"731ca151-6589-4746-9370-4e2df9ac6756","Terrace","Marshall Jr.","-","0.0","1",,"WR","Miami Dolphins",,
"7348ba30-eb32-44cd-bfc4-db38ce094d2d","Trey","Palmer","-","0.0","1",,"WR","New Orleans Saints",,
"737a633b-9620-4e92-8be7-415e89426295","Sean","McKeon","-","0.0","1",,"TE","Indianapolis Colts",,
"7380f2d2-b23a-4718-8e49-56fc297a6034","Ayir","Asante","-","0.0","1",,"WR",,,
"73d4c455-b5e0-4844-ad4b-badf9371960d","James","O'Shaughnessy","-","0.0","1",,"TE",,,
"745253cd-bddd-486e-90db-36339c13b405","Austin","Ekeler","-","0.0","1",,"RB",,,
"74664e3e-55ee-4773-9246-7a35ccb05eff","Justin","Shorter","-","0.0","1",,"WR","Las Vegas Raiders",,
"746f5847-10a8-4bb4-a363-b8807f2f7936","Tahj","Washington","-","0.0","1",,"WR","Miami Dolphins",,
"7489c9fc-93bf-4d7e-8450-f9cb2fa5287e","Hank","Beatty","-","0.0","1",,"WR","Tennessee Titans",,
"74b91f0c-d0d0-4539-803d-2cf34ffcb689","Elijah","Cooks","-","0.0","1",,"WR",,,
"74f9e2c0-4136-4895-8138-51f5c9da7a1b","Adam","Shaheen","-","0.0","1",,"TE",,,
"74ff3bbf-b0b3-41b0-b673-a523f1a27fac","Travis","Vokolek","-","0.0","1",,"TE",,,
"7616a36e-2c0a-4bcc-9e6c-9660b2eec378","Darrynton","Evans","-","0.0","1",,"RB",,,
"764c9b9f-2335-49eb-aa96-9be5293b72cb","Lee","Smith","-","0.0","1",,"TE",,,
"76a1d3b2-dd2f-4c54-858b-7566f0acdc43","Tru","Edwards","-","0.0","1",,"WR","Los Angeles Rams",,
"76de3556-6ee8-4cbf-b2b9-dbca57977329","Antonio","Gibson","-","0.0","1",,"RB",,,
"7753f00a-ccd4-4bec-b64d-1efd28dcef6e","Dayton","Wade","-","0.0","1",,"WR","Baltimore Ravens",,
"777f2e04-3e34-4f3f-87ce-0c6be45a3b92","Carsen","Ryan","-","0.0","1",,"TE","Cleveland Browns",,
"779908e3-178a-46b0-8c7a-eb2498f6837f","Jake","Funk","-","0.0","1",,"RB",,,
"77f864eb-e1a0-4217-a550-d4efc1080dbf","Josh","Kelly","-","0.0","1",,"WR","Houston Texans",,
"7801aa4c-e6e7-405e-9c8b-a0028aafd18f","Antoine","Green","-","0.0","1",,"WR",,,
"782e9dbe-a8aa-4068-a406-b582932ad160","Drew","Plitt","-","0.0","1",,"QB",,,
"78479316-68f5-4548-bfba-4a2cde7ba75d","Sage","Surratt","-","0.0","1",,"TE",,,
"7863a343-3fa8-498c-b13a-59d3e20f4c28","JaQuae","Jackson","-","0.0","1",,"WR","Los Angeles Chargers",,
"7878194a-e039-471b-90e7-e11b55128182","Robert","Woods","-","0.0","1",,"WR",,,
"78d22704-d88c-4c05-8bb7-5fca149afa6e","Maurice","Alexander","-","0.0","1",,"WR","Chicago Bears",,
"78ddeb13-f1a1-4856-8bc0-35bfb6bbd618","Adam","Thielen","-","0.0","1",,"WR",,,
"78e79cea-96f3-4e2f-ae90-212e01e2bd4f","Chris","Hilton","-","0.0","1",,"WR","Washington Commanders",,
"7902a3e0-0785-4662-94bc-8ea8653f9f77","Dresser","Winn","-","0.0","1",,"QB",,,
"79d7c190-0854-4ef0-ba8a-aaeb69d3f0f3","Jaylon","Moore","-","0.0","1",,"WR",,,
"7a4817c2-3fca-4952-9f74-03c3da7651b0","Will","Pauling","-","0.0","1",,"WR","San Francisco 49ers",,
"7a6309dd-4791-467d-967b-3d5a3d5b85c4","Isaiah","McKenzie","-","0.0","1",,"WR",,,
"7b7141c3-87a2-4924-8299-8467f89db26e","Cody","Latimer","-","0.0","1",,"WR",,,
"7b92cf75-96c1-4fcd-bc31-f8024ed78e56","Ian","Book","-","0.0","1",,"QB",,,
"7c209f3d-da74-43f7-9ab1-8bb189ff26a2","Sam","Wiglusz","-","0.0","1",,"WR",,,
"7c496ea3-34cc-4a3a-baf8-4d890737240e","Abram","Smith","-","0.0","1",,"RB",,,
"7c5adb80-3bdb-4efb-b7b8-314609610573","Matt","Landers","-","0.0","1",,"WR",,,
"7c617aa3-f184-43e3-b212-48605b656a5a","Kole","Taylor","-","0.0","1",,"TE",,,
"7cc7844b-4268-4805-a4d7-306c25e47349","Dorian","Thompson-Robinson","-","0.0","1",,"QB",,,
"7cc8f16d-f0e2-4ef2-9181-983ff645baf5","Dylan","Drummond","-","0.0","1",,"WR","Atlanta Falcons",,
"7cf4e54f-bbad-47b0-aba5-a0a4fd2d7d9b","Kalen","Ballage","-","0.0","1",,"RB",,,
"7cfccb65-bd32-4453-9e52-b746f1613c7f","Ra'Shaun","Henry","-","0.0","1",,"WR",,,
"7d248bdb-7425-4b66-ba39-84efa5c1e71f","Patrick","Herbert","-","0.0","1",,"TE","Jacksonville Jaguars",,
"7da0a507-0423-4f40-a818-64b35af332e3","J.P.","Holtz","-","0.0","1",,"TE",,,
"7dab238f-d3dd-4dc9-a5cb-34da9b3360b9","Taiwan","Jones","-","0.0","1",,"RB",,,
"7debb6ca-e495-4eb1-bdc1-c1ed9b75b28d","Mason","Fairchild","-","0.0","1",,"TE",,,
"7ee00798-5b5c-4ae8-885b-3647c4980dcb","Hakeem","Butler","-","0.0","1",,"WR",,,
"7f85c83f-a431-4eee-abe8-81996b1d564f","Benny","Snell","-","0.0","1",,"RB",,,
"7ff85386-494b-4ac5-b49c-625d0a85ddad","Jalen","Wydermyer","-","0.0","1",,"TE",,,
"800764c7-c98c-41e8-8f9e-4aabfe023957","Kyron","Drones","-","0.0","1",,"QB","Green Bay Packers",,
"80137db0-cfc7-4929-b01c-a81dda6793d4","Joey","Aguilar","-","0.0","1",,"QB","Jacksonville Jaguars",,
"804c5aab-ce0d-4ed1-8208-abbb6e52c5b8","Robert","Lewis","-","0.0","1",,"WR",,,
"8065e233-5f47-437e-892e-e905b403ab68","Caden","Prieskorn","-","0.0","1",,"TE",,,
"80b3fb1b-1fe8-44d3-9f71-72cc24cd1d46","Dylan","Parham","-","0.0","1",,"TE",,,
"80b6ac45-cc72-470a-8cbe-70b7250ef8dd","Tanner","Morgan","-","0.0","1",,"QB",,,
"81167ea5-c32f-4ee6-a297-3f59701e2833","Devin","Asiasi","-","0.0","1",,"TE",,,
"812804f2-ec53-48e4-a124-77fc29028f5b","Joseph","Manjack","-","0.0","1",,"WR","Denver Broncos",,
"8142414b-1b8c-4540-915f-16447cd35bcf","Roc","Taylor","-","0.0","1",,"WR",,,
"81547928-3eb7-43d8-bca1-dc7ade3ac70e","Grant","DuBose","-","0.0","1",,"WR",,,
"81bb3093-cfa6-406c-a98e-476772c35435","J. Michael","Sturdivant","-","0.0","1",,"WR","Green Bay Packers",,
"81d8fbf4-9ea1-403e-850b-2c1cade2fefe","Jack","Plummer","-","0.0","1",,"QB",,,
"81f20f58-b8cb-49ec-9bde-038d8b17fc01","Richard","Rodgers","-","0.0","1",,"TE",,,
"82df2a73-9c7f-46be-a434-eb3ba6e83f83","River","Cracraft","-","0.0","1",,"WR",,,
"830f3740-0d67-42ff-a050-ffd06060c7f7","Trestan","Ebner","-","0.0","1",,"RB",,,
"832c91bf-a1e2-459b-a0fc-2005c7d7a8be","AJ","Dillon","-","0.0","1",,"RB","Carolina Panthers",,
"8376949a-693f-4f21-a6f3-651387fab5d8","Tyrone","Broden","-","0.0","1",,"WR","Seattle Seahawks",,
"83b7b2f4-969e-4425-9bd7-cf7e99bca889","Quez","Watkins","-","0.0","1",,"WR","Philadelphia Eagles",,
"83d753ae-142d-486b-ad2c-15715f831dcf","Joshua","Cephus","-","0.0","1",,"WR",,,
"83ead72e-6d42-4ea1-8bf2-e523ef0722f9","Qadree","Ollison","-","0.0","1",,"RB",,,
"8418b9ed-2e61-4b21-9d2b-8106f11b87f5","Anthony","Firkser","-","0.0","1",,"TE",,,
"845ce72f-0d55-4c12-898d-af4a8d611f7e","Tre'Shaun","Harrison","-","0.0","1",,"WR",,,
"846d5f53-7f9f-49e9-88c4-fce80c3d7a1f","Dymere","Miller","-","0.0","1",,"WR",,,
"847d127e-d70b-412f-b74f-dab3b4ebe50f","Kyle","McCord","-","0.0","1",,"QB","Green Bay Packers",,
"84cc8086-a404-44ef-b7a0-9fbf9006e826","Elijah","Dotson","-","0.0","1",,"RB",,,
"84eea892-31fa-4753-854e-ec517d9aca53","Allen","Robinson II","-","0.0","1",,"WR",,,
"85324c0b-d359-4db7-a1d4-6889bbb8dfab","Chris","Evans","-","0.0","1",,"RB",,,
"8567a4b3-2b2e-43c7-8f3b-8310a5306fe5","Mohamed","Ibrahim","-","0.0","1",,"RB",,,
"85ad9c36-bb66-4bb6-9465-6eb5b7f34d40","Daniel","Arias","-","0.0","1",,"WR",,,
"862738f7-8da2-4e4d-9753-67679c291867","Jacob","Kibodi","-","0.0","1",,"RB",,,
"863cbc7b-c272-4855-be1f-56672ab84b04","Nelson","Agholor","-","0.0","1",,"WR",,,
"863e5c4a-b443-4586-bb6b-0f5452abb421","Easton","Stick","-","0.0","1",,"QB",,,
"8640dac6-c54d-418c-b35b-6025fc0942bd","Jack","Doyle","-","0.0","1",,"TE",,,
"868c82b2-95ad-4d78-89b9-b40996fcaf7b","Alex","Bachman","-","0.0","1",,"WR",,,
"86b0d967-554f-4bf7-891d-0c9210f75adc","Tayvion","Robinson","-","0.0","1",,"WR",,,
"86c3fe2f-6766-4c2c-a2a9-35aa1e288113","Trinidad","Chambliss","-","0.0","1",,"QB",,,
"873ff7d1-b75a-4557-869c-d20b77c44a56","Jeff","Wilson Jr.","-","0.0","1",,"RB",,,
"87a76f43-dc0c-4d21-9ef8-9127cfa6295a","Penny","Hart","-","0.0","1",,"WR",,,
"87b120bc-8f06-4338-bdab-47efbc2280ec","Khari","Blasingame","-","0.0","1",,"RB",,,
"882d24bd-aaea-4055-baa1-0c835157aa2a","Mitchell","Wilcox","-","0.0","1",,"TE",,,
"882ffa5b-6fc8-4d06-9144-98834b4e44aa","Max","Brosmer","-","0.0","1",,"QB","Minnesota Vikings",,
"88ab05fe-e707-418c-a83d-112ef8255b68","Brycen","Hopkins","-","0.0","1",,"TE",,,
"88b6d744-1767-4e49-947b-579d7e820e2e","Roman","Hemby","-","0.0","1",,"RB","Las Vegas Raiders",,
"88f2b2fd-8b3b-4249-80ff-d5d38442ac2f","Nick","Chubb","-","0.0","1",,"RB","Houston Texans",,
"89f1690b-4445-4b9e-ae1d-b2b7be37f108","Michael","Bandy","-","0.0","1",,"WR","Denver Broncos",,
"8ab65bdf-fb34-4384-8c7f-1f7f4c1a3507","Daewood","Davis","-","0.0","1",,"WR",,,
"8b0170b2-a49a-42ea-97ab-c65e90d1c26a","SaRodorick","Thompson","-","0.0","1",,"RB",,,
"8b35a229-78db-4c59-a64a-61c56a2d255b","Johnny","Wilson","-","0.0","1",,"WR","Philadelphia Eagles",,
"8b3dc148-650d-4041-ac5d-b4f7b22fa044","Bryan","Thompson","-","0.0","1",,"WR",,,
"8b72aa52-17dd-4fe2-8c5b-ec06b20875ee","Jaydon","Mickens","-","0.0","1",,"WR",,,
"8bcd384c-976a-4732-a086-10c436d9589b","Brett","Rypien","-","0.0","1",,"QB",,,
"8bd099f3-788d-4281-9774-7af2d181b94c","Sam","Pitz","-","0.0","1",,"TE",,,
"8bfbfbfa-3ac8-4508-b82a-f428999d5e1d","Braylon","Sanders","-","0.0","1",,"WR",,,
"8c15622a-73de-413f-a6dd-7c538e007872","Sean","Clifford","-","0.0","1",,"QB","Cincinnati Bengals",,
"8c6f5165-cb47-4b9a-ac87-63c431d96548","James","Proche","-","0.0","1",,"WR",,,
"8c85f867-ac30-496d-80dc-136a1732c1a3","Malcolm","Perry","-","0.0","1",,"WR",,,
"8d56a7a8-788b-479d-9c2a-ac9d18d69ac7","Cam","Grandy","-","0.0","1",,"TE","Cincinnati Bengals",,
"8ec3fb7c-bde9-4061-9b76-87773389a6d7","Austin","Watkins","-","0.0","1",,"WR",,,
"8ed0d91c-2ea6-4f98-8a61-fd63357c633c","Gary","Brightwell","-","0.0","1",,"RB","Cincinnati Bengals",,
"8f2133da-fa74-42a0-b55b-21fa9fc61efd","Junior","Bergen","-","0.0","1",,"WR","San Francisco 49ers",,
"8f31b661-3083-45df-9e10-7a41272f510b","Phillip","Brooks","-","0.0","1",,"WR",,,