"id","firstName","lastName","adp","projectedPoints","salary","positionRank","slotName","teamName","lineupStatus","byeWeek"
"16ab6f5a-7583-41da-a680-c8486773de79","Bijan","Robinson","1.4","294.9","100","RB1","RB","Atlanta Falcons",,
"b1bf6b57-9c69-4ba2-b7b7-f04e1d9aaf26","Jahmyr","Gibbs","1.7","277.9","100","RB2","RB","Detroit Lions",,
"94d76cb9-b8dd-4f25-b004-8dda864a9bbc","Ja'Marr","Chase","3.3","250.6","99","WR1","WR","Cincinnati Bengals",,
"ec3129b2-f1ea-4750-98d3-eefb688f6a20","Puka","Nacua","3.9","259.0","99","WR2","WR","Los Angeles Rams",,
"7f0b8845-fb8a-4f8f-94cb-0c8a353c23e7","Jaxon","Smith-Njigba","5.4","235.1","98","WR3","WR","Seattle Seahawks",,
"88f4ebaf-d734-4b1e-94ff-35ebe6f5f4d8","Christian","McCaffrey","6.2","260.0","98","RB3","RB","San Francisco 49ers",,
"2c19a833-177f-4cb1-be22-526d34eda566","Jonathan","Taylor","7.0","256.3","97","RB4","RB","Indianapolis Colts",,
"1aacd188-0c6c-407a-8360-8c9e650ad0a5","Amon-Ra","St. Brown","8.1","227.5","97","WR4","WR","Detroit Lions",,
"83ba2e62-e983-4cd8-9003-76cff2285927","CeeDee","Lamb","9.3","222.5","96","WR5","WR","Dallas Cowboys",,
"dafbbc5f-8ab0-48b2-9d96-024b2d164117","Justin","Jefferson","10.6","202.1","96","WR6","WR","Minnesota Vikings",,
"29aa6aba-ce0e-4822-8faa-ab6ff574b116","James","Cook","11.1","247.3","95","RB5","RB","Buffalo Bills",,
"18b8f6eb-bb7f-4745-b59b-0c33266894d3","Ashton","Jeanty","11.3","238.5","95","RB6","RB","Las Vegas Raiders",,
"942aad27-d93e-4369-8144-0f9aaca0610b","Saquon","Barkley","13.4","226.0","94","RB7","RB","Philadelphia Eagles",,
"e3c17702-b50c-476c-be37-ec5b8fe933bb","Derrick","Henry","14.4","238.2","94","RB8","RB","Baltimore Ravens",,
"4d571603-33f3-4964-885d-dfaaa9e939b1","De'Von","Achane","15.1","226.0","94","RB9","RB","Miami Dolphins",,
"67600986-7782-4168-9cdd-3f928296d5a7","Kenneth","Walker III","16.8","212.0","93","RB10","RB","Kansas City Chiefs",,
"8b3d00a8-454e-495d-82e6-53f57059d4d8","Omarion","Hampton","16.8","221.9","93","RB11","RB","Los Angeles Chargers",,
"ffeae43f-aacf-4226-ad66-384869b7bbcd","Chase","Brown","17.7","209.8","92","RB12","RB","Cincinnati Bengals",,
"e124723c-2a43-44b4-bc46-63c5e75dbfaf","Josh","Jacobs","19.7","201.3","91","RB13","RB","Green Bay Packers",,
"5664d4b9-ad90-4a21-a0f5-93ad97818884","Drake","London","20.5","195.7","91","WR7","WR","Atlanta Falcons",,
"fb9ad0ff-ea9c-4139-b1f3-129223a73096","Brock","Bowers","20.9","188.0","91","TE1","TE","Las Vegas Raiders",,
"23cd8c0b-ab6f-4c5c-a24f-2ef419adee42","Trey","McBride","22.8","191.4","90","TE2","TE","Arizona Cardinals",,
"cc16f3a4-6898-48c6-a52e-a26589d1874e","Jeremiyah","Love","23.6","193.0","90","RB14","RB","Arizona Cardinals",,
"f7352431-18a5-430f-9fe4-1afc2cf37146","George","Pickens","24.3","195.9","89","WR8","WR","Dallas Cowboys",,
"af6e6275-b571-4bea-baeb-13f39936f2a9","Nico","Collins","25.1","196.0","89","WR9","WR","Houston Texans",,
"c72ce653-eb06-421d-ad89-21236f50f643","Breece","Hall","26.0","199.6","88","RB15","RB","New York Jets",,
"028079bd-7dec-4ad7-8d20-d6dca493ea72","Josh","Allen","27.5","363.5","88","QB1","QB","Buffalo Bills",,
"e65c0800-eb9b-4a9a-9775-c285c61ebe30","Travis","Etienne Jr.","28.5","195.9","87","RB16","RB","New Orleans Saints",,
"c25258e8-3936-45ba-ab37-a94e437aea22","Javonte","Williams","28.5","187.8","87","RB17","RB","Dallas Cowboys",,
"2afcfedf-c1f9-4916-a979-7b80de9b209e","A.J.","Brown","29.6","193.8","87","WR10","WR","Philadelphia Eagles",,
"3bf449b8-d39d-46f0-9e4b-4d548418ff31","Kyren","Williams","29.8","189.3","87","RB18","RB","Los Angeles Rams",,
"82d9fdb8-e9d9-447a-9006-461b7c8cb9c2","Chris","Olave","33.3","187.8","85","WR11","WR","New Orleans Saints",,
"f12a4b21-2198-4aea-a635-1d0575cdc0a2","Malik","Nabers","33.3","200.4","85","WR12","WR","New York Giants",,
"574a2900-4aef-45f9-8a99-a46e68383355","DeVonta","Smith","34.6","166.5","84","WR13","WR","Philadelphia Eagles",,
"b890a2d9-caa8-4226-8f07-768eb7166333","Zay","Flowers","35.1","187.2","84","WR14","WR","Baltimore Ravens",,
"6f12cde4-8476-4e3b-b2a4-af919966a92f","Rashee","Rice","35.6","162.0","84","WR15","WR","Kansas City Chiefs",,
"f90dba32-e353-48e4-a063-dbcf22a185e7","Garrett","Wilson","37.7","188.1","83","WR16","WR","New York Jets",,
"9a58432c-d48e-430d-91ca-dbc747301dfc","Tee","Higgins","38.8","172.6","83","WR17","WR","Cincinnati Bengals",,
"34585f7f-755f-4f7e-8726-2c426243c4a4","David","Montgomery","39.7","182.4","82","RB19","RB","Houston Texans",,
"efd22158-be60-48c5-8709-b3cf0a500e31","Tetairoa","McMillan","39.8","176.9","82","WR18","WR","Carolina Panthers",,
"bbeafe00-6459-488c-a8ff-0f9a71b70761","Emeka","Egbuka","41.1","163.6","81","WR19","WR","Tampa Bay Buccaneers",,
"972e5d4e-9a7b-444f-94e2-00c7bcade2f8","Cam","Skattebo","42.1","170.7","81","RB20","RB","New York Giants",,
"f8f38c98-435b-4408-8071-248ed462649f","Bucky","Irving","44.0","183.3","80","RB21","RB","Tampa Bay Buccaneers",,
"a2f60645-28df-4f57-b738-9da8cf43fdc7","Lamar","Jackson","44.1","323.3","80","QB2","QB","Baltimore Ravens",,
"f000f8db-d4da-4502-8951-1258d6b682f5","Ladd","McConkey","44.3","166.6","80","WR20","WR","Los Angeles Chargers",,
"e4144b5a-304c-44a9-8d74-8cba3c750a35","D'Andre","Swift","44.4","177.4","80","RB22","RB","Chicago Bears",,
"7d87b82a-b43e-48d0-97f0-a48cff87f5dd","Mike","Evans","48.4","171.0","78","WR21","WR","San Francisco 49ers",,
"36b534b4-4f1d-4c1a-bdfc-e82e95347986","Luther","Burden","48.5","166.7","78","WR22","WR","Chicago Bears",,
"d0d06f56-9651-46bb-928f-fb82a911641f","Davante","Adams","49.1","155.7","78","WR23","WR","Los Angeles Rams",,
"06a39225-88be-40eb-a59a-5b4170b7f696","Quinshon","Judkins","50.7","169.8","77","RB23","RB","Cleveland Browns",,
"65c53014-8752-441d-8761-0a1920322642","TreVeyon","Henderson","51.2","164.0","77","RB24","RB","New England Patriots",,
"34ab81e3-21d6-4803-bff4-c950195fe081","Terry","McLaurin","51.5","165.6","77","WR24","WR","Washington Commanders",,
"8849ccd7-230c-4f8a-9958-3b2fd7c3350d","D.J.","Moore","53.3","149.5","76","WR25","WR","Buffalo Bills",,
"be30592e-0796-44f3-9ea9-aa7006a57e87","Colston","Loveland","53.9","161.9","76","TE3","TE","Chicago Bears",,
"64e01664-95a1-486e-b84e-ad5162944c59","Jaylen","Waddle","54.5","155.0","75","WR26","WR","Denver Broncos",,
"a086fb96-43f8-40e2-8a45-368ba3c3e339","Jameson","Williams","56.0","176.2","75","WR27","WR","Detroit Lions",,
"ce65c394-208c-4a03-a148-8547d8ca30e3","Bhayshul","Tuten","56.3","154.9","74","RB25","RB","Jacksonville Jaguars",,
"d585c630-ea8f-4fc4-b696-3e7956e45c73","Jadarian","Price","56.9","140.0","74","RB26","RB","Seattle Seahawks",,
"5c5c7619-b010-4c54-a3d6-a0782715499d","Rome","Odunze","59.7","156.7","73","WR28","WR","Chicago Bears",,
"c20006d8-dc7b-4494-8aec-13efed2126e2","Christian","Watson","60.6","159.9","72","WR29","WR","Green Bay Packers",,
"6a411dbd-0948-4990-8759-f521e4c2c52f","Joe","Burrow","62.0","308.1","72","QB3","QB","Cincinnati Bengals",,
"0215e03a-22cf-4131-8616-4c0eb43370e4","Jayden","Daniels","63.1","317.7","71","QB4","QB","Washington Commanders",,
"19a380f6-7ffb-41ad-8e56-bc551b68084c","Chuba","Hubbard","63.4","161.1","71","RB27","RB","Carolina Panthers",,
"bd50fccf-a617-4780-9c56-52ed1810aa6a","Carnell","Tate","64.6","166.0","71","WR30","WR","Tennessee Titans",,
"d6450be5-c1f8-4e59-9a1e-a283e5debaa0","Tony","Pollard","64.8","148.1","71","RB28","RB","Tennessee Titans",,
"9483ccca-5a2e-4679-84b1-a26c2b04dadc","Jalen","Hurts","65.4","314.5","70","QB5","QB","Philadelphia Eagles",,
"db428950-8c25-4d03-b8b3-2000cbc45d75","Tyler","Warren","67.5","151.2","69","TE4","TE","Indianapolis Colts",,
"0e3017b8-31a6-437c-8320-3baaecda778d","Marvin","Harrison","68.5","145.7","69","WR31","WR","Arizona Cardinals",,
"3028a392-f3e2-4dd7-bf6e-8174e4442be4","Drake","Maye","69.2","315.6","68","QB6","QB","New England Patriots",,
"689720bd-7adb-4742-a928-7d2057de2ef0","Rhamondre","Stevenson","70.4","159.9","68","RB29","RB","New England Patriots",,
"ffb7348e-0ed4-4e7a-ad7b-90880272652e","Jaylen","Warren","71.1","156.6","68","RB30","RB","Pittsburgh Steelers",,
"cd5eaa93-600f-48cc-8586-34c755731f54","Caleb","Williams","71.9","303.3","67","QB7","QB","Chicago Bears",,
"2c83c20f-ed75-41ef-9e0b-6f83b92f80a1","Brian","Thomas","73.2","152.9","67","WR32","WR","Jacksonville Jaguars",,
"f95f9785-70f7-4760-86d9-863ab5ca364a","Jordyn","Tyson","74.2","165.0","66","WR33","WR","New Orleans Saints",,
"e23aa22e-52d2-403c-9dde-3588570fb78c","Alec","Pierce","74.7","157.0","66","WR34","WR","Indianapolis Colts",,
"73429415-91d0-44bb-8205-a3603f969257","Dak","Prescott","75.9","309.9","65","QB8","QB","Dallas Cowboys",,
"95c5530a-e298-440a-a2ac-044cd8385dd1","DK","Metcalf","77.0","152.3","65","WR35","WR","Pittsburgh Steelers",,
"8b2339d7-48f3-4c0c-ab89-f48f922ac244","Rico","Dowdle","78.0","138.6","64","RB31","RB","Pittsburgh Steelers",,
"d007f079-8773-4dcd-aac2-66d16c1bd9cd","Parker","Washington","78.7","156.2","64","WR36","WR","Jacksonville Jaguars",,
"2ea898cd-1846-4796-ab70-d3a0ad7be0d7","RJ","Harvey","80.3","141.8","63","RB32","RB","Denver Broncos",,
"b9464940-7bc7-4a8d-af57-3f049632ebca","Justin","Herbert","80.8","307.3","63","QB9","QB","Los Angeles Chargers",,
"6c9281cf-a5eb-49a1-b2a6-27746a26dd5a","Makai","Lemon","81.7","161.0","63","WR37","WR","Philadelphia Eagles",,
"7575b726-3499-409f-9246-db26e51de8b6","Courtland","Sutton","84.3","139.5","61","WR38","WR","Denver Broncos",,
"6d18bbcd-2491-4c34-80d9-885c147d2108","Harold","Fannin","85.3","148.1","61","TE5","TE","Cleveland Browns",,
"fb5a70bc-3b25-4cd3-aaad-3fcc8bdff4bb","Trevor","Lawrence","86.9","307.4","60","QB10","QB","Jacksonville Jaguars",,
"b3a85f81-eeff-4abf-a9ad-93e8f8b78c29","Michael","Wilson","87.2","139.9","60","WR39","WR","Arizona Cardinals",,
"45b540b8-659b-473e-a06a-e341ed7020bc","Kyle","Monangai","87.8","145.1","60","RB33","RB","Chicago Bears",,
"9d75e0fb-7e7f-4eb2-9faf-e97f788f7262","Chris","Godwin","88.3","139.6","60","WR40","WR","Tampa Bay Buccaneers",,
"dedf4bc0-63e6-427d-86e0-7a6036054c96","Jayden","Reed","89.1","138.8","59","WR41","WR","Green Bay Packers",,
"57d45101-07dd-4bfd-88c8-8c95dc5adf6c","Jaxson","Dart","90.4","304.5","59","QB11","QB","New York Giants",,
"bb8c8dc3-c1d6-47c5-bdfa-778eb9acf416","Brock","Purdy","91.2","297.7","58","QB12","QB","San Francisco 49ers",,
"17cf4d1f-f9c3-4016-8da0-10892a07bcf9","J.K.","Dobbins","91.6","147.2","58","RB34","RB","Denver Broncos",,
"fa2af0e5-ec71-45c5-99ad-52b97ab87bf7","Tucker","Kraft","93.1","134.8","57","TE6","TE","Green Bay Packers",,
"c631839c-e81a-4784-bba7-f935706986eb","Blake","Corum","93.7","129.8","57","RB35","RB","Los Angeles Rams",,
"4dbe4aaf-189d-44c5-836a-e739e9dc7181","Jordan","Addison","95.7","134.1","56","WR42","WR","Minnesota Vikings",,
"2070f277-75c4-4d47-9668-b5afcdb7a3b1","Bo","Nix","97.3","299.7","55","QB13","QB","Denver Broncos",,
"c12dc6e9-e127-4d52-addf-fce80018e190","Matthew","Stafford","98.4","280.2","55","QB14","QB","Los Angeles Rams",,
"7d33850e-6d1d-4d81-bb19-7afccee5eb81","Jakobi","Meyers","98.7","137.3","55","WR43","WR","Jacksonville Jaguars",,
"7f40d4f3-11c1-4fdd-bd6d-192da426d8b4","Michael","Pittman Jr.","99.2","133.5","55","WR44","WR","Pittsburgh Steelers",,
"9ff6c4bd-582c-410a-8ce8-aaf8fd37b4e6","Patrick","Mahomes","99.8","280.6","54","QB15","QB","Kansas City Chiefs",,
"ae712c36-6c83-4347-84a3-5527e6d28a53","Kyle","Pitts","101.4","138.6","54","TE7","TE","Atlanta Falcons",,
"219bea8c-9f8a-4c1a-bcea-02b51725e7d9","Quentin","Johnston","102.7","134.9","53","WR45","WR","Los Angeles Chargers",,
"da8ebb6f-c2f0-4f03-abf9-1d9cb9d1358d","Sam","LaPorta","102.8","144.1","53","TE8","TE","Detroit Lions",,
"3f0609d2-2f38-45e3-bd30-aef9b022b03d","Kyler","Murray","102.9","269.2","53","QB16","QB","Minnesota Vikings",,
"fd0bcec9-1bcb-4a3b-ba69-adeb2ff17b2b","Josh","Downs","104.6","132.1","52","WR46","WR","Indianapolis Colts",,
"00832915-7414-435e-ba1a-11b654632c48","Chris","Rodriguez","105.4","127.0","52","RB36","RB","Jacksonville Jaguars",,
"1e306c7b-0b71-45f0-8dba-6af5ea88ffd5","Jared","Goff","105.9","285.5","51","QB17","QB","Detroit Lions",,
"2826b329-8839-4053-afd9-c363f74872ed","Aaron","Jones","108.1","138.8","50","RB37","RB","Minnesota Vikings",,
"88e3138b-7b57-4df2-9b48-dd695a540ece","Jordan","Love","108.2","286.5","50","QB18","QB","Green Bay Packers",,
"8c11fe48-e991-4989-9c04-29d855dd1c12","Ricky","Pearsall","110.5","139.7","49","WR47","WR","San Francisco 49ers",,
"40113514-44f6-4537-8049-db595aa4de16","Jacory","Croskey-Merritt","111.6","120.4","49","RB38","RB","Washington Commanders",,
"cd9e8b1b-9c7a-42cc-aea1-b56e7a76dad8","Xavier","Worthy","111.6","136.0","49","WR48","WR","Kansas City Chiefs",,
"e519c77d-cc01-46a2-bb2b-267ba660e3b9","Kenneth","Gainwell","111.7","118.2","49","RB39","RB","Tampa Bay Buccaneers",,
"27c0a162-0334-4826-9765-6b56c8ca0fb7","Baker","Mayfield","113.1","280.9","48","QB19","QB","Tampa Bay Buccaneers",,
"56f9b3a3-dc96-44fd-ad04-2f01abd7737f","Tyler","Shough","114.8","264.0","47","QB20","QB","New Orleans Saints",,
"d12e0b16-c0ce-4503-8af1-853d7cc5a97f","Wan'Dale","Robinson","115.9","127.0","47","WR49","WR","Tennessee Titans",,
"3ee950bf-2f56-4706-838a-fb41361b9eb6","Matthew","Golden","116.6","132.3","47","WR50","WR","Green Bay Packers",,
"91191654-82b0-4ef8-81f8-2c7929905d7e","Romeo","Doubs","118.9","138.7","45","WR51","WR","New England Patriots",,
"abc22bb1-abc9-4056-9407-9027decf3b1d","Jordan","Mason","118.9","120.0","45","RB40","RB","Minnesota Vikings",,
"5f5f5bcb-35e9-467c-97ef-8783f88e72a2","Rachaad","White","120.4","108.7","45","RB41","RB","Washington Commanders",,
"68b28cf7-e9c8-430d-a57a-bf5beb7da980","Jonathon","Brooks","120.8","24.3","45","RB42","RB","Carolina Panthers",,
"86a8deb1-4cbc-414c-84c3-1be254a1d947","Jake","Ferguson","122.4","126.8","44","TE9","TE","Dallas Cowboys",,
"597a8a5e-9d45-4247-bbae-087805220965","Tyrone","Tracy","124.7","102.8","43","RB43","RB","New York Giants",,
"cfe2ed37-cbf7-4899-8bc7-96da8d993ed7","George","Kittle","124.7","123.4","43","TE10","TE","San Francisco 49ers",,
"07ce8436-8382-4fa0-9f6f-cd05647350c5","Travis","Kelce","125.5","131.5","42","TE11","TE","Kansas City Chiefs",,
"975266aa-225e-4cd0-960d-1c682a9f9392","Khalil","Shakir","125.6","132.0","42","WR52","WR","Buffalo Bills",,
"7e229147-8098-4a27-b872-2421537c4d61","Mark","Andrews","126.5","127.8","42","TE12","TE","Baltimore Ravens",,
"0a9a846c-860b-4c4b-abc3-e3b5837e604c","Malik","Willis","126.6","256.8","42","QB21","QB","Miami Dolphins",,
"40937cc4-dbb2-4821-895a-705ca587205a","KC","Concepcion","129.8","124.2","40","WR53","WR","Cleveland Browns",,
"05ddbd2b-6362-40ec-8d6a-69cb06c81650","Sam","Darnold","129.9","266.7","40","QB22","QB","Seattle Seahawks",,
"412fefa5-0cbd-4741-b67e-438407ebafeb","Isaiah","Likely","131.7","121.7","40","TE13","TE","New York Giants",,
"652b2dff-d8e1-4d3a-9a45-7d43288c4944","Dallas","Goedert","132.8","115.5","39","TE14","TE","Philadelphia Eagles",,
"dc577b6c-3136-4209-bedd-720276f4e799","Jayden","Higgins","133.5","135.2","39","WR54","WR","Houston Texans",,
"17298f7c-55ee-4fc0-9ef5-526b0484a81f","Dalton","Kincaid","133.5","125.6","39","TE15","TE","Buffalo Bills",,
"96c76488-1ada-4938-803a-edfddd4963e4","C.J.","Stroud","134.1","238.2","38","QB23","QB","Houston Texans",,
"368b6587-acf1-43e2-b920-c4f2f2d9e489","Cam","Ward","135.6","233.8","38","QB24","QB","Tennessee Titans",,
"e518c603-d5e4-4e25-9383-44fa3b07478f","Stefon","Diggs","136.0","108.0","38","WR55","WR",,,
"0c5d693e-6610-4534-a22f-247161dd3977","Jalen","Coker","138.4","133.9","36","WR56","WR","Carolina Panthers",,
"4101194a-a80c-49f4-b187-b3600ee8fcd0","Daniel","Jones","138.6","235.5","36","QB25","QB","Indianapolis Colts",,
"8779322f-2cf3-43bc-9978-75e95b66f8d8","Keaton","Mitchell","140.5","89.9","35","RB44","RB","Los Angeles Chargers",,
"e2cd0fbe-c0d2-4f0d-8412-8a5608e67f5e","Woody","Marks","141.0","76.3","35","RB45","RB","Houston Texans",,
"27a13ce2-bebf-4ae3-abec-ec9bf00a16d9","Rashid","Shaheed","143.7","113.2","34","WR57","WR","Seattle Seahawks",,
"e367d85a-3684-46ce-9eab-c2da0c1635a2","Bryce","Young","144.7","229.3","34","QB26","QB","Carolina Panthers",,
"539b8653-fef4-489b-a25f-a582def8bce7","Oronde","Gadsden","145.5","122.1","33","TE16","TE","Los Angeles Chargers",,
"650ff68e-8167-4561-b9ab-643755dd7bcd","Omar","Cooper","145.9","129.0","33","WR58","WR","New York Jets",,
"367b4fa7-eb19-42c5-9702-7aee0e5b0699","Tyler","Allgeier","147.8","69.8","32","RB46","RB","Arizona Cardinals",,
"9b3c147d-3b00-43af-952c-466120819bea","Jauan","Jennings","148.4","121.0","32","WR59","WR","Minnesota Vikings",,
"e202a328-7d60-457b-b6f3-a42774b93daf","Juwan","Johnson","148.9","109.6","32","TE17","TE","New Orleans Saints",,
"5d81f1f2-fec1-40e7-8099-46370987f122","Isiah","Pacheco","149.3","50.6","31","RB47","RB","Detroit Lions",,
"0a6131dc-f27f-405a-9e1d-d28960aea548","Hunter","Henry","150.2","119.9","31","TE18","TE","New England Patriots",,
"4df35b5c-8052-4193-b4b3-d0dfd7a79009","Jalen","McMillan","152.0","98.4","30","WR60","WR","Tampa Bay Buccaneers",,
"514f0aa3-1feb-4e4c-88b3-d8153224015a","Chig","Okonkwo","153.5","95.9","29","TE19","TE","Washington Commanders",,
"d157f842-d8c2-41f3-adb3-712534d20c7e","Geno","Smith","154.9","230.5","29","QB27","QB","New York Jets",,
"4387247b-d875-4832-8987-cc26d429f9b6","Kenyon","Sadiq","155.3","125.0","29","TE20","TE","New York Jets",,
"7946e99a-63ed-4ad2-815b-1f7579608d7f","Tre","Tucker","155.3","91.8","29","WR61","WR","Las Vegas Raiders",,
"9b233c01-026a-451c-8a71-6207bd5acaf4","Aaron","Rodgers","155.5","120.0","28","QB28","QB","Pittsburgh Steelers",,
"9006230a-edf6-4d20-8a4a-213ae4e56dc8","Jonah","Coleman","156.1","121.0","28","RB48","RB","Denver Broncos",,
"4aec5380-5186-43e0-b6e9-3355c37fca2a","Travis","Hunter","156.7","79.1","28","WR62","WR","Jacksonville Jaguars",,
"e951864b-20b2-4fb0-9814-c1ede4b66a05","Brenton","Strange","157.8","124.8","27","TE21","TE","Jacksonville Jaguars",,
"c19c249d-f736-48f4-b7f1-0af5773964b7","Jalen","Nailor","158.7","116.1","27","WR63","WR","Las Vegas Raiders",,
"82301798-5bc0-4e16-a870-f0af5160fc71","Tyjae","Spears","159.6","99.1","27","RB49","RB","Tennessee Titans",,
"0eb0f658-53e7-4483-8110-77cf541287c7","Dalton","Schultz","163.2","106.0","25","TE22","TE","Houston Texans",,
"ff77f9a0-cda9-4d3c-8ba7-053c88490244","Brian","Robinson","164.1","63.4","25","RB50","RB","Atlanta Falcons",,
"f43e5c27-403d-4843-b467-f7b1a7eb84ab","Deebo","Samuel","165.5","94.0","24","WR64","WR",,,
"cd0094ea-6319-4763-9734-7b0017fab28a","Dylan","Sampson","166.1","79.2","24","RB51","RB","Cleveland Browns",,
"430c29ce-e34d-416d-8cf1-1cccf82d5b80","Jacoby","Brissett","167.5","166.0","23","QB29","QB","Arizona Cardinals",,
"e76a7c70-7dc8-4dfa-b71a-aead9e29a324","T.J.","Hockenson","168.4","103.0","23","TE23","TE","Minnesota Vikings",,
"fc11d929-ef54-40dc-91f0-0ca668cb4312","Zach","Charbonnet","170.1","70.8","22","RB52","RB","Seattle Seahawks",,
"4afd1435-76c2-4000-8044-3671b471905a","Fernando","Mendoza","170.6","235.0","22","QB30","QB","Las Vegas Raiders",,
"1ceb5179-2203-4155-ab99-8accaa52deed","Calvin","Ridley","171.3","63.8","21","WR65","WR","Tennessee Titans",,
"05afef14-f54d-4593-85db-9cd1d21bdd28","Jerry","Jeudy","171.4","98.1","21","WR66","WR","Cleveland Browns",,
"26af8990-df47-4af0-bc07-2317f9f11cd7","AJ","Barner","171.4","113.4","21","TE24","TE","Seattle Seahawks",,
"10e20161-54df-4783-903d-297e3e7dfa8a","Denzel","Boston","173.4","119.0","20","WR67","WR","Cleveland Browns",,
"b66917e8-a66d-4081-a8ca-abfd5101dba8","Emanuel","Wilson","173.4","51.0","20","RB53","RB","Seattle Seahawks",,
"3fdb7669-91dd-4909-b822-3b8acf60ed21","Ryan","Flournoy","175.3","94.0","19","WR68","WR","Dallas Cowboys",,
"49f6be94-c801-4594-86f5-9831f6ea823e","Gunnar","Helm","177.3","94.3","18","TE25","TE","Tennessee Titans",,
"eb0299ff-9cac-4a5c-aaa2-46064efa5151","Alvin","Kamara","178.1","42.9","18","RB54","RB","New Orleans Saints",,
"6924162e-dca1-4f49-b141-9ebb2f8652a8","Cade","Otton","178.1","100.0","18","TE26","TE","Tampa Bay Buccaneers",,
"19cf5624-b28a-4fdf-8d20-c211e656ac14","Darnell","Mooney","179.7","58.5","17","WR69","WR","New York Giants",,
"b0857edb-c126-4fe3-adaf-114a6c692df4","Isaac","TeSlaa","180.4","88.9","17","WR70","WR","Detroit Lions",,
"bc8c41f5-c088-43e8-8757-1dc322008f06","Antonio","Williams","180.6","79.5","17","WR71","WR","Washington Commanders",,
"384985e6-f8a5-46ae-836c-e146935964f0","Pat","Freiermuth","181.6","102.9","16","TE27","TE","Pittsburgh Steelers",,
"3443a9eb-d0bd-4ef7-b2cd-ee80d45ef822","Mike","Washington","184.1","121.0","15","RB55","RB","Las Vegas Raiders",,
"d0a9f485-d99e-437b-a4a6-f6a08d1867ac","Tank","Bigsby","184.2","55.2","15","RB56","RB","Philadelphia Eagles",,
"a5900601-2539-40a6-bd90-f85118b3ce98","Sean","Tucker","185.7","50.5","15","RB57","RB","Tampa Bay Buccaneers",,
"bff9e8fb-fbfd-46e8-8ce2-8da73c63b83f","De'Zhaun","Stribling","187.6","93.1","14","WR72","WR","San Francisco 49ers",,
"9b14d621-9e46-4300-94ff-78c1c2e4fbd1","Nicholas","Singleton","188.4","81.0","13","RB58","RB","Tennessee Titans",,
"058dcb07-591c-4bde-8af6-483099d49c31","Brandon","Aiyuk","190.0","106.3","13","WR73","WR","San Francisco 49ers",,
"43dd5567-6337-4930-8b76-a7bde2e11963","Cooper","Kupp","190.3","70.4","12","WR74","WR","Seattle Seahawks",,
"b92acee3-1751-4000-89ca-ff79a0b2112a","David","Njoku","190.6","75.0","12","TE28","TE","Los Angeles Chargers",,
"4be260ba-92cc-453c-8ad0-bb88e03cd7b7","Emmett","Johnson","192.2","61.0","12","RB59","RB","Kansas City Chiefs",,
"d7a80bf5-210c-468a-a5bf-76f162b895b9","Germie","Bernard","194.1","80.0","11","WR75","WR","Pittsburgh Steelers",,
"bee34cd8-113e-4d77-81f6-9f8ef83f8022","Tre'","Harris","196.9","93.4","9","WR76","WR","Los Angeles Chargers",,
"70c87f40-3698-4e4c-85de-d1c58118cbaa","Eli","Stowers","197.0","105.0","9","TE29","TE","Philadelphia Eagles",,
"e812f7ca-0cc9-4b16-bc9c-f2de9784c3b8","Tua","Tagovailoa","197.4","137.9","9","QB31","QB","Atlanta Falcons",,
"77ba3679-2abf-484d-b4a6-7a4c80ec80f4","Malik","Washington","198.2","82.2","9","WR77","WR","Miami Dolphins",,
"cf0bbffc-a339-4ca2-bd0d-5416e9c10929","Ted","Hurst","199.1","78.0","8","WR78","WR","Tampa Bay Buccaneers",,
"2113353a-6b19-480e-b1ed-7bf968fff98d","Braelon","Allen","199.6","48.8","8","RB60","RB","New York Jets",,
"dc845c7e-64dc-43a4-9e5e-0c5782b7cb8d","Mike","Gesicki","201.1","83.9","7","TE30","TE","Cincinnati Bengals",,
"5e6250a0-7751-4db7-a713-8cffdd255bdc","Dontayvion","Wicks","201.4","71.6","7","WR79","WR","Philadelphia Eagles",,
"25d0e152-4288-4eb5-b1fb-fde3983736be","Adonai","Mitchell","202.3","52.2","7","WR80","WR","New York Jets",,
"df6adbe0-f32a-4487-8aa4-9408e384e9f7","Ray","Davis","202.8","53.5","7","RB61","RB","Buffalo Bills",,
"2185a11d-7a06-4d1f-96df-db2c7d3ee94a","Terrance","Ferguson","203.9","66.4","6","TE31","TE","Los Angeles Rams",,
"dfdc100c-6ab9-4193-93ee-1078915169c1","Kaytron","Allen","204.5","50.0","6","RB62","RB","Washington Commanders",,
"6aeeb009-a2c3-48cd-9032-6ec33dc8c7c6","Deshaun","Watson","205.0","56.9","6","QB32","QB","Cleveland Browns",,
"12e6fad4-a6e0-41dd-8499-5acfb1332867","Kayshon","Boutte","206.7","95.6","5","WR81","WR","New England Patriots",,
"a4335746-b029-4e13-a78f-5d0420b473b1","Tyreek","Hill","207.7","88.0","4","WR82","WR",,,
"c44807cc-8d8a-4585-8dfb-97b643f02028","Greg","Dulcich","208.1","50.5","4","TE32","TE","Miami Dolphins",,
"dacaef0f-262f-4e8e-b227-c41297a630eb","Tank","Dell","208.2","80.8","4","WR83","WR","Houston Texans",,
"886931d6-7ad7-421a-96a2-fcf6e14bbb62","Christian","Kirk","208.8","60.7","4","WR84","WR","San Francisco 49ers",,
"eadc7203-1097-4862-bf17-b9075a89c45e","Zachariah","Branch","209.0","82.1","4","WR85","WR","Atlanta Falcons",,
"55cef1a0-19ff-41cc-a74f-d019b8cf8a06","Troy","Franklin","210.0","70.6","3","WR86","WR","Denver Broncos",,
"2c579a50-effd-4380-bbde-488f7c015c3c","Jake","Tonges","210.6","55.8","3","TE33","TE","San Francisco 49ers",,
"4f91a1cc-5c91-4d12-9408-09225b5b9a9c","Kirk","Cousins","210.7","43.2","3","QB33","QB","Las Vegas Raiders",,
"49052af2-5249-481b-b6e6-0ce95a89bf1d","Chris","Bell","211.2","74.7","3","WR87","WR","Miami Dolphins",,
"a34624be-fce5-414c-a79f-0d9bada5874f","Justice","Hill","211.6","45.0","3","RB63","RB","Baltimore Ravens",,
"746f48b7-0242-4f80-bc4b-981ea403a224","Malachi","Fields","211.7","73.0","2","WR88","WR","New York Giants",,
"d5227652-4964-4b0f-84a9-c932f4a51809","Michael","Penix","211.8","110.4","2","QB34","QB","Atlanta Falcons",,
"60767ad6-9410-4f6e-a1f7-3e825bdb80bb","Jordan","James","212.0","54.2","2","RB64","RB","San Francisco 49ers",,
"fb3a6b3b-bd0b-4bfe-8c20-a64b44885395","Tory","Horton","212.2","88.8","2","WR89","WR","Seattle Seahawks",,
"cc1e9abe-dd0a-47de-a130-b7ed75b751df","James","Conner","212.2","55.8","2","RB65","RB","Arizona Cardinals",,
"065eff13-d3d4-4d9c-a9cf-dd7aea2d1048","Kimani","Vidal","212.9","32.2","2","RB66","RB","Los Angeles Chargers",,
"a707d1c4-8dd5-43b1-94ca-52ae363bf450","Colby","Parkinson","213.1","67.2","2","TE34","TE","Los Angeles Rams",,
"d1fcb1eb-4bb8-4338-90d1-a2c95b65d1b7","Elijah","Sarratt","213.5","80.0","2","WR90","WR","Baltimore Ravens",,
"e7e11c47-6c34-4a87-8473-a1a65fab479b","Rashod","Bateman","213.6","70.1","2","WR91","WR","Baltimore Ravens",,
"1b7063a5-c4f6-4b4a-8532-18e7d9a0eb12","Keon","Coleman","214.1","31.8","1","WR92","WR","Buffalo Bills",,
"7167e3ff-650b-4a30-84d0-1907bb03748d","Pat","Bryant","214.1","78.9","1","WR93","WR","Denver Broncos",,
"708d3e48-700c-42eb-bcad-d6c59c51564a","Kaelon","Black","214.2","39.3","1","RB67","RB","San Francisco 49ers",,
"30f9d470-15c2-4c8e-b3e2-74b750e5af80","Shedeur","Sanders","214.5","57.2","1","QB35","QB","Cleveland Browns",,
"3df91e77-b9ed-438b-a052-0c7482fef31c","Tyquan","Thornton","214.6","52.6","1","WR94","WR","Kansas City Chiefs",,
"3de72482-1759-4a98-9a3c-9de856b712f8","Samaje","Perine","214.7","29.2","1","RB68","RB","Cincinnati Bengals",,
"67fa949e-46c8-4240-87ad-0b600e192ac4","Evan","Engram","214.8","55.2","1","TE35","TE","Denver Broncos",,
"d2838fb5-154d-4d07-b694-0d955cd28658","Demond","Claiborne","214.8","27.8","1","RB69","RB","Minnesota Vikings",,
"5d0eda78-dffe-481c-9a25-44df9b901062","Carson","Beck","214.9","56.9","1","QB36","QB","Arizona Cardinals",,
"68c41341-b331-4ee1-9268-87a0ae8e4300","Keenan","Allen","214.9","0.0","1","WR95","WR",,,
"7ae2de85-8923-4273-9f2a-b32c803be242","Darius","Slayton","215.0","78.6","1","WR96","WR","New York Giants",,
"eb823e42-f80c-4b3c-a2d9-45611efc38c6","Jaydon","Blue","215.2","41.4","1","RB70","RB","Dallas Cowboys",,
"02655cd6-1f13-48d4-9082-1c04dc084476","Darnell","Washington","215.3","71.4","1","TE36","TE","Pittsburgh Steelers",,
"99c77d6b-abe5-47f9-8f0c-3e3162878173","Theo","Johnson","215.3","61.5","1","TE37","TE","New York Giants",,
"98d9bb7b-73d2-47bd-8157-5751d77ee4ea","Jaylin","Noel","215.3","67.4","1","WR97","WR","Houston Texans",,
"ab038dc1-9869-47fb-b143-b628490c95f2","Jack","Bech","215.4","71.7","1","WR98","WR","Las Vegas Raiders",,
"6a638ef5-d093-486e-b642-94c49c3bb0db","Chris","Brazzell","215.4","70.0","1","WR99","WR","Carolina Panthers",,
"da362b11-c525-4fe3-bd64-ebc9cadbdc64","Skyler","Bell","215.4","76.2","1","WR100","WR","Buffalo Bills",,
"bedf84a5-b9e3-40f9-9f37-28b479694bf6","Devaughn","Vele","215.4","74.5","1","WR100","WR","New Orleans Saints",,
"48de0c25-f300-4dd9-be1e-055449358e80","Michael","Mayer","215.5","59.1","1","TE38","TE","Las Vegas Raiders",,
"4830e926-0d63-4778-bfd5-bdb5773bb7c0","Malik","Davis","215.5","27.4","1","RB71","RB","Dallas Cowboys",,
"99d2a624-b4f4-46c5-be5b-c955d2f2083e","Ja'Kobi","Lane","215.6","74.1","1","WR102","WR","Baltimore Ravens",,
"426a7f6f-598b-4ca1-97ab-eb86c22c3323","Chimere","Dike","215.6","72.4","1","WR103","WR","Tennessee Titans",,
"dc9419eb-9ad8-4a08-b735-e22881e75d99","Najee","Harris","215.7","0.0","1","RB72","RB",,,
"22dbe827-22a5-4c9a-9f9a-a1d4bc3ceecb","Andrei","Iosivas","215.7","75.3","1","WR104","WR","Cincinnati Bengals",,
"0824bc87-e0fa-4558-8f33-e9b4da1530f5","DJ","Giddens","215.7","27.0","1","RB73","RB","Indianapolis Colts",,
"b6646590-d973-4ce7-8ab0-2102974494c2","Justin","Fields","215.7","36.7","1","QB37","QB","Kansas City Chiefs",,
"c7908079-a0ca-4c84-8963-2e7b1e94a7d2","Jalen","Tolbert","215.7","27.7","1","WR105","WR","Miami Dolphins",,
"094a387d-b9cc-4480-bab8-3f1784ae433b","Chris","Brooks","215.7","32.6","1","RB74","RB","Green Bay Packers",,
"91ef2193-1552-4cdb-9f72-8bf73d1f1ef7","Adam","Randall","215.7","26.1","1","RB75","RB","Baltimore Ravens",,
"4d9f08dd-5f9b-4436-a779-0ff562b60782","Ty","Johnson","215.7","47.3","1","RB76","RB","Buffalo Bills",,
"43cb35f5-f527-4e36-afd9-c4c4d9392d7f","MarShawn","Lloyd","215.8","4.5","1","RB77","RB","Green Bay Packers",,
"e90c0f0d-cad1-4280-8f44-c5b9df72dc2f","Dawson","Knox","215.8","62.4","1","TE39","TE","Buffalo Bills",,
"8b711ba2-e7d4-44c6-bb69-fa68f7c2f7b3","Mason","Taylor","215.8","60.8","1","TE40","TE","New York Jets",,
"5d55647e-f1fa-4259-8542-67c6b070fc30","Justin","Joly","215.8","46.5","1","TE41","TE","Denver Broncos",,
"6227f5f6-e530-4011-b00d-fa22199c3d11","Brenen","Thompson","215.8","32.0","1","WR106","WR","Los Angeles Chargers",,
"cdc09c05-d1e4-43a1-b22b-719a82d9658f","Kendrick","Bourne","215.9","57.3","1","WR107","WR","Arizona Cardinals",,
"78294fda-1163-4178-b01f-382812164c8a","Caleb","Douglas","215.9","26.5","1","WR107","WR","Miami Dolphins",,
"c0508847-6567-42fe-9eea-b5a0261ca1ab","Ollie","Gordon","215.9","21.7","1","RB78","RB","Miami Dolphins",,
"1c2b253c-00f5-496d-8349-c30f3d991878","Jahan","Dotson","215.9","52.4","1","WR109","WR","Atlanta Falcons",,
"7e8b56e4-d032-4c37-9965-c5b3e33cbd87","Elijah","Arroyo","215.9","57.7","1","TE42","TE","Seattle Seahawks",,
"c717be84-f8e4-4501-a6ae-e1d637334c9f","Daniel","Bellinger","215.9","31.6","1","TE42","TE","Tennessee Titans",,
"1bbc1160-dc2e-45b8-bff5-16ad9e9cad74","Jaylen","Wright","215.9","41.1","1","RB79","RB","Miami Dolphins",,
"67b8eb01-7914-447f-ab04-d51c37f1cd98","Eli","Heidenreich","215.9","0.0","1","RB79","RB","Pittsburgh Steelers",,
"0c2a3b90-67fd-4f30-a0e4-e57a7d3fc90b","Kareem","Hunt","215.9","0.0","1","RB79","RB",,,
"453c3846-c03b-4706-baf5-9875abdd67eb","Zavion","Thomas","215.9","47.2","1","WR110","WR","Chicago Bears",,
"c5d7cc68-a15a-4c58-a111-142024829ef0","Joe","Mixon","215.9","0.0","1","RB82","RB",,,
"a77da2af-f84e-48fe-81ea-0f1a75c98e4a","Kyle","Williams","215.9","51.8","1","WR111","WR","New England Patriots",,
"c121f77c-2755-4ab4-a8ee-35d750ede3ab","Devin","Neal","215.9","30.4","1","RB83","RB","New Orleans Saints",,
"bef09d48-311d-46ae-9fb5-81f23556d94a","Kaleb","Johnson","215.9","29.5","1","RB83","RB","Pittsburgh Steelers",,
"018bcdd6-ec22-4c87-a086-bf66cbc2e6bb","J.J.","McCarthy","215.9","19.6","1","QB38","QB","Minnesota Vikings",,
"d6153a61-79ca-4d40-a982-e93242d83ce6","Ja'Tavion","Sanders","215.9","29.3","1","TE44","TE","Carolina Panthers",,
"607d525d-7757-4389-bc44-a716efe839be","Devin","Singletary","215.9","9.8","1","RB85","RB","New York Giants",,
"c630c1a4-9983-4555-bdea-7ba394f36f83","Jeremy","Ruckert","215.9","6.8","1","TE44","TE","New York Jets",,
"282430ae-b679-44f2-b886-c43abef6cb9b","Olamide","Zaccheaus","215.9","60.8","1","WR112","WR","Atlanta Falcons",,
"b22fa645-251a-4577-a971-b05089dc2478","Jalen","Royals","215.9","32.7","1","WR112","WR","Kansas City Chiefs",,
"3cdb5fc0-5754-45c8-b7b8-c1b83dd2829d","Hollywood","Brown","215.9","55.0","1","WR114","WR","Philadelphia Eagles",,
"75aa1053-21ab-4d07-841b-3ec20c80328a","Cole","Kmet","215.9","54.1","1","TE46","TE","Chicago Bears",,
"2109a510-7938-445d-9dc3-8864a41337e4","Mac","Jones","215.9","28.7","1","QB39","QB","San Francisco 49ers",,
"cc9917cb-761c-498a-bc84-4e1a26875356","Max","Klare","216.0","66.7","1","TE47","TE","Los Angeles Rams",,
"0f352fcd-dff4-48a9-8318-894941ba8046","LeQuint","Allen","216.0","47.2","1","RB86","RB","Jacksonville Jaguars",,
"e65331d1-6b69-4d30-9909-ee60dac75b69","Bryce","Lance","216.0","31.2","1","WR115","WR","New Orleans Saints",,
"676b587a-74ea-4cd5-8477-d6e148dba522","Tutu","Atwell","216.0","28.2","1","WR115","WR","Miami Dolphins",,
"03546f9d-9d03-482e-8429-14785a3148ae","Nick","Westbrook-Ikhine","216.0","22.2","1","WR115","WR","Indianapolis Colts",,
"d81c6742-e847-4943-bbb0-b0c2f027197b","Oscar","Delp","216.0","30.9","1","TE48","TE","New Orleans Saints",,
"b2fddb75-fc49-47fa-8f97-47c16987d0b3","Joe","Flacco","216.0","28.7","1","QB40","QB","Cincinnati Bengals",,
"960fdfc8-cbe5-4073-981b-095185ac6213","Jamari","Thrash","216.0","0.0","1","WR118","WR","Cleveland Browns",,
"960ded9d-2af2-4af9-aa74-bd758bff30a2","Brandon","Smith","216.0","0.0","1","WR118","WR","Pittsburgh Steelers",,
"e912b101-0e7e-4690-b94e-64c95d878cda","DeMario","Douglas","216.0","75.4","1","WR120","WR","New England Patriots",,
"be6936b3-4486-409e-9b1f-b1fe61ac8656","Mack","Hollins","216.0","71.3","1","WR120","WR","New England Patriots",,
"4ceae8a3-b2b3-43a8-a143-85a92bd7f0c7","Elic","Ayomanor","216.0","46.7","1","WR120","WR","Tennessee Titans",,
"354e7ebb-c3a3-439f-bc10-8b1a3dd72403","Isaiah","Davis","216.0","36.2","1","RB87","RB","New York Jets",,
"6786f589-25a3-48c5-85e1-981f170074db","Calvin","Austin III","216.0","31.6","1","WR120","WR","New York Giants",,
"7c8b4c81-1400-48fb-9252-03a386325446","Xavier","Hutchinson","216.0","31.6","1","WR120","WR","Houston Texans",,
"c70033b4-1bc4-4056-96d9-44bf8a34c761","Trevor","Etienne","216.0","28.6","1","RB87","RB","Carolina Panthers",,
"1675f152-743d-4716-96fb-3b0f3f9ae776","Michael","Trigg","216.0","26.8","1","TE49","TE","Dallas Cowboys",,
"0a50127b-c1f3-4971-a5d2-8d75477dfcb6","KaVontae","Turpin","216.0","63.0","1","WR125","WR","Dallas Cowboys",,
"27038ab2-0b0f-493b-bea5-f3d60a13238e","Jaylin","Lane","216.0","53.0","1","WR125","WR","Washington Commanders",,
"37385f04-b5ed-49d7-a95e-e37962026807","Rasheen","Ali","216.0","32.7","1","RB89","RB","Baltimore Ravens",,
"ebef56ea-f0ce-41f7-9052-b8cd6f0839fb","Luke","Musgrave","216.0","32.1","1","TE50","TE","Green Bay Packers",,
"718bc7ae-19a0-4c88-966a-7fa427d74f80","Tez","Johnson","216.0","31.4","1","WR125","WR","Tampa Bay Buccaneers",,
"05111159-997b-4c58-ba40-28b0ad4c43a0","John","Metchie III","216.0","30.0","1","WR125","WR","Carolina Panthers",,
"f2e65eea-6a02-4ddd-8fb9-22335d2ef6c9","Treylon","Burks","216.0","28.8","1","WR125","WR","Washington Commanders",,
"53829865-24b1-46a2-b2dd-6f5f11525c29","Trey","Benson","216.0","27.7","1","RB89","RB","Arizona Cardinals",,
"82f090d9-28cc-44f1-8bb7-ee811a15a69b","Dont'e","Thornton","216.0","24.4","1","WR125","WR","Las Vegas Raiders",,
"a2d0203d-8212-4c70-9e3e-35b88806289a","Kalif","Raymond","216.0","23.2","1","WR125","WR","Chicago Bears",,
"f770230f-8a0d-4c00-bebf-9acdef99b5eb","Marquez","Valdes-Scantling","216.0","22.9","1","WR125","WR","Dallas Cowboys",,
"68addb2a-fac7-4bd1-a1ea-ef8540bdad20","Audric","Estime","216.0","21.1","1","RB89","RB","New Orleans Saints",,
"1bb687a6-345c-43dd-b5a8-ba321c3b85fb","Isaac","Guerendo","216.0","20.2","1","RB89","RB","San Francisco 49ers",,
"8a32c078-c27e-4bd9-82fb-074246dd6d1c","Jameis","Winston","216.0","12.9","1","QB41","QB","New York Giants",,
"c1eab1b4-4926-4ef0-a7f7-336adf1a7213","Savion","Williams","216.0","10.6","1","WR125","WR","Green Bay Packers",,
"9650515c-dc91-4541-b4f5-27b68c7b1d8a","Tyler","Kroft","216.0","0.0","1","TE50","TE",,,
"96bd9c5f-d3a2-46dc-b636-efe7e36eaba2","Zach","Wilson","216.0","0.0","1","QB41","QB","New Orleans Saints",,
"13b5b326-25f1-4b6b-bdc6-41cfbe39370f","Marvin","Mims Jr.","216.0","58.4","1","WR134","WR","Denver Broncos",,
"0f5a0d94-93aa-42f7-82d2-ad80406fd8ec","Eli","Raridon","216.0","30.7","1","TE52","TE","New England Patriots",,
"b177bd95-12fb-4215-ab35-66fee3a8aeef","Seth","McGowan","216.0","29.3","1","RB93","RB","Indianapolis Colts",,
"361c09f1-d8bc-40d1-ae6a-981323866761","Emari","Demercado","216.0","28.6","1","RB93","RB","Kansas City Chiefs",,
"883af320-0a89-4479-bc41-b6ee42f18c5d","Gardner","Minshew II","216.0","28.0","1","QB43","QB","Arizona Cardinals",,
"b55df80b-ad2f-4625-9711-9c885b8b968b","Joshua","Palmer","216.0","26.6","1","WR134","WR","Buffalo Bills",,
"60229259-6397-4318-bb76-08e44a36a06d","Tyler","Higbee","216.0","25.9","1","TE52","TE","Los Angeles Rams",,
"5b3734e8-ad0e-4c50-84ae-47e808fad2d9","George","Holani","216.0","23.2","1","RB93","RB","Seattle Seahawks",,
"94d501c2-0e53-4374-9a69-bf5344419403","Tahj","Brooks","216.0","22.9","1","RB93","RB","Cincinnati Bengals",,
"d0bade63-78a6-44f8-9ff2-ca53ccc3fb7b","Jahdae","Walker","216.0","21.4","1","WR134","WR","Chicago Bears",,
"66a69a23-b02b-4234-999e-53545b01d797","Trey","Lance","216.0","14.6","1","QB43","QB","Los Angeles Chargers",,
"d6d54ca5-6405-4ab5-afdf-b259aaf0d243","Jalen","Milroe","216.0","13.9","1","QB43","QB","Seattle Seahawks",,
"97ea6a7e-8e40-4d42-bcd1-6fe0caacd5d5","Ty","Simpson","216.0","13.6","1","QB43","QB","Los Angeles Rams",,
"dce4684e-171f-4223-be56-7830fb56baae","Tyson","Bagent","216.0","12.5","1","QB43","QB","Chicago Bears",,
"b298d3ff-e6a2-4d03-9b2e-156641127a56","Devontez","Walker","216.0","9.7","1","WR134","WR","Baltimore Ravens",,
"f1dad657-f78e-4693-b26a-6240f135d164","Jarquez","Hunter","216.0","8.6","1","RB93","RB","Los Angeles Rams",,
"3c717f6b-c4ce-49a6-b8be-4d34988d5704","Phil","Mafah","216.0","5.7","1","RB93","RB","Dallas Cowboys",,
"6c526ef1-f905-491f-9edc-9f38bad356c4","Erick","All","216.0","0.0","1","TE52","TE","Cincinnati Bengals",,
"5610ce34-a9d0-4ebc-bb24-62a741965dd7","Darren","Waller","216.0","0.0","1","TE52","TE",,,
"349a26b9-4d57-4cb6-be92-5a9c7c24a468","Jeff","Caldwell","216.0","0.0","1","WR134","WR","Kansas City Chiefs",,
"d5966620-3886-47e0-ad59-feb090ff6999","Anthony","Richardson","216.0","36.5","1","QB48","QB","Indianapolis Colts",,
"488aa8e3-2a00-4a4c-80ed-af9000aae6a1","Konata","Mumpfield","216.0","33.7","1","WR139","WR","Los Angeles Rams",,
"e17fc6c8-9028-4883-ab6c-dd117a903a54","Xavier","Legette","216.0","32.1","1","WR139","WR","Carolina Panthers",,
"c5a92f7d-d8b2-4503-8317-47a356917723","Cyrus","Allen","216.0","30.2","1","WR139","WR","Kansas City Chiefs",,
"973807e4-3793-4dbc-8e12-c6ede2803b22","Isaiah","Bond","216.0","29.4","1","WR139","WR","Cleveland Browns",,
"917880c6-89f1-4b84-b732-03eb9136f25f","Will","Shipley","216.0","28.8","1","RB99","RB","Philadelphia Eagles",,
"47e48021-76c7-4081-a215-daf61321a259","Kevin","Coleman","216.0","26.4","1","WR139","WR","Miami Dolphins",,
"aea01bcf-87ea-4e71-ae62-b9e56dc31937","Austin","Hooper","216.0","26.2","1","TE56","TE","Atlanta Falcons",,
"6a8f9578-2b6a-4754-bf21-993706eb46dc","Colbie","Young","216.0","25.5","1","WR139","WR","Cincinnati Bengals",,
"42edcecf-f154-493f-b426-e442e38b74a6","Cade","Klubnik","216.0","24.0","1","QB48","QB","New York Jets",,
"c3d0d583-36f8-4dd0-affe-9af42fc69642","Greg","Dortch","216.0","22.7","1","WR139","WR","Detroit Lions",,
"7acc0cc4-87b2-4f4a-9b0e-11d8ff2b73b7","Roman","Wilson","216.0","22.3","1","WR139","WR","Pittsburgh Steelers",,
"7a233d5f-ce69-46d7-bf3a-743661c1a329","Brashard","Smith","216.0","17.9","1","RB99","RB","Kansas City Chiefs",,
"36f51baf-c7f1-4826-a640-527c2a77ebe3","Tyler","Huntley","216.0","12.7","1","QB48","QB","Baltimore Ravens",,
"20c3c567-2657-4ffc-acb9-4a194d20f07f","Spencer","Rattler","216.0","12.7","1","QB48","QB","New Orleans Saints",,
"971bff9e-d76d-4d53-aa37-835826fa052e","David","Blough","216.0","0.0","1","QB48","QB",,,
"3a07ce85-9171-4b46-b26d-aa4a1547b969","Frank","Gore","216.0","0.0","1","RB99","RB","Buffalo Bills",,
"a44cede8-779c-4501-8fee-9cfbead826e7","Ty","Montgomery","216.0","0.0","1","WR139","WR",,,
"5b8407f4-c5ff-4f69-ae18-c58c0fe92463","Taylen","Green","-","59.6","1",,"QB","Cleveland Browns",,
"8124d878-0510-4be9-aa59-4984b9218737","Theo","Wease","-","55.1","1",,"WR","Miami Dolphins",,
"9dc91887-2743-46bd-a425-2f5e34755d4f","Will","Kacmarek","-","49.1","1",,"TE","Miami Dolphins",,
"4d62b695-99b6-42ed-8f4c-2d13a63872a0","Josh","Cameron","-","49.1","1",,"WR","Jacksonville Jaguars",,
"f5c98f7e-8f40-4c77-a110-38921e26a077","Noah","Gray","-","47.1","1",,"TE","Kansas City Chiefs",,
"4602d7b9-c77e-4e3b-a4e3-b76536bf75e7","Joe","Royer","-","46.3","1",,"TE","Cleveland Browns",,
"40ff935d-a944-4dea-adf5-cca25d950a27","Jack","Endries","-","42.8","1",,"TE","Cincinnati Bengals",,
"19e93368-d0c4-4a79-990f-af908ded5aad","Jerome","Ford","-","33.2","1",,"RB","Washington Commanders",,
"d4e1ec41-5dd0-49cd-9b64-9481859a0c01","Elijah","Higgins","-","32.9","1",,"TE","Arizona Cardinals",,
"cd4bc9a0-0d01-4444-bc1b-07c98b02074d","CJ","Daniels","-","31.8","1",,"WR","Los Angeles Rams",,
"1f89c9b4-d4f6-4687-9869-b7e893ae7013","Charlie","Kolar","-","30.4","1",,"TE","Los Angeles Chargers",,
"a2cbb9df-6a55-412f-a1f2-eca703fe5371","Derek","Carr","-","29.2","1",,"QB",,,
"365e0c06-e21c-4432-9e69-d1a9b7230ffb","Noah","Fant","-","29.1","1",,"TE","New Orleans Saints",,
"04e8dee8-1a82-411c-91b3-824d56b58a56","KeAndre","Lambert-Smith","-","29.0","1",,"WR","Los Angeles Chargers",,
"48e0408b-dbc5-4bc4-b4e2-5f3815afb1d6","J'Mari","Taylor","-","28.2","1",,"RB","Jacksonville Jaguars",,
"346b1944-c935-45ee-9d09-e43a4c424217","Isaiah","Williams","-","27.3","1",,"WR","New York Jets",,
"75deee1c-072f-4998-94d7-e33536aa5894","Van","Jefferson","-","27.2","1",,"WR","Washington Commanders",,
"9b10e8a3-6604-4752-aa00-8b9b74d83ee3","Sam","Roush","-","26.5","1",,"TE","Chicago Bears",,
"bcbc90b7-ed40-4d6a-802c-44d81d4516c3","Cade","Stover","-","26.2","1",,"TE","Houston Texans",,
"8e2ea7cb-55ca-443b-88d8-68db74339701","Demarcus","Robinson","-","26.0","1",,"WR","San Francisco 49ers",,
"9011330e-633e-4f41-adf2-b02661273023","Tanner","Koziol","-","25.8","1",,"TE","Jacksonville Jaguars",,
"d6bf1ec2-892f-4198-8c15-fb0c45701260","Mitchell","Evans","-","25.4","1",,"TE","Carolina Panthers",,
"0df42623-dac1-4898-9ddc-3f2f037643bc","Jackson","Hawes","-","25.4","1",,"TE","Buffalo Bills",,
"fbb5f5e4-5199-4d39-91c3-fd9ec25927e7","Kevin","Austin","-","25.4","1",,"WR","New Orleans Saints",,
"d829697e-348d-4bfd-b30f-101582daffce","Matt","Hibner","-","25.3","1",,"TE","Baltimore Ravens",,
"b63937a2-cc6d-46ae-bda9-94c3d12a238b","Tommy","Tremble","-","25.3","1",,"TE","Carolina Panthers",,
"388f6c1b-0fd5-48d6-a7f1-9d94bd6c9de9","John","Bates","-","25.3","1",,"TE","Washington Commanders",,
"ac451044-a79d-42bf-8754-0b664e10baca","Efton","Chism","-","25.2","1",,"WR","New England Patriots",,
"055322fc-187a-4e6c-9b6d-4b162370f32d","Jaren","Kanak","-","25.1","1",,"TE","Tennessee Titans",,
"01ab24e6-f46f-4f62-ad8f-26659ec48198","Miles","Kitselman","-","25.1","1",,"TE","Detroit Lions",,
"bd764d4a-df75-48ce-85b7-9004016d5756","Drew","Sample","-","25.1","1",,"TE","Cincinnati Bengals",,
"c4a9fdea-9e56-40e7-b675-fffb1cf6546e","Lance","Mason","-","25.1","1",,"TE","Seattle Seahawks",,
"bbbfd747-6794-447d-869c-9040ea33eddf","Dean","Connors","-","25.0","1",,"RB","Los Angeles Rams",,
"6abc722d-ef6f-4364-9b96-419fdaf31cea","Josh","Oliver","-","24.9","1",,"TE","Minnesota Vikings",,
"7cd35073-999a-4c5b-9f48-7034e2cdc105","Ben","Sinnott","-","24.9","1",,"TE","Washington Commanders",,
"ed415d77-0aba-42a6-9400-b45f8a733ad2","Luke","Schoonmaker","-","24.9","1",,"TE","Dallas Cowboys",,
"692d1e99-7200-4cd4-aff4-16edff404b10","Aaron","Anderson","-","24.7","1",,"WR","Cleveland Browns",,
"63ef55f2-0000-4ddd-a8a8-64a95ac11fc4","Barion","Brown","-","24.6","1",,"WR","New Orleans Saints",,
"4db3afc5-ce15-4a7c-91e7-57721d427abc","Jawhar","Jordan","-","24.5","1",,"RB","Houston Texans",,
"dcbae4a6-fbc5-487c-a8bc-3dabacae5dd8","Will","Howard","-","24.5","1",,"QB","Pittsburgh Steelers",,
"7f5b3b7e-184e-4166-9615-e5fb2d182b72","Tai","Felton","-","24.2","1",,"WR","Minnesota Vikings",,
"480a4c2b-dce8-4929-b22a-de81d25fb851","Tyrell","Shavers","-","24.2","1",,"WR","Buffalo Bills",,
"30b95b5b-30ef-495c-9fd9-ff5d6896bbde","Drew","Allar","-","24.0","1",,"QB","Pittsburgh Steelers",,
"6f2589ac-b70a-4bc3-a6f0-63d2c37b9e74","Grant","Calcaterra","-","24.0","1",,"TE","Philadelphia Eagles",,
"e7d1ca82-1827-467a-a00e-eb3618a726d9","Eric","Rivers","-","23.9","1",,"WR","Tampa Bay Buccaneers",,
"28e1adb4-1030-4b5e-b583-13ccf774cc2f","Marlin","Klein","-","23.5","1",,"TE","Houston Texans",,
"b05e0e9b-cd2a-46e7-af85-ea373e62b261","Brevyn","Spann-Ford","-","23.4","1",,"TE","Dallas Cowboys",,
"32ef0062-b07a-493e-8f14-c1c6b7406905","Desmond","Reid","-","23.3","1",,"RB","Buffalo Bills",,
"0c9c1ab9-1125-4610-85ac-de07833df279","John Michael","Gyllenborg","-","22.9","1",,"TE","Kansas City Chiefs",,
"ab23ac8b-27ab-45a3-a5dc-5dc7e3836bfd","Jimmy","Horn","-","22.9","1",,"WR","Carolina Panthers",,
"faddd8bc-cc25-409b-beee-8174feb8e74e","Deion","Burks","-","22.6","1",,"WR","Indianapolis Colts",,
"25aa7756-2886-403f-beae-f1a022613d80","David","Sills","-","22.4","1",,"WR","Tampa Bay Buccaneers",,
"4cb86ea3-ed02-4a08-ae17-f401c21a5287","Josh","Cuevas","-","22.3","1",,"TE","Baltimore Ravens",,
"dedb2758-49e3-492a-92b8-372bfa089685","Adam","Trautman","-","22.3","1",,"TE","Denver Broncos",,
"cb563195-7d3b-4213-837c-b671f0377433","Nate","Boerkircher","-","21.9","1",,"TE","Jacksonville Jaguars",,
"c2917f92-ae83-4688-ae95-1f11f5e77641","Brock","Wright","-","21.8","1",,"TE","Detroit Lions",,
"9b2a1f18-e51c-4299-a094-37dfd8aa928d","Xavier","Smith","-","20.6","1",,"WR","Los Angeles Rams",,
"5d9575b6-9ccc-4fa4-ad66-8a20b1184724","Dameon","Pierce","-","20.3","1",,"RB","Philadelphia Eagles",,
"35c45ed4-0e2b-4e71-9f21-b61510feac52","Lil'Jordan","Humphrey","-","20.0","1",,"WR","Denver Broncos",,
"8b87f8fd-4298-41e3-9eb0-55b82d4f2df1","Jordan","Whittington","-","19.3","1",,"WR","Los Angeles Rams",,
"f5b94be6-5ac3-495c-b1c9-0af0fba73587","Jam","Miller","-","18.9","1",,"RB","New England Patriots",,
"bb85f8f8-0967-4cc8-ab4d-da31ac1de316","Tyler","Badie","-","18.9","1",,"RB","Denver Broncos",,
"ed759482-5e0c-4189-9482-2afb6755d533","Kyle","Juszczyk","-","14.4","1",,"RB","San Francisco 49ers",,
"be745ec0-e123-4017-8bbe-b5c609187ed5","Marcus","Mariota","-","13.1","1",,"QB","Washington Commanders",,
"d938fc6a-da3e-4555-9011-6d75ea916179","Tyrod","Taylor","-","12.9","1",,"QB","Green Bay Packers",,
"1bce1db3-80a0-4e7d-8269-26f88c0e7832","Will","Levis","-","12.7","1",,"QB","Tennessee Titans",,
"99612a4c-3ae9-410b-b7e7-886289bba084","Connor","Heyward","-","12.7","1",,"TE","Las Vegas Raiders",,
"83e6d169-34e9-472c-9f2b-28c2ce4b0aff","Diego","Pavia","-","12.5","1",,"QB","Baltimore Ravens",,
"474b69e8-32c1-4a79-b443-bbc2da435fc4","Carson","Wentz","-","12.4","1",,"QB","Minnesota Vikings",,
"b658527a-8846-4932-9c08-a7bbca04e519","Tanner","McKee","-","12.4","1",,"QB","Philadelphia Eagles",,
"f44adeb3-adf3-4fad-9b05-9db935331af8","Quinn","Ewers","-","12.4","1",,"QB","Miami Dolphins",,
"bd34895c-ea79-4682-a126-9efb1084242b","Joe","Milton","-","12.4","1",,"QB","Dallas Cowboys",,
"30d602c3-6686-43ce-ad09-2541178fce01","Jarrett","Stidham","-","12.2","1",,"QB","Denver Broncos",,
"cd165794-f1da-4394-846f-459ed296273b","Nick","Mullens","-","12.0","1",,"QB","Jacksonville Jaguars",,
"608162ea-6fb2-47fc-80db-50ea2b59ee9c","Davis","Mills","-","12.0","1",,"QB","Houston Texans",,
"7dea5911-2b87-454b-9c5f-6cf3b7208fc3","Kyle","Allen","-","12.0","1",,"QB","Buffalo Bills",,
"4eb1bde4-a8c2-4923-aaa8-6f7195fb2ea1","Mitchell","Trubisky","-","11.9","1",,"QB","Tennessee Titans",,
"d0e3cd7d-c38c-440d-86b3-8fcae9f207ef","Dillon","Gabriel","-","11.9","1",,"QB","Cleveland Browns",,
"2bccd677-718f-46a4-b02f-91e6e33eb60a","Andy","Dalton","-","11.8","1",,"QB","Philadelphia Eagles",,
"b7fb12ab-8e8e-4c9c-9a93-b5bea3996bb8","Mason","Rudolph","-","11.7","1",,"QB","Pittsburgh Steelers",,
"48e16574-a9ba-4067-a270-54742a012d93","Teddy","Bridgewater","-","11.6","1",,"QB","Detroit Lions",,
"749445f3-458b-410d-a133-765e30f5cdb6","Tip","Reiman","-","11.4","1",,"TE","Arizona Cardinals",,
"78471597-cb67-443b-81d3-7be0c3cb6a8b","Mo","Alie-Cox","-","11.4","1",,"TE","Indianapolis Colts",,
"3d2b52f0-803a-4f57-a13d-ee10b5658dd7","Josh","Johnson","-","11.3","1",,"QB","Cincinnati Bengals",,
"fd7589d8-3888-44c4-92a5-0a0af9bf01b7","Tim","Patrick","-","10.7","1",,"WR","New York Jets",,
"5e685b2e-ce14-4cb1-b279-f5813cd251b7","Jaydn","Ott","-","9.7","1",,"RB","Kansas City Chiefs",,
"3e8df87b-0eb0-4fbf-8ae4-94cdc124e26f","Zavier","Scott","-","9.1","1",,"RB","Minnesota Vikings",,
"e16d67a7-b570-4242-afc5-fbb13d882675","Ty","Chandler","-","9.0","1",,"RB","New Orleans Saints",,
"89d26529-054a-42da-acd9-c0940a2fab56","Davis","Allen","-","8.2","1",,"TE","Los Angeles Rams",,
"553101f0-ebf7-43f2-a274-04c5137e0292","Jeremy","McNichols","-","7.9","1",,"RB","Washington Commanders",,
"99e45d26-835a-4ee4-9fcb-b350fd0bfb2d","Luke","Farrell","-","7.6","1",,"TE","San Francisco 49ers",,
"5127af4b-8e4d-4c60-b939-8747fb8e047c","Gunner","Olszewski","-","7.6","1",,"WR","New York Giants",,
"3c0c6b68-fa64-403e-8d97-1b064643a024","Durham","Smythe","-","7.4","1",,"TE","Baltimore Ravens",,
"fac987aa-2534-441a-bfa4-6b2eef50a077","Foster","Moreau","-","7.3","1",,"TE","Houston Texans",,
"cb22f809-497c-4996-b22f-3236b7e23b1f","Luke","McCaffrey","-","7.3","1",,"WR","Washington Commanders",,
"943ac7c5-7927-4f38-baf7-4e0bb7cc5704","Isaiah","Hodgins","-","7.2","1",,"WR","New York Giants",,
"275f27f1-3197-4dd3-9df9-458119b0def6","Riley","Nowakowski","-","7.1","1",,"TE","Pittsburgh Steelers",,
"0cc96c3e-9efa-41db-8604-bc050d7f0fbc","Michael","Carter","-","6.6","1",,"RB","Tennessee Titans",,
"de7e5054-42ed-4b4b-92ca-7c65e1df2e16","Cody","White","-","6.5","1",,"WR","Seattle Seahawks",,
"c47ac849-cf20-4821-ac3d-e151fb995808","Hunter","Luepke","-","6.5","1",,"RB","Dallas Cowboys",,
"b143b17b-77b5-426c-9729-7b60ba0c72e1","Lucas","Krull","-","6.1","1",,"TE","Denver Broncos",,
"045ae7e3-01c2-4faa-951a-f3dd545cc0b0","Payne","Durham","-","6.1","1",,"TE","Tampa Bay Buccaneers",,
"9141ba79-0693-499a-af27-394b9d5eadbf","Quintin","Morris","-","6.0","1",,"TE","Jacksonville Jaguars",,
"43542791-8b11-43ba-8193-e43c442c0f92","Charlie","Woerner","-","6.0","1",,"TE","Atlanta Falcons",,
"dd02e89c-c4ff-48f2-852f-588461dca2d2","Seydou","Traore","-","6.0","1",,"TE","Miami Dolphins",,
"1a43085b-24c7-4f10-a772-7f9f04932eff","Malachi","Corley","-","5.8","1",,"WR","Cleveland Browns",,
"cb60661a-ba2c-4ef8-850e-23ae6a9c6de3","Jaleel","McLaughlin","-","5.8","1",,"RB","Denver Broncos",,
"2c3fff93-b540-4715-8a35-68cefda84402","Xavier","Weaver","-","5.6","1",,"WR","Arizona Cardinals",,
"eb399f3c-76d9-4ab8-b989-727bef4c508e","Arian","Smith","-","5.6","1",,"WR","New York Jets",,
"363c7197-c25a-4a15-9311-425ab62fb743","Ronnie","Rivers","-","5.6","1",,"RB","Los Angeles Rams",,
"adc93f28-2b89-476e-9cd1-a05f9a6b6e50","Jack","Stoll","-","5.5","1",,"TE","Cleveland Browns",,
"02cc119a-5259-4528-befa-dbea56335059","Devin","Culp","-","5.3","1",,"TE","Tampa Bay Buccaneers",,
"ddead3c6-573b-4cec-8fc5-7303cc873ada","Jack","Velling","-","5.3","1",,"TE","Atlanta Falcons",,
"6fea441d-9fa2-4fe3-9b97-471bcc44a54d","Darius","Cooper","-","5.2","1",,"WR","Philadelphia Eagles",,
"83e1b236-af81-4a84-8cc2-b80be7a24b24","Chase","Roberts","-","5.1","1",,"WR","Las Vegas Raiders",,
"29ca980c-ce4a-4cf0-a3ba-1b10051824bd","Reggie","Virgil","-","5.1","1",,"WR","Arizona Cardinals",,
"501180ec-3093-42e0-b9db-d8822efce3b0","Trebor","Pena","-","5.1","1",,"WR","Jacksonville Jaguars",,
"19bba252-3f0d-4063-8126-6466ea53193c","Dane","Key","-","5.1","1",,"WR","Denver Broncos",,
"0dd294ba-4d3c-4e1d-b1a4-75c8781ab30d","Cedric","Tillman","-","5.1","1",,"WR","Cleveland Browns",,
"dd5601c2-b2b4-403c-be17-34e76bafd3a2","Noah","Thomas","-","5.1","1",,"WR","Cincinnati Bengals",,
"4dbeab30-521b-44a3-9e32-10ae0a2a6ba8","Tyler","Johnson","-","5.0","1",,"WR","Dallas Cowboys",,
"1f55105e-e272-484c-92cb-586dca038017","Jalen","Brooks","-","5.0","1",,"WR","Arizona Cardinals",,
"205c7b0b-e1f1-4e91-b0e4-0d149d411a66","Josh","Whyle","-","4.7","1",,"TE","Green Bay Packers",,
"a486ab24-b3bc-4fb2-877c-859637439db6","Kalel","Mullings","-","4.6","1",,"RB","Tennessee Titans",,
"06cebfd8-b528-4e85-8bbb-295443ada4fc","Kendre","Miller","-","4.6","1",,"RB","New Orleans Saints",,
"299f4486-55e6-433f-aaf3-45bb135d5ffb","Julius","Chestnut","-","4.6","1",,"RB","Tennessee Titans",,
"3cbcc9ab-ce4b-40f2-933d-4c98b80a0030","Tanner","Hudson","-","4.3","1",,"TE","Cincinnati Bengals",,
"10465276-4933-48fe-b213-0aa1570d2900","Eric","Saubert","-","4.2","1",,"TE","Seattle Seahawks",,
"c00425c7-c783-49b4-a3dd-155b3b3b6435","Stone","Smartt","-","4.2","1",,"TE","Philadelphia Eagles",,
"527c9c88-371c-4d26-8bf4-a8e8d2a8e258","Kenny","McIntosh","-","4.2","1",,"RB","Seattle Seahawks",,
"5e05baab-4a71-49f6-895d-8e4b9788e272","Nate","Adkins","-","4.2","1",,"TE","Denver Broncos",,
"0e389e7c-264e-4cfe-ad40-c5d0f292b22d","Brevin","Jordan","-","4.1","1",,"TE","Houston Texans",,
"7eefe65b-0644-4294-ac0d-5b0efbd2f4b7","Dylan","Laube","-","4.1","1",,"RB","Las Vegas Raiders",,
"a9b8fd8b-c1cd-4bdf-a68d-41023558db5e","Julian","Hill","-","4.1","1",,"TE","New England Patriots",,
"6998d5f2-61e7-428d-9ce7-623207f54577","Drew","Ogletree","-","3.9","1",,"TE","Indianapolis Colts",,
"d2062c80-f236-4125-ad5f-2d727c44f014","Dyami","Brown","-","3.9","1",,"WR","Washington Commanders",,
"1db92c55-1dfc-4c56-aaaa-4366f9dbe6c2","Ameer","Abdullah","-","3.8","1",,"RB","Jacksonville Jaguars",,
"95695759-06ed-4de3-8b94-9f927443d73a","Tyler","Goodson","-","3.8","1",,"RB","Atlanta Falcons",,
"487d48de-8dab-4d62-a74f-b5ffc330c703","Xavier","Restrepo","-","3.8","1",,"WR","Tennessee Titans",,
"3d5f8b6a-59da-41fc-b8e1-a4c7282f74f8","Raheim","Sanders","-","3.7","1",,"RB","Cleveland Browns",,
"df4189d5-f8bf-4411-868c-f17b576624b6","Dareke","Young","-","3.6","1",,"WR","Las Vegas Raiders",,
"4e46d6b7-9aa6-493b-8747-e345d5d9c434","Blake","Whiteheart","-","3.4","1",,"TE","Cleveland Browns",,
"5fb8386b-a60f-42be-8133-c436351aeaa4","Kendrick","Law","-","3.3","1",,"WR","Detroit Lions",,
"e6b4b875-93bb-4a07-8355-de671fd30315","Jake","Bobo","-","3.2","1",,"WR","Seattle Seahawks",,
"89d94e33-08a3-4283-8bb9-fbfc795060de","Kaden","Wetjen","-","3.2","1",,"WR","Pittsburgh Steelers",,
"a6ad5333-9330-4aae-ae88-9469143e3c64","Ricky","White","-","3.2","1",,"WR","Seattle Seahawks",,
"c2c2b417-6084-43f3-ab63-839d476df011","Tylan","Wallace","-","3.2","1",,"WR","Cleveland Browns",,
"744cda1b-970e-41ce-ab52-3d6a909ba185","Ian","Thomas","-","3.0","1",,"TE","Las Vegas Raiders",,
"4d43307f-3034-45b3-8372-d9d45bec08e1","Sione","Vaki","-","3.0","1",,"RB","Detroit Lions",,
"5c5aa620-a0f4-4c22-a1e7-5b8c8e3bacdb","Ben","Yurosek","-","3.0","1",,"TE","Minnesota Vikings",,
"c5b97606-1015-4fd2-ba44-b3c7dd58244d","Cameron","Latu","-","3.0","1",,"TE","Philadelphia Eagles",,
"323936d6-803e-4fd5-a4d9-373d924aab2c","Harrison","Bryant","-","3.0","1",,"TE","Seattle Seahawks",,
"89764b03-1adb-4251-bae9-c7072cb131dc","Kylen","Granson","-","3.0","1",,"TE","Tennessee Titans",,
"45bb2f14-4004-44bd-abb2-d5f154f33fd2","Trent","Sherfield","-","2.9","1",,"WR","Buffalo Bills",,
"f260ed77-bac6-4c7e-a8f5-aaa1aac8bda6","Anthony","Gould","-","2.7","1",,"WR","Indianapolis Colts",,
"be13ed42-ab3d-412d-8235-3fdd5dc23def","LaJohntay","Wester","-","2.5","1",,"WR","Baltimore Ravens",,
"e6af8f32-b5f4-415a-9ef8-711f073af7fb","Skyy","Moore","-","2.5","1",,"WR","Green Bay Packers",,
"91908419-dda6-4bba-9c91-0448fce16a70","Ashton","Dulin","-","2.5","1",,"WR","Indianapolis Colts",,
"9360f577-1068-4e81-b34a-39708a9a2ba2","Donovan","Edwards","-","2.1","1",,"RB","Miami Dolphins",,
"bf2b1e8f-920a-42f5-a40a-896feefed772","Damien","Martinez","-","2.1","1",,"RB","Green Bay Packers",,
"e60192e0-90d7-496c-b59c-aa2b933f07ba","Jordan","Watkins","-","1.9","1",,"WR","San Francisco 49ers",,
"b9c4c5c5-3532-4da5-8072-896690b53250","Shane","Zylstra","-","1.8","1",,"TE","Buffalo Bills",,
"cd57d65c-16f1-482e-963f-2b01408743f9","Chris","Manhertz","-","1.8","1",,"TE","New York Giants",,
"7bb9cd0c-e1c2-44fc-9658-0b46081f7422","Ko","Kieft","-","1.8","1",,"TE","Tampa Bay Buccaneers",,
"60f8a51f-9d7c-4408-a853-184ebf092347","Feleipe","Franks","-","1.4","1",,"TE","Carolina Panthers",,
"c1a6d592-b500-41dc-b6b0-939ea0eb6eae","David","Moore","-","1.3","1",,"WR","Carolina Panthers",,
"40a5d797-111c-4720-a263-0650dc40a9c8","Tyler","Conklin","-","1.2","1",,"TE","Detroit Lions",,
"eb1e9822-29c1-4e49-a17e-e5091f300386","Jacob","Cowing","-","1.2","1",,"WR","San Francisco 49ers",,
"5204df45-51ab-49a3-9d08-bb8b8aa5a7f5","Derius","Davis","-","1.1","1",,"WR","Los Angeles Chargers",,
"ed7ed437-a3ca-4a97-8451-781b88197dc8","Ben","Skowronek","-","0.6","1",,"WR","Pittsburgh Steelers",,
"66925a26-545a-42f7-84be-ca4d54610662","Devin","Duvernay","-","0.6","1",,"WR","Arizona Cardinals",,
"236075d5-7483-4048-b0aa-78f78f9c21c5","Nikko","Remigio","-","0.6","1",,"WR","Kansas City Chiefs",,
"7f430ebd-4b5f-4b21-8f84-12238ec742d4","Marquise","Goodwin","-","0.0","1",,"WR",,,
"7f450683-9302-433b-8ed0-a1237c6df301","Brett","Rypien","-","0.0","1",,"QB",,,
"7f8b4157-288d-4164-8e34-ca3638506402","Clayton","Tune","-","0.0","1",,"QB",,,
"7fb2cf4a-b598-44c2-9edc-6cc2b9318cb6","James","O'Shaughnessy","-","0.0","1",,"TE",,,
"8032549a-18f3-4d07-9d68-0635e9e56939","Noah","Short","-","0.0","1",,"WR",,,
"806e6585-b5f9-4c1a-bf76-df3014383aa2","Colson","Yankoff","-","0.0","1",,"TE","Washington Commanders",,
"80df1842-e3dc-4a82-b647-4ac7ffc2269b","Penny","Hart","-","0.0","1",,"WR",,,
"8144e68d-96f5-483e-8edb-520a2459bb93","Deonte","Harty","-","0.0","1",,"WR",,,
"818349cb-0d16-4de2-92e0-789f7cd4afe9","Geoff","Swaim","-","0.0","1",,"TE",,,
"818d5e28-b3c5-4423-80d0-33661d896d51","Jerick","McKinnon","-","0.0","1",,"RB",,,
"81a3820b-b7ed-408d-be1b-7e05308b630c","Jake","Kumerow","-","0.0","1",,"WR",,,
"81a88e71-55cd-4447-8024-568d00295779","Izaiah","Gathings","-","0.0","1",,"WR",,,
"81c78385-9110-4841-8109-4a601e677abf","Damien","Williams","-","0.0","1",,"RB",,,
"823ab00a-2cbe-43b1-be34-d61354f46fab","Equanimeous","St. Brown","-","0.0","1",,"WR",,,
"8258db2a-0927-432b-bd17-c86334446fc5","Will","Mallory","-","0.0","1",,"TE","Indianapolis Colts",,
"829f8ad3-40c6-4886-accd-84535744a22d","Patrick","Ricard","-","0.0","1",,"RB","New York Giants",,
"82b5e98a-3db5-4ef5-a819-02084e15cf7f","Ethan","Garbers","-","0.0","1",,"QB",,,
"82f0589a-5b28-484a-a388-461617c93e8c","Trenton","Irwin","-","0.0","1",,"WR",,,
"842a1d22-d1d9-4483-94ed-88f001b3c12d","Johnny","Mundt","-","0.0","1",,"TE","Philadelphia Eagles",,
"84f7aa09-4338-4803-81c3-3fdc5c5a56c5","Elijah","Mitchell","-","0.0","1",,"RB",,,
"853cc82a-e732-41a2-92de-1cedd13ddd81","Antoine","Green","-","0.0","1",,"WR",,,
"85c792ed-9e8b-43a7-be4d-db7e25485b7b","J. Michael","Sturdivant","-","0.0","1",,"WR","Green Bay Packers",,
"86033c34-bf71-4c0a-ab1e-757d84874ad8","Cody","Latimer","-","0.0","1",,"WR",,,
"86bbcb0a-a258-4e03-8201-14ce7a6f4072","Zach","Gentry","-","0.0","1",,"TE",,,
"86d36221-7972-4877-995c-3cf97d652cc3","Nikola","Kalinic","-","0.0","1",,"TE","Chicago Bears",,
"8764e5d7-fd68-4846-9637-0bdd99447087","Mecole","Hardman Jr.","-","0.0","1",,"WR","Buffalo Bills",,
"877a8991-d5c2-4677-b5f3-698238a45905","Shaquan","Davis","-","0.0","1",,"WR",,,
"878aefa7-6d83-4621-8e5e-dd7431343339","Irv","Smith Jr.","-","0.0","1",,"TE",,,
"87f19b17-7e4b-4f98-97ef-10478a5a5e36","Dylan","Parham","-","0.0","1",,"TE",,,
"880998ba-3612-4c3e-a1c1-3708482ef0a3","O.J.","Howard","-","0.0","1",,"TE",,,
"8812ff2f-ec04-44d9-bbc6-0fc9f31e3d33","Dayton","Wade","-","0.0","1",,"WR","Baltimore Ravens",,
"0a4d3702-f3aa-402a-85c3-d82314a68588","Jesse","Matthews","-","0.0","1",,"WR",,,
"888b8949-5979-4b2c-bccf-602a5e531086","Sean","Mannion","-","0.0","1",,"QB",,,
"889b5c34-5902-409b-9088-2de6c7bfc2cc","Malik","Turner","-","0.0","1",,"WR","San Francisco 49ers",,
"88c3ce2d-9d46-4226-ad58-889c23dad932","Mason","Kinsey","-","0.0","1",,"WR","Tennessee Titans",,
"0a261d4f-81be-4093-9f52-4fa91c1c4b41","Tyler","Davis","-","0.0","1",,"TE",,,
"09ef95b5-25a2-4fd8-b2c6-f483ac67c7f1","Ross","Dwelley","-","0.0","1",,"TE",,,
"890e74d7-07d8-4da4-bcd9-65e3422fe936","Brevin","Easton","-","0.0","1",,"WR",,,
"89de478f-f509-48ca-9f24-e84ef76944b6","Elijah","Dotson","-","0.0","1",,"RB",,,
"89fec564-2cbe-4a88-af8a-cb02678b0459","Brian","Hoyer","-","0.0","1",,"QB",,,
"8a0dbfb4-01d0-4826-94d2-2581e9e17fad","Marcell","Ateman","-","0.0","1",,"WR",,,
"8a962214-6ae1-4e63-b41f-32be6ee2eba5","Dorian","Thompson-Robinson","-","0.0","1",,"QB",,,
"8aa3d730-23d6-4a68-aa75-7519a67a1de2","Terrell","Bynum","-","0.0","1",,"WR",,,
"8add4949-bb0a-4b8e-aa55-8cdef08ae8a4","Emani","Bailey","-","0.0","1",,"RB",,,
"09512e66-958f-49c4-b463-1cc51079b277","Cam","Grandy","-","0.0","1",,"TE","Cincinnati Bengals",,
"8b5cf915-7c74-4b58-835d-1332ee5a5615","Ryan","Tannehill","-","0.0","1",,"QB",,,
"09456ee8-c8c8-4d8c-a077-0ad9e026eab1","Sean","Clifford","-","0.0","1",,"QB","Cincinnati Bengals",,
"8c5e14fd-5bc1-4965-9cae-821d80d3b934","Jalen","Guyton","-","0.0","1",,"WR",,,
"8cb28cd7-6906-4bef-bcbe-e16cdfd32276","Josiah","Deguara","-","0.0","1",,"TE",,,
"8ceb6f01-967d-4183-a60a-1c1ae3de5a1f","Sammis","Reyes","-","0.0","1",,"TE",,,
"8d2423f4-b568-4024-8402-deb96f6414aa","Dominic","Richardson","-","0.0","1",,"RB","Dallas Cowboys",,
"8d7ce722-01ac-4585-bce9-e29bbbebb4a9","Noah","Cain","-","0.0","1",,"RB",,,
"8da3a861-ae5d-48c1-bf2d-dc801138f9a0","Byron","Pringle","-","0.0","1",,"WR",,,
"8dab69db-7a00-45a2-9253-97ce3bc745e5","Rocky","Lombardi","-","0.0","1",,"QB",,,
"8dc3f41a-0de3-46d8-8fa8-dc411507dc4c","Kyle","McCord","-","0.0","1",,"QB","Green Bay Packers",,
"8e58b35b-2e80-4002-b2b2-ab98ad8a9601","Eric","Tomlinson","-","0.0","1",,"TE",,,
"8ea20826-c3e4-4b91-80bb-eed73e9d00c1","Albert","Okwuegbunam","-","0.0","1",,"TE","Las Vegas Raiders",,
"8eacbd44-6ec8-4ae0-bcf5-a6afb9379d7a","Trey","Palmer","-","0.0","1",,"WR","New Orleans Saints",,
"8edfb25d-3a6b-4643-889c-b86a3b0a858b","Kevin","Harris","-","0.0","1",,"RB",,,
"8f047249-c438-450d-b693-c14ab5f85f74","Eno","Benjamin","-","0.0","1",,"RB",,,
"8f182200-914c-4438-b6ec-6cc28ccc11cd","DeVante","Parker","-","0.0","1",,"WR",,,
"8f598561-6f2f-4a92-bb7a-644cb892bd0d","Zack","Annexstad","-","0.0","1",,"QB",,,
"8f59ed9b-e934-45fb-b3a1-3b86b5b66dbb","Tre'","McKitty","-","0.0","1",,"TE",,,
"8f83d366-7827-4dfc-8845-19b7b4bcead5","Alfonzo","Graham","-","0.0","1",,"RB",,,
"8f883184-3897-4ca7-896b-92b681ff8f77","Dylan","Drummond","-","0.0","1",,"WR","Atlanta Falcons",,
"8fcb5592-7d71-4def-bacc-9a453080d382","Juwann","Winfree","-","0.0","1",,"WR",,,
"906bdad9-cf18-4cc6-9362-a3666571fa1b","Aidan","O'Connell","-","0.0","1",,"QB","Las Vegas Raiders",,
"90882687-dbe4-4d44-9a6c-72c7c215bdc3","Nathan","Peterman","-","0.0","1",,"QB",,,
"9089cab8-5c2c-48c5-8530-b0cc4e4944a6","Sawyer","Robertson","-","0.0","1",,"QB",,,
"90bb03ba-c9b7-4043-a73f-b31c5f312fbe","Jordan","Matthews","-","0.0","1",,"TE",,,
"91378cd9-1395-4d6b-b7cf-906801b75852","Jake","Haener","-","0.0","1",,"QB",,,
"9137d4fe-4118-4a35-bb78-eacf15d43b8c","Adam","Shaheen","-","0.0","1",,"TE",,,
"918ddb26-4397-4e47-8523-afacab736e69","La'Mical","Perine","-","0.0","1",,"RB",,,
"918dde61-90ec-4c55-a6b1-b54e4cb972b6","Dai'Jean","Dixon","-","0.0","1",,"WR",,,
"919e096b-171e-489c-aff5-4df5ffd7a05d","Dean","Conners","-","0.0","1",,"RB",,,
"91b83f39-c6be-48ac-b671-5d955bf62236","Kellen","Mond","-","0.0","1",,"QB",,,
"9213e0d1-6fff-44ca-b350-8a97631e70ce","Frank","Darby","-","0.0","1",,"WR",,,
"9214f759-521e-4c65-807d-7a1dea582b7b","Chris","Moore","-","0.0","1",,"WR",,,
"92559afa-460c-41ee-8bee-55796ac00657","Jalen","Richard","-","0.0","1",,"RB",,,
"92c8c395-f5be-440a-9ed2-4513330e9449","Dominic","Lovett","-","0.0","1",,"WR","Detroit Lions",,
"9322b509-1725-43c1-8e40-d29a10f074f1","Zay","Jones","-","0.0","1",,"WR",,,
"932807fc-6d74-4db7-a78b-e14d164ccb5c","Jalen","Camp","-","0.0","1",,"WR",,,
"937ab844-3984-4f32-bef7-138873b6cf5d","Monaray","Baldwin","-","0.0","1",,"WR",,,
"939fcf4f-70b5-49df-9760-4d40ff3672b1","Kedon","Slovis","-","0.0","1",,"QB","Arizona Cardinals",,
"93aaa1f4-1dc0-40c0-8669-c267d04b7a37","Eric","McAlister","-","0.0","1",,"WR",,,
"08ea99d1-9a4d-4ba2-9781-b744160a6149","Dax","Milne","-","0.0","1",,"WR",,,
"945f13d9-448f-4742-a7a9-a587bcdc3600","Deshaun","Fenwick","-","0.0","1",,"RB",,,
"947a2af8-8f95-438a-8ccb-0130a96dba30","Gregory","Desrosiers","-","0.0","1",,"RB","Los Angeles Chargers",,
"08992441-55bc-484a-b1ea-6c5807389a5b","Kaden","Davis","-","0.0","1",,"WR",,,
"08324cf9-b9fa-4e73-b457-08763513e20f","Daewood","Davis","-","0.0","1",,"WR",,,
"95329052-1b95-4a64-8fe9-5e6427168679","Jordan","Hudson","-","0.0","1",,"WR","Dallas Cowboys",,
"9547470d-ed0c-4189-8f44-96fae936efdd","Michael","Strachan","-","0.0","1",,"WR",,,
"95c156ed-452d-4cbf-b9b9-d6c5ded8286e","Dare","Ogunbowale","-","0.0","1",,"RB",,,
"9664d843-acd8-4b41-b338-c3c12f436062","Tommy","Sweeney","-","0.0","1",,"TE",,,
"96877388-337c-45c7-b353-5e835d0280e5","Myles","Gaskin","-","0.0","1",,"RB",,,
"969e3b7f-7dc2-4294-a698-670d504d309a","Khalil","Dinkins","-","0.0","1",,"TE","San Francisco 49ers",,
"07fecaa9-6b8a-46f0-bfe5-4ea818e8e4c6","Qadree","Ollison","-","0.0","1",,"RB",,,
"976a1a66-5d1a-47f7-b9a8-6e7f8ad1232a","Chris","Carson","-","0.0","1",,"RB",,,
"9772b08b-0c7e-4c58-9a72-90100c5fb4e0","Jakobie","Keeney-James","-","0.0","1",,"WR","Green Bay Packers",,
"97ac3a0a-c7fc-47b9-a1b8-575883a89f3c","Gary","Brightwell","-","0.0","1",,"RB","Cincinnati Bengals",,
"97d9573b-7035-4344-8071-14d8d664fcd8","Parris","Campbell","-","0.0","1",,"WR","Dallas Cowboys",,
"97ecc4d2-96b8-4e38-a6b1-bda277d6bb56","Derek","Parish","-","0.0","1",,"TE",,,
"985f5e4d-4c86-4a96-9955-39ad2c8e6e95","Kenny","Pickett","-","0.0","1",,"QB","Carolina Panthers",,
"987b8e17-28f1-49e7-8046-b84ea070543b","Daijun","Edwards","-","0.0","1",,"RB",,,
"9897200a-85a4-4e73-b976-70e70c173c77","Sam","Ehlinger","-","0.0","1",,"QB","Denver Broncos",,
"98d6c212-f7c4-4f03-ab31-50c893be423e","Ricky","Person","-","0.0","1",,"RB",,,
"99346db3-a63a-4877-a82b-af36f7e156bd","Jack","Colletto","-","0.0","1",,"RB",,,
"996435b9-6f8d-46fe-a2c4-9ea23b975266","Squirrel","White","-","0.0","1",,"WR",,,
"998463e7-f32e-42fa-868a-010ba05441df","Malik","Heath","-","0.0","1",,"WR",,,
"99a4b909-3730-48ed-9702-7f1eed1a1d2c","David","Martin-Robinson","-","0.0","1",,"TE","Tennessee Titans",,
"99fd93a5-caf6-4dca-a1e4-a7885e3b99ba","Jack","Doyle","-","0.0","1",,"TE",,,
"07e81dc8-434d-4569-8a6b-b4b97a5b463f","Alex","Erickson","-","0.0","1",,"WR",,,
"9a6bf303-d7e5-4228-b45e-b4e333afbc3f","Jacob","Saylors","-","0.0","1",,"RB","Detroit Lions",,
"9a7e8077-e45a-4776-9832-63e09207c78c","Ethan","Fernea","-","0.0","1",,"WR",,,
"9aead633-756d-48ca-87e1-714cd693c211","Keilan","Robinson","-","0.0","1",,"RB",,,
"9afd64a8-90d0-4fa0-b8da-1252a1ef0657","Robert","Lewis","-","0.0","1",,"WR",,,
"9b139ad1-a9f2-4811-b069-801284fc0258","Ben","Mason","-","0.0","1",,"RB",,,
"9b2ef257-8361-4f6e-86d1-ecceee5d26bc","Corey","Clement","-","0.0","1",,"RB",,,
"9b51e46b-d384-4fc8-90c2-fa5b06b0d68f","Zakhari","Franklin","-","0.0","1",,"WR",,,
"9b636228-438c-4db4-a9b8-975c9676607a","Deon","Cain","-","0.0","1",,"WR",,,
"9b6c99a9-e012-4071-8d0f-5b76c0370eb2","Austin","Jones","-","0.0","1",,"RB",,,
"9b7374a3-9b9b-4bcd-b01a-df478c27e957","Devin","Asiasi","-","0.0","1",,"TE",,,
"9b95bbf1-18f3-48ad-a87c-6e7b5fa8a3fc","Dede","Westbrook","-","0.0","1",,"WR",,,
"9c376ae5-0d57-4845-a5f4-f028c6a6f898","Trey","Burton","-","0.0","1",,"TE",,,
"9c472e94-fb36-4559-896a-8fdef81c8eaf","Sam","Scott","-","0.0","1",,"RB","New York Jets",,
"9c678c7f-4bba-484a-b2b8-2affe3ca2f50","Ellis","Merriweather","-","0.0","1",,"RB",,,
"9ca5c4f7-f346-4b52-8425-7a194c7e03c5","Brandon","Dillon","-","0.0","1",,"TE",,,
"9d249168-6147-4be5-9171-02fe41cef765","Jalin","Hyatt","-","0.0","1",,"WR","New York Giants",,
"9d6bc577-f548-44b4-8639-799542995e24","Sam","Hartman","-","0.0","1",,"QB","Washington Commanders",,
"9df665a3-3f2f-4c6b-afd4-0abb54facf4c","Eli","Pancol","-","0.0","1",,"WR","Indianapolis Colts",,
"9e4413bb-a381-46af-b93a-3a8e3064c2a1","Andre","Baccellia","-","0.0","1",,"WR",,,
"9e6e913d-c170-4d86-a247-6ffb778f7eed","Trey","Knox","-","0.0","1",,"TE",,,
"9e9035b7-4462-437e-974d-cc07ed5390db","Tanner","Conner","-","0.0","1",,"TE","New York Giants",,
"9f2cbb22-7453-4ec4-9073-f9cb9169ae3b","Sam","Pitz","-","0.0","1",,"TE",,,
"9f6596bb-214d-4c79-b28f-d03bdc9e3a7a","Julio","Jones","-","0.0","1",,"WR",,,
"9fc3ca02-6e6c-41a3-ad3f-57f742744e13","Amari","Rodgers","-","0.0","1",,"WR",,,
"9fcb63c6-a616-4d63-9e2e-b91bd82499da","Xavier","Guillory","-","0.0","1",,"WR","Baltimore Ravens",,
"0789e5eb-6808-4596-81fe-b0b4fe4bea6c","Ayir","Asante","-","0.0","1",,"WR",,,
"a0069fd3-18ac-4cd8-81e7-4123699ab5a5","Miller","Moss","-","0.0","1",,"QB","Chicago Bears",,
"072b1d11-3e0d-47b9-b96c-2d292a91859d","Cody","Hardy","-","0.0","1",,"TE","New Orleans Saints",,
"a0a7c16d-7dd8-476d-b334-ad763c153229","Britain","Covey","-","0.0","1",,"WR","Philadelphia Eagles",,
"a0c54bf6-a3b2-44be-a094-3d500705b3b7","Devin","Leary","-","0.0","1",,"QB",,,
"a0db100d-81bb-4f63-8e8e-e6e72fc6fa28","Leroy","Watson","-","0.0","1",,"TE",,,
"a15e6928-f06a-4540-953b-62afe716326b","Carter","Bradley","-","0.0","1",,"QB","Jacksonville Jaguars",,
"a16e0801-0537-4e38-b312-8d4de45ff809","Austin","Reed","-","0.0","1",,"QB",,,
"a1ae5c36-9dde-4cb3-a40c-6680cc478ea0","Hank","Beatty","-","0.0","1",,"WR","Tennessee Titans",,
"a1e8e429-22bf-4fcd-8e01-52a4dc905816","Racey","McMath","-","0.0","1",,"WR",,,
"a1ff0975-6ce0-440e-afec-8aab931e9078","Dontrell","Hilliard","-","0.0","1",,"RB",,,
"a22153b2-5363-41b0-8d27-024b2d7afc42","Rodney","Adams","-","0.0","1",,"WR",,,
"a26cab81-6302-4aa6-a17c-47bac9c581bb","Tulu","Griffin","-","0.0","1",,"WR",,,
"a286f1bd-642d-4fb5-9824-9027f71ac404","Xavier","Grimble","-","0.0","1",,"TE",,,
"a29a12f7-2c82-4eb9-9d05-1cc9109f0a85","Teagan","Quitoriano","-","0.0","1",,"TE","Arizona Cardinals",,
"a2c98dda-1a93-4523-8bd2-1d9d5f6f5f49","Haynes","King","-","0.0","1",,"QB","Carolina Panthers",,
"a2d278a0-73cb-4d40-a5d7-a14483324840","Jalen","Wydermyer","-","0.0","1",,"TE",,,
"06f26b62-4149-4b39-b843-fc4ce5e7a723","Lawrence","Cager","-","0.0","1",,"TE","Washington Commanders",,
"a30fcea0-f8a8-40a0-ac2f-69e2e54725d9","Brandin","Cooks","-","0.0","1",,"WR",,,
"a3293992-7ea7-4bdb-a07c-76188f2b3f4a","Randall","Cobb","-","0.0","1",,"WR",,,
"a33a1c32-9d00-4891-90c8-beabf39aeb7a","Isaiah","Winstead","-","0.0","1",,"WR",,,
"a34e1962-60d9-4a84-b756-77b9cc80b2fb","Jalon","Calhoun","-","0.0","1",,"WR",,,
"a356e947-607c-4d78-ad8c-65b82042a191","Tay","Martin","-","0.0","1",,"WR",,,
"a3cd97f0-c77f-4d2d-956e-f57b4a389499","Dee","Eskridge","-","0.0","1",,"WR",,,
"a450e720-3cc6-49ba-a45a-cffd2a81eabe","Deneric","Prince","-","0.0","1",,"RB",,,
"a489e2e0-8436-4b46-9536-580e52bcf5ff","Cortez","Braham","-","0.0","1",,"WR","Baltimore Ravens",,
"a4b111f9-9dc4-4b7b-9d3e-ec6d7e0e8f56","Noah","Whittington","-","0.0","1",,"RB","Houston Texans",,
"a4eaea46-6b8b-414c-84ce-7fab8d5c418f","Stevo","Klotz","-","0.0","1",,"TE",,,
"a505e06c-b56a-4ae7-9a64-d761aa85f607","Malcolm","Brown","-","0.0","1",,"RB",,,
"a54368af-0ead-4c38-b9bb-fe103ee802a0","Cam","Miller","-","0.0","1",,"QB","Miami Dolphins",,
"a5ace8cc-3675-4a38-a495-b0fd4c97322e","Avery","Williams","-","0.0","1",,"RB",,,
"a616a243-bb1f-46e7-b9b3-cc032786426e","Chase","Claypool","-","0.0","1",,"WR",,,
"a6502bb3-ac14-49d6-b12b-90adfaaccb25","Kwamie","Lassiter","-","0.0","1",,"WR",,,
"a68fb990-5d6f-416c-8ade-b9c81a52991f","Dennis","Houston","-","0.0","1",,"WR","Tampa Bay Buccaneers",,
"a6c658bd-080a-41bd-8580-6e8650a44f9f","Zach","Pascal","-","0.0","1",,"WR",,,
"a6e8d4e9-7366-4c86-905a-517ba815b9ea","Tre","Stewart","-","0.0","1",,"RB",,,
"a7382d25-a7a7-479e-bf50-a35118b12dab","Jacob","Warren","-","0.0","1",,"TE",,,
"a742ffed-9cf2-466e-b651-41549ec748fc","Mike","White","-","0.0","1",,"QB",,,
"a751d48a-8dda-4204-a6f3-f7da361f7051","Chester","Rogers","-","0.0","1",,"WR",,,
"a787329c-578c-4315-944e-f16cabc7c3d4","Tahj","Washington","-","0.0","1",,"WR","Miami Dolphins",,
"a7c03a9e-0556-464c-96c6-d9bebbe6358f","Andrew","Armstrong","-","0.0","1",,"WR","Kansas City Chiefs",,
"a8e04507-c89b-4ce9-83a7-0a9b65f68cd4","Tanner","Taula","-","0.0","1",,"TE",,,
"a929c3e4-9b02-42dc-9c95-b168a5835f02","Stanley","Morgan","-","0.0","1",,"WR",,,
"a96a3071-2ec0-4a58-8a94-16edbca33aa2","Josh","Kattus","-","0.0","1",,"TE","Cincinnati Bengals",,
"a9745c74-211b-4194-95e2-4479bd7065c4","Chris","Evans","-","0.0","1",,"RB",,,
"a974cce4-5d9c-4ef3-b5fc-b78039dbada0","Joshua","Simon","-","0.0","1",,"TE","Atlanta Falcons",,
"a9bd58fa-2b9c-4054-844b-867bb276a397","Nathaniel","Peat","-","0.0","1",,"RB",,,
"aa18f8d0-ace3-4968-81a8-8f53c7f94e8f","DeAndre","Washington","-","0.0","1",,"RB",,,
"aabaf82d-3aee-4203-bab4-1a8b92196c2c","C.J.","Saunders","-","0.0","1",,"WR",,,
"ab348466-9bfa-4ab5-8d5e-606583778412","T.J.","Luther","-","0.0","1",,"WR",,,
"ab44b525-fe98-4f30-8e7e-21e905405203","Hassan","Hall","-","0.0","1",,"RB",,,
"ab5d80f4-568a-498d-8ff4-a26a71d78d6e","Ricky","Seals-Jones","-","0.0","1",,"TE",,,
"ab66ef3c-6a2f-458e-b3b8-7807e3df87bd","Trayveon","Williams","-","0.0","1",,"RB",,,
"ab6dbcdf-3c20-4ad5-bebd-0fdfb0d87039","Brandon","Allen","-","0.0","1",,"QB","New York Giants",,
"ab8796bf-663e-47db-97ef-e0e2d02c6d54","Jeff","Wilson Jr.","-","0.0","1",,"RB",,,
"aba14c5d-cb24-43b9-a5fb-30faa3fc9dd5","Allen","Lazard","-","0.0","1",,"WR",,,
"abc9a5f4-c2c9-4d15-b3f4-78a6a284011b","Thomas","Yassmin","-","0.0","1",,"TE",,,
"abd35729-0d3c-40e5-a059-77d7e49afecf","Traeshon","Holden","-","0.0","1",,"WR","Dallas Cowboys",,
"abed2233-b3fb-4196-b22a-a8b5d62e7ffd","Bub","Means","-","0.0","1",,"WR","New Orleans Saints",,
"ac0a4753-c846-4e7d-8acf-f9d141c95c85","Chandler","Brayboy","-","0.0","1",,"WR","Jacksonville Jaguars",,
"ac55e89a-01cd-453b-9bf8-807b682d7fd0","Leonard","Fournette","-","0.0","1",,"RB",,,
"ac5a2b43-0159-4116-81f2-4605a72535ca","Johnny","Lumpkin","-","0.0","1",,"TE",,,
"ac799c1a-3842-424b-9779-ee699b814829","Kirk","Merritt","-","0.0","1",,"WR",,,
"aceacb66-d6d5-452c-8a90-58a9969a407a","Patrick","Laird","-","0.0","1",,"RB",,,
"ad438978-9fe7-4eac-b06e-630fa80db63e","Kole","Taylor","-","0.0","1",,"TE",,,
"ad455bdd-1685-491a-9195-0da6f0a3b35c","Hayden","Hurst","-","0.0","1",,"TE",,,
"ad5ababa-67dd-45c8-9ed6-17dce34dff01","C.J.","Ham","-","0.0","1",,"RB",,,
"ad9f6077-2968-4abe-a588-9d0030b6027a","Thomas","Fidone","-","0.0","1",,"TE","New York Giants",,
"adb91f48-7871-49c1-a077-37a1355c1100","David","Bell","-","0.0","1",,"WR",,,
"adc462de-6d62-401d-ac4e-8f35f9f26bf6","D'Ernest","Johnson","-","0.0","1",,"RB",,,
"add378f1-10ee-4b8f-9f7e-427c13ddef1e","Tim","Boyle","-","0.0","1",,"QB",,,
"ae3edc51-7287-4420-b6c3-201783babe42","Curtis","Hodges","-","0.0","1",,"TE",,,
"ae6398f8-f436-4bff-9203-60884ca972f7","Brandon","Powell","-","0.0","1",,"WR",,,
"aeee5a9d-85b1-4f52-93da-947f814c4379","Logan","Woodside","-","0.0","1",,"QB",,,
"af20117e-ab79-42dd-93d3-dff4429f1253","Jimmy","Garoppolo","-","0.0","1",,"QB",,,
"06cdc09d-c765-4f60-bca2-4b53dcc447dd","Jonathan","Mingo","-","0.0","1",,"WR","Dallas Cowboys",,
"af850e8c-a27c-4189-b4be-763d9cd62aa7","Taysom","Hill","-","0.0","1",,"TE",,,
"afc1c1b4-0f8a-49f6-82ea-6b894a36d62d","Cam","Sims","-","0.0","1",,"WR",,,
"b052f6f5-fc46-4550-9f51-32f37222ee9c","Case","Keenum","-","0.0","1",,"QB","Chicago Bears",,
"b07856cf-f953-4dc3-853e-deb762dc257a","Jonathan","Ward","-","0.0","1",,"RB",,,
"b07b9e0d-ca2c-41be-9439-d20469e60610","Pharaoh","Brown","-","0.0","1",,"TE",,,
"b091cd30-43c6-43b5-bd51-9a86eaad1bd9","Isaiah","Spiller","-","0.0","1",,"RB",,,
"b0923c06-0dca-4eee-a722-5bdfa6f1aa16","Gavin","Bartholomew","-","0.0","1",,"TE","Minnesota Vikings",,
"b09f4c02-6b6b-4390-984b-c1616e56a2dc","John","FitzPatrick","-","0.0","1",,"TE",,,
"b0f0a8f9-4374-44a3-9c5a-ba6e7672da5f","Roschon","Johnson","-","0.0","1",,"RB","Chicago Bears",,
"b10b7f1e-10fe-4aee-a93e-eff1f20b16d4","Michael","Bandy","-","0.0","1",,"WR","Denver Broncos",,
"b12613f3-abf4-4850-83e4-ca9d25be9a3f","Stephen","Anderson","-","0.0","1",,"TE",,,
"b19bb016-9a03-4b02-b059-59dc96c3f4b7","Miller","Forristall","-","0.0","1",,"TE",,,
"06c5a424-fa5a-494f-b1a9-4e51c4b371dc","Easop","Winston","-","0.0","1",,"WR",,,
"b1de342c-9c50-4eae-99b8-1f716308e9d7","Joshua","Kelley","-","0.0","1",,"RB",,,
"b214c422-48ac-4265-93a6-89decd16643f","Matt","Corral","-","0.0","1",,"QB",,,
"b245870d-b99a-418e-9d39-bdafd3978ae7","Vinny","Anthony","-","0.0","1",,"WR","Atlanta Falcons",,
"b27b60c4-68f2-41e0-8b04-27171474ce2d","Corey","Kiner","-","0.0","1",,"RB","Arizona Cardinals",,
"b2d24cfc-800a-4b10-8e6b-af181407ea55","DeMeer","Blankumsee","-","0.0","1",,"WR",,,
"b2dcb884-044a-47ac-86ec-514f12798dbf","Lorenzo","Lingard","-","0.0","1",,"RB",,,
"b367d3ca-868b-436e-ac5d-4357bf114ba5","Dillon","Johnson","-","0.0","1",,"RB",,,
"b397af0d-d273-4696-900c-c32eddb91b9b","Rashod","Owens","-","0.0","1",,"WR",,,
"0698da08-e2ec-46e2-9981-9b8aa0cca7a9","Brenden","Rice","-","0.0","1",,"WR","Green Bay Packers",,
"b3b68d21-d2fd-4699-b3b7-2627a5250800","Hal","Presley","-","0.0","1",,"WR",,,
"b3d6e52c-6ead-49a1-9c4e-5ef55e4f632f","James","Mitchell","-","0.0","1",,"TE","Carolina Panthers",,
"b3d895c3-80fa-4ba8-8820-251d4c16989e","AJ","McCarron","-","0.0","1",,"QB",,,
"b47841ae-bd83-4123-b05e-72f89b9baf72","Tommy","DeVito","-","0.0","1",,"QB","New England Patriots",,
"b4b90eba-788a-4cda-bdc0-fe248f0b5698","Alex","McGough","-","0.0","1",,"WR",,,
"b56a2e78-a065-46b5-9853-2a057e27a4d4","Joseph","Manjack","-","0.0","1",,"WR","Denver Broncos",,
"b5798c48-c08d-4cda-9409-2ae39a4677f6","Larry","Rountree","-","0.0","1",,"RB",,,
"b57ac43b-d0b7-4225-9e3f-b589f6e87e2d","Mark","Redman","-","0.0","1",,"TE","Los Angeles Rams",,
"b5aaeac7-48ec-449c-ba07-b323bd3ebe04","Zaire","Mitchell-Paden","-","0.0","1",,"TE","New Orleans Saints",,
"b5d919b0-8127-440c-871c-ca95a8aac748","Daniel","Sobkowicz","-","0.0","1",,"WR","Houston Texans",,
"b67d73eb-eb8a-464e-9d0c-3a4d48aefe5c","Robert","Tonyan","-","0.0","1",,"TE",,,
"b73760c7-dcb9-4311-aaba-15407eb4702e","Khalil","Herbert","-","0.0","1",,"RB",,,
"b75780f2-c980-4b86-a3ab-7bf724b5f097","Troy","Hairston","-","0.0","1",,"RB",,,
"b77b1543-f831-4655-9e88-b97b11ac2160","Jadon","Janke","-","0.0","1",,"WR",,,
"b79b625b-f3e2-4727-bf41-e4ca4f0fffbe","Brian","Hill","-","0.0","1",,"RB",,,
"b7b177e6-6914-4b12-987d-9deaf674432c","Corey","Davis","-","0.0","1",,"WR",,,
"b7c20779-dd1e-491a-a148-ef721ac7377e","Matthew","Caldwell","-","0.0","1",,"QB","Los Angeles Rams",,
"b7e878b1-9a31-489f-b6ab-f556a636cb5d","Devine","Ozigbo","-","0.0","1",,"RB",,,
"b80519a3-1b17-4db2-ab8c-97662521f93e","Jacob","Hollister","-","0.0","1",,"TE",,,
"b84364ba-cbf3-456f-aae6-0cf70cbef9e2","Caleb","Huntley","-","0.0","1",,"RB",,,
"b879e44e-825d-4f8c-a9b4-b6e4b63f8405","Sam","Pinckney","-","0.0","1",,"WR",,,
"b88c6767-dfef-4a9e-8714-07f1b603ae28","Brycen","Hopkins","-","0.0","1",,"TE",,,
"067f73f9-4103-4881-9791-75192e5fb020","Khari","Blasingame","-","0.0","1",,"RB",,,
"b8c1ab1a-cc88-4683-80fc-461e2aaff043","Jalen","Reagor","-","0.0","1",,"WR",,,
"b936ec4f-eb00-425d-80c3-a5683d06b8d5","Michael","Ezeike","-","0.0","1",,"TE",,,
"066a5c50-feeb-425b-b5cc-48bbe29df9f8","Dallen","Bentley","-","0.0","1",,"TE","Denver Broncos",,
"b9deeed8-278b-40e3-9bfc-62546825cf07","Terrace","Marshall Jr.","-","0.0","1",,"WR","Miami Dolphins",,
"ba2aeb23-25ec-48f9-961e-007b4404fa75","Troy","Fumagalli","-","0.0","1",,"TE",,,
"baba4937-7dfe-475c-857a-8d58f659f0db","Jordan","Wilkins","-","0.0","1",,"RB",,,
"baddd857-d28d-4234-b6b8-737e052ac213","Collin","Johnson","-","0.0","1",,"WR",,,
"baf048e9-8435-46e0-bfdb-a40d505c4819","Malik","Taylor","-","0.0","1",,"WR",,,
"bb981116-404a-4cfa-a7b9-7ab025be85b5","Nelson","Agholor","-","0.0","1",,"WR",,,
"bba76ccb-5d93-46b1-8fb9-7aee1db4ea5d","TJ","Harden","-","0.0","1",,"RB","Cleveland Browns",,
"bbb850c8-1a14-4cc5-950b-a3cf85b32066","Dan","Chisena","-","0.0","1",,"WR","Carolina Panthers",,
"0656e2c5-638a-40cf-ba53-b7df4011a4a4","Patrick","Taylor","-","0.0","1",,"RB","San Francisco 49ers",,
"bbf3554c-7ce9-4449-8715-363a2067306c","KhaDarel","Hodge","-","0.0","1",,"WR",,,
"bc325e4d-51a5-4f85-9739-0346522fc70d","Anthony","Hankerson","-","0.0","1",,"RB","Miami Dolphins",,
"bc530d11-698f-40fd-ba79-bf869cb98753","Jonnu","Smith","-","0.0","1",,"TE",,,
"bc66d489-c28b-4fbb-819c-4131a2b31b60","Jacob","Eason","-","0.0","1",,"QB",,,
"bc7de034-cdc8-40ad-8f6e-fcbcca94356b","Dontae","Fleming","-","0.0","1",,"WR","Minnesota Vikings",,
"bc81fbc4-0763-4dba-87de-2fdc5004dcef","Kejon","Owens","-","0.0","1",,"RB","Minnesota Vikings",,
"bc86a576-22c8-4027-8cec-402fa17eca44","Jacob","Harris","-","0.0","1",,"WR",,,
"bd383328-6f53-46f2-a7ec-77861fa8a125","Tanner","Morgan","-","0.0","1",,"QB",,,
"bd507359-3489-4afe-af43-9424bf496825","Anthony","Smith","-","0.0","1",,"WR","Dallas Cowboys",,
"0654dc8c-4434-4f6d-ab5d-fe4eaf5c323d","Gabe","Davis","-","0.0","1",,"WR",,,
"bd8a46c3-1cbe-446f-bfc2-8bec764f7864","Devon","Allen","-","0.0","1",,"WR",,,
"bdbeccc0-8680-43cb-9cc8-fec5f656309f","Quintez","Cephus","-","0.0","1",,"WR",,,
"be032e41-7153-4d6e-a462-e18bbc3cf286","Tre","Nixon","-","0.0","1",,"WR",,,
"062c4c1e-b571-4905-ab49-0c5d0a59bfaf","Bryson","Nesbit","-","0.0","1",,"TE","Minnesota Vikings",,
"beab252c-115a-44c2-a8f9-6a4248de07ef","Parker","Hesse","-","0.0","1",,"TE",,,
"bee2ad99-3c4d-47bb-ba90-8e8be84e5d84","Noah","Brown","-","0.0","1",,"WR","Washington Commanders",,
"c03eb3fb-fd34-4821-8353-c37ac114767e","Skylar","Thompson","-","0.0","1",,"QB","Baltimore Ravens",,
"c045a7f9-c466-427e-8cbe-555af9c51029","Cody","Thompson","-","0.0","1",,"WR",,,
"c0505139-e929-441f-bc24-602c10fda7e8","Brady","Russell","-","0.0","1",,"RB","Seattle Seahawks",,
"c056fce5-a8ae-47ff-9fb9-02dbc77282e6","Charlie","Jones","-","0.0","1",,"WR","Cincinnati Bengals",,
"c098dee7-3217-43bb-a2ea-4aa1113ef049","Matt","LaCosse","-","0.0","1",,"TE",,,
"05f205ee-ab49-424c-8fea-428cf9e9adc5","Riley","Leonard","-","0.0","1",,"QB","Indianapolis Colts",,
"c166e182-f4a5-4163-b0f2-f5bcceb5be79","Montrell","Johnson","-","0.0","1",,"RB",,,
"c1b66b75-8ac7-4ece-8f75-98694eb9d664","Cole","Fotheringham","-","0.0","1",,"TE",,,
"c1c5b09a-ab52-4e9a-84c2-795581fcca4d","Chip","Trayanum","-","0.0","1",,"RB","New York Jets",,
"c1e07772-e260-4059-9914-e0b27e11e904","DeCarlos","Nicholson","-","0.0","1",,"RB","Cleveland Browns",,
"c2299ca8-b6f5-428b-a7e3-adc328c8c48f","Thyrick","Pitts","-","0.0","1",,"WR",,,
"c2450dbf-02cd-4e2c-9c46-9ac13a6de339","Jaydon","Mickens","-","0.0","1",,"WR",,,
"c28196d9-151d-4dee-be14-1dfebdb80bb3","Tyrie","Cleveland","-","0.0","1",,"WR",,,
"c32ce2d6-4e39-42c8-aeee-63f8cb8d6c84","Jacolby","George","-","0.0","1",,"WR",,,
"c33c6c38-b4ed-44df-97da-1066a72a335c","Keith","Kirkwood","-","0.0","1",,"WR",,,
"c3857681-3762-4d56-9e57-ebd64619a642","Jake","Briningstool","-","0.0","1",,"TE","Kansas City Chiefs",,
"c387cb75-8c61-4d31-9444-cbbf8cf80fc3","Kadarius","Toney","-","0.0","1",,"WR",,,
"c39ee4a3-0413-4dbe-a69d-948845ee5c43","Nyheim","Miller-Hines","-","0.0","1",,"RB",,,
"c3db1c8b-7a51-421e-b5fb-c58bc6abcf6d","Taylor","Heinicke","-","0.0","1",,"QB",,,
"c3f300eb-2a6c-420a-8f3d-cf68f3b83cd9","Lan","Larison","-","0.0","1",,"RB","New England Patriots",,
"c483c2e0-6cc1-4dbf-93d1-6eb61c1e3bdf","Jakeem","Grant","-","0.0","1",,"WR",,,
"c4b89b02-c38d-43cf-84e5-f5ed115f6f18","Quentin","Moore","-","0.0","1",,"TE","Washington Commanders",,
"c4ecfd75-e6ae-4477-8840-91284b0a123f","Da'Quan","Felton","-","0.0","1",,"WR",,,
"c505c7c7-f84a-4cfd-84d3-29bf48b8dad1","Scotty","Washington","-","0.0","1",,"TE",,,
"c5550209-ed7c-40a4-8c37-e541a8604ab2","Landon","Parker","-","0.0","1",,"WR",,,
"c58e8e9f-c915-43cc-948b-7b327784281b","Noah","Togiai","-","0.0","1",,"TE",,,
"c5be9696-3412-413b-a0e1-4076e89a8bdb","Malcolm","Perry","-","0.0","1",,"WR",,,
"c5d86ba0-aa6b-4215-9178-52f58c13ddaa","Chris","Hilton","-","0.0","1",,"WR","Washington Commanders",,
"0591804d-6f9e-44e9-aa6c-3c953b8eb3b7","Gus","Edwards","-","0.0","1",,"RB",,,
"c6877d51-7aaa-4538-ac2f-d9e9ec709ccf","Stetson","Bennett","-","0.0","1",,"QB","Los Angeles Rams",,
"c7533418-f7c9-4431-975b-65a8ece11c5f","Jamal","Agnew","-","0.0","1",,"WR",,,
"c7aaf175-626f-49e7-8269-cce438b7bead","Aaron","Shampklin","-","0.0","1",,"RB",,,
"c7c80bbf-b7dd-4645-b84f-c399a0227eb6","Drew","Lock","-","0.0","1",,"QB","Seattle Seahawks",,
"c8488f91-8077-48b3-aa35-bc8a72df6b64","Montrell","Washington","-","0.0","1",,"WR",,,
"c8831413-38a5-4b73-a845-b56c097795d1","Luke","Grimm","-","0.0","1",,"WR","Los Angeles Chargers",,
"c8a0adb7-245a-4d25-b09e-57765940cf25","Tyler","Kahmann","-","0.0","1",,"WR",,,
"c8b2360a-b735-43c1-8e6a-4fc3adc6d9dd","Jesper","Horsted","-","0.0","1",,"TE",,,
"c8e8529a-7172-45cd-bd4d-9fddd4163fd2","Jaren","Hall","-","0.0","1",,"QB",,,
"c9111793-e6c2-4e61-9711-8dc2a99c6b38","Jake","Luton","-","0.0","1",,"QB",,,
"c920ce05-6858-4e50-8476-719b4c411c16","Xavier","Gipson","-","0.0","1",,"WR","New York Giants",,
"c9839b07-d61c-479c-9744-03a93c2942cb","Darrell","Henderson Jr.","-","0.0","1",,"RB",,,
"ca3138aa-cd2d-4544-ac56-18430a1c77f9","Alec","Ingold","-","0.0","1",,"RB","Los Angeles Chargers",,
"ca44be22-328e-4540-8685-9dcb2e038588","Isaiah","Ford","-","0.0","1",,"WR",,,
"cabd9ccd-de3f-4b7c-8606-fca916be62c0","Jalen","Virgil","-","0.0","1",,"WR","Buffalo Bills",,
"caf60a99-52db-44a5-a75e-24b531031c21","Jalen","Cropper","-","0.0","1",,"WR",,,
"cb22a9ec-5223-47be-830f-f1513e833c6d","Marquez","Callaway","-","0.0","1",,"WR",,,
"cbcf1117-b964-461b-8bc5-8bf07b2a18fe","Dante","Pettis","-","0.0","1",,"WR",,,
"cc25529a-d102-435b-9bae-09617666dbf1","Dalton","Keene","-","0.0","1",,"TE",,,
"cc305d56-1770-4dd7-86c8-6d0e930ac8de","Josh","Kelly","-","0.0","1",,"WR","Houston Texans",,
"cc629707-e854-439b-90fa-ccbeedc13854","Jalen","Wayne","-","0.0","1",,"WR",,,
"cc9dcd3d-7c75-4187-9dec-1199ce72288a","Tayvion","Robinson","-","0.0","1",,"WR",,,
"ccf13f82-43b3-4ed0-9d8a-092c5b5d318a","Hassan","Haskins","-","0.0","1",,"RB",,,
"cd52aac4-2d4c-4990-b348-3ef2aba9c9c4","Dallin","Holker","-","0.0","1",,"TE",,,
"cd574774-4b75-4a8c-a1bb-73c194eb0405","Mel","Brown","-","0.0","1",,"RB",,,
"cd96ef45-667c-4657-82f6-b191f05ea973","Beaux","Collins","-","0.0","1",,"WR","New York Giants",,
"0508e174-9a7e-4a2e-bb99-44667d77a3ca","Octavion","Smith Jr.","-","0.0","1",,"WR",,,
"cdb54b5b-393e-4242-a54f-613432663ae2","Kristian","Wilkerson","-","0.0","1",,"WR",,,
"cde5c072-8009-4085-8373-345cdf8f18a5","Samson","Nacua","-","0.0","1",,"WR",,,
"ce45b32f-c7f1-427b-aa0c-5561dac8e595","Cole","Payton","-","0.0","1",,"QB","Philadelphia Eagles",,
"05024074-af17-4e3b-b4de-1402395a1ea8","Rashaad","Penny","-","0.0","1",,"RB",,,
"ce8a0160-f2dd-456f-b031-df6766ba42fd","Desmond","Ridder","-","0.0","1",,"QB",,,
"ced6ecdf-a565-4e19-8e18-64a34efad209","Thayer","Thomas","-","0.0","1",,"WR",,,
"cee05baf-840f-4902-a272-a7c01e3f649b","Robbie","Ouzts","-","0.0","1",,"RB","Seattle Seahawks",,
"ceedb9d8-d67a-42af-9589-717eda93da98","Simi","Fehoko","-","0.0","1",,"WR","Arizona Cardinals",,
"cfbc09fd-68a8-47a3-9dd8-6fef291f2d70","Brittain","Brown","-","0.0","1",,"RB","Chicago Bears",,
"cfff5377-43e7-4ebe-a933-e2193069c5d9","Damien","Harris","-","0.0","1",,"RB",,,
"04eb5c43-eb2e-473d-822d-29f737e6d5e4","Cordarrelle","Patterson","-","0.0","1",,"RB",,,
"d0523164-ca01-4613-907e-54bd432c75e9","Casey","Washington","-","0.0","1",,"WR","Atlanta Falcons",,
"d0e475b4-5ec4-4cd2-9255-3b90e32bbcbc","Shi","Smith","-","0.0","1",,"WR",,,
"046fe2fc-00da-4c3f-b839-38225502e21d","Tyrion","Davis-Price","-","0.0","1",,"RB",,,
"d13c5ab4-755f-4bd6-b530-19df037b297c","Reid","Sinnett","-","0.0","1",,"QB",,,
"d18fba16-dbc3-4550-accf-c6192effbad4","Tarik","Black","-","0.0","1",,"WR",,,
"d27379d9-0c57-4489-98a5-fe05c84a2e27","Johnny","Wilson","-","0.0","1",,"WR","Philadelphia Eagles",,
"d37f35c2-2e4a-42af-83c2-744c29342d64","Jamaal","Pritchett","-","0.0","1",,"WR","New York Jets",,
"d423b0e4-586e-4c9b-b135-e2e8d1009418","Benny","Snell","-","0.0","1",,"RB",,,
"d4c0887d-5a96-43a9-9865-39a510fdd8ae","Nathan","Carter","-","0.0","1",,"RB","Atlanta Falcons",,
"d4c3deec-1be8-478d-9106-a7403a7b47b7","Le'Veon","Moss","-","0.0","1",,"RB",,"OUT",
"d5250404-d5d8-4396-bcd1-e1a734421984","D'Onta","Foreman","-","0.0","1",,"RB",,,
"d5553adb-8a8a-4add-b40b-3baca1f75df3","Will","Sheppard","-","0.0","1",,"WR","Green Bay Packers",,
"d5b903d0-54e2-412d-9d09-92186009b81f","Zack","Kuntz","-","0.0","1",,"TE",,,
"d5f404cb-3e11-4498-a582-30a44b83d52a","Kenny","Golladay","-","0.0","1",,"WR",,,
"040ede07-90ce-4e80-a796-1feb8aa08db8","Jason","Cabinda","-","0.0","1",,"RB",,,
"d6db666a-a405-486e-b19a-31a6afc45731","Zack","Moss","-","0.0","1",,"RB",,,
"d6dd5695-0fd5-48c1-8b16-dd0ca79bfe7b","Wayne","Gallman","-","0.0","1",,"RB",,,
"d6fb3956-f7ec-41ac-8314-d8bd3c0bade6","Dorian","Singer","-","0.0","1",,"WR",,,
"d73c3755-6b35-48e4-9d9b-d1687d071b76","Dontae","McMillan","-","0.0","1",,"RB","Baltimore Ravens",,
"d7f7087a-3010-4e14-a76c-7e5f99f74a9b","Kalen","Ballage","-","0.0","1",,"RB",,,
"d83821e2-c024-4b5a-8b21-e9ad96e251b2","Cole","Beasley","-","0.0","1",,"WR",,,
"d8a11f28-6329-419a-a7de-ba0fc497c08b","Rahsul","Faison","-","0.0","1",,"RB",,,
"d8b61bfd-5a54-4b2f-8d4f-bba437d02155","Tyrone","Broden","-","0.0","1",,"WR","Seattle Seahawks",,
"d901e639-61ef-412e-8af1-b1bb63627af6","James","Washington","-","0.0","1",,"WR",,,
"d9968beb-4c18-4676-9c71-2651ecc92c48","Cornell","Powell","-","0.0","1",,"WR",,,
"d9eee1c5-3ae7-4056-b607-c73681815028","Kendall","Blanton","-","0.0","1",,"TE",,,
"da13bff6-71d5-42a1-87ce-255f11e1c8ce","Matt","Landers","-","0.0","1",,"WR",,,
"da756330-63f0-428a-98e3-278679830816","Damiere","Byrd","-","0.0","1",,"WR",,,
"03f8b4e7-4712-46ae-944a-bdf5cd05aa26","Rivaldo","Fairweather","-","0.0","1",,"TE","Arizona Cardinals",,
"daf1b0a7-bbab-464f-843c-396ee96c827c","Drake","Stoops","-","0.0","1",,"WR",,,
"daf2272b-77a7-4ba1-b7ee-ea4e0f18bc93","Ihmir","Smith-Marsette","-","0.0","1",,"WR","Arizona Cardinals",,
"03c962a5-03ef-4077-bca7-d006289d7160","C.J.","Uzomah","-","0.0","1",,"TE",,,
"db14e17e-2dff-4dd0-bdcd-6c3c093b2a88","Zamir","White","-","0.0","1",,"RB",,,
"03a72804-8a8a-42b1-8366-d6cf3710a334","Laviska","Shenault Jr.","-","0.0","1",,"WR",,,
"db88b916-fe6d-4c5a-8bbc-85ea6fe14d05","Easton","Stick","-","0.0","1",,"QB",,,
"dc359407-55c9-430c-9478-f75fd2a0bc46","Adam","Thielen","-","0.0","1",,"WR",,,
"dc76240b-44e4-4260-ba0b-548b6f44ce2e","Scotty","Miller","-","0.0","1",,"WR","Chicago Bears",,
"dcd2f5d2-5663-4c68-9382-c4eb92ecbef4","Hayden","Hatten","-","0.0","1",,"WR",,,
"dcf3a45e-c9e0-4603-bcac-a53bbf7028da","Drew","Plitt","-","0.0","1",,"QB",,,
"dd02df7e-f517-4173-b420-7a6fff99378a","Jakob","Johnson","-","0.0","1",,"RB",,,
"ddbec92d-28b6-49bb-b10c-a655c6b6ed0c","Kelvin","Harmon","-","0.0","1",,"WR",,,
"dde17ca5-5ec2-4718-877c-56291945372e","Jacob","Kibodi","-","0.0","1",,"RB",,,
"de4404b5-6887-4dd5-afd6-2153a60e5584","Keith","Smith","-","0.0","1",,"RB",,,
"de6ce6d9-c0d5-4df0-9f26-8f2ccf42e89a","Carsen","Ryan","-","0.0","1",,"TE","Cleveland Browns",,
"03a4f38d-39df-4d2f-bb3c-22c0d5245f08","Michael","Pratt","-","0.0","1",,"QB",,,
"df442829-87b9-4394-93a6-2c13237e66f9","Deontay","Burnett","-","0.0","1",,"WR",,,
"df47d6b2-7a67-46d2-86e9-28ea049da537","Joe","Fagnano","-","0.0","1",,"QB","Baltimore Ravens",,
"df61a0a0-fad8-4748-89ef-fd4581033ebf","JaMycal","Hasty","-","0.0","1",,"RB",,,
"dfa2a842-6286-48e9-b1a5-5ab2d5bd3fb1","Seth","Williams","-","0.0","1",,"WR",,,
"dfa33544-5d97-41ed-a38c-206c09ab1d06","MyCole","Pruitt","-","0.0","1",,"TE",,,
"dfb6c04d-df0e-4862-8db0-c2a327e2218a","Jake","Funk","-","0.0","1",,"RB",,,
"dfc6b155-c9d0-42c4-9113-71815052d836","Austin","Ekeler","-","0.0","1",,"RB",,,
"e077a41f-7dd2-4d97-8e9e-54aa75735567","Anthony","Firkser","-","0.0","1",,"TE",,,
"e0c46d95-7aeb-4040-a5eb-982885de8991","Sean","McKeon","-","0.0","1",,"TE","Indianapolis Colts",,
"e1219617-52f7-4898-98ab-aa491ff68b83","Dresser","Winn","-","0.0","1",,"QB",,,
"037c32c0-8944-452b-a342-56a3c6cc06a1","A.T.","Perry","-","0.0","1",,"WR","Pittsburgh Steelers",,
"e13059c3-3a83-46d2-9322-519cb5dfc449","Trinidad","Chambliss","-","0.0","1",,"QB",,,
"e140284a-0311-4dfc-b8f1-6c4db0f895f6","E.J.","Perry","-","0.0","1",,"QB",,,
"e16fb88f-b745-4eaf-9692-35b6d77fd94f","Stephen","Sullivan","-","0.0","1",,"TE",,,
"e1c599a9-b84f-4c27-91d9-8ed7be803e14","Brady","Cook","-","0.0","1",,"QB","New York Jets",,
"e1ccc81b-2f91-4416-959a-3ea8205d9b67","Treyvhon","Saunders","-","0.0","1",,"WR","Houston Texans",,
"e2266652-7bd4-4180-ac72-4f953d071a4a","Tyler","Lockett","-","0.0","1",,"WR",,,
"037639a1-ed7e-4059-9524-f569d7039e8b","Dezmon","Patmon","-","0.0","1",,"WR",,,
"e25fc2fe-cb24-42cf-bd50-3905e07807f3","Zander","Horvath","-","0.0","1",,"RB",,,
"e2ecf964-5d30-4361-83b7-0feb89dd64f6","Isaac","Rex","-","0.0","1",,"TE",,,
"e33da86d-c064-4c03-aaf0-c3d4dfc08e9e","SaRodorick","Thompson","-","0.0","1",,"RB",,,
"e3576780-cb1e-49c7-a2b3-08bb84c594ae","Bryan","Thompson","-","0.0","1",,"WR",,,
"e35808ff-a1b2-4940-9772-8000dfca97a5","Griffin","Hebert","-","0.0","1",,"WR",,,
"e35e7f98-ac02-4155-a3d8-fa8ffc454c34","Nick","Boyle","-","0.0","1",,"TE",,,
"e38cc0ed-6ce1-4c4c-9590-b0cb6f5a27da","DeAngelo","Hardy","-","0.0","1",,"WR",,,
"e3c7fa20-c86b-4046-a6c3-d5ac53070462","Darrell","Daniels","-","0.0","1",,"TE",,,
"033f9ba7-9fa4-4b16-9f75-d5773eaa3dd5","Dalen","Cambre","-","0.0","1",,"WR","New York Giants",,
"e46f798b-88f5-4b10-9444-acaaeea0973d","Latavius","Murray","-","0.0","1",,"RB",,,
"e48dc386-d6e9-4165-b09f-1091c93e82fd","Athan","Kaliakmanis","-","0.0","1",,"QB","Washington Commanders",,
"e4907a81-77d8-4fc8-9f93-2f51327bf423","Dalvin","Cook","-","0.0","1",,"RB",,,
"e4c2140b-63a3-461f-b0d9-b5b118be46df","Andy","Isabella","-","0.0","1",,"WR",,,
"033f1e8f-1b66-47fa-9b43-9539620b5731","Keilahn","Harris","-","0.0","1",,"WR",,,
"e548eaca-9828-4f76-bf2f-68c8fbd57660","Salvon","Ahmed","-","0.0","1",,"RB","Chicago Bears",,
"e594b1bc-44c9-42fe-9fde-2a8f9aa2b169","Jody","Fortson","-","0.0","1",,"TE",,,
"e5c154c7-f842-4f8d-a276-1f0bf8bdab86","Terique","Owens","-","0.0","1",,"WR",,,
"e5fa72d0-ccae-482a-a975-5d24e02f1ba7","JaQuae","Jackson","-","0.0","1",,"WR","Los Angeles Chargers",,
"e639fac3-57ad-45b8-9eae-95d241f7c86a","Chris","Myarick","-","0.0","1",,"TE",,,
"03119e8d-706f-4642-af68-a67e3b3872d0","Ryan","Jones","-","0.0","1",,"TE",,,
"e70664ef-5caa-4ef7-ac5d-839e49d68bed","Jake","Browning","-","0.0","1",,"QB","Tampa Bay Buccaneers",,
"e78c1b9d-0691-463e-8ea6-c5dbda70e622","Cody","Schrader","-","0.0","1",,"RB","Denver Broncos",,
"e79288e0-09cd-40b9-84ac-f5308dc94034","Mason","Fairchild","-","0.0","1",,"TE",,,
"e7a235e6-bf7f-4df8-a292-65460d9938e7","Jacques","Patrick","-","0.0","1",,"RB",,,
"e7faec6c-eca0-4dc2-9687-8f47a8062725","Roc","Taylor","-","0.0","1",,"WR",,,
"e86e6ecf-4cfd-4258-b176-8b5250ecce5c","Lewis","Bond","-","0.0","1",,"WR","Houston Texans",,
"e8bea438-d4ba-4122-911d-7c851fad4534","Allen","Robinson II","-","0.0","1",,"WR",,,
"e983e2a8-7a12-4f0d-9469-03f6bf9d0552","Jack","Plummer","-","0.0","1",,"QB",,,
"e9f02274-f461-4349-92c5-c843304f9a11","Neal","Johnson","-","0.0","1",,"TE",,,
"ea5795a6-b367-422c-b800-402fad0f1b0b","Jermar","Jefferson","-","0.0","1",,"RB",,,
"eb547d9b-4b59-4bc8-8fcb-5184095e712b","Josh","Doctson","-","0.0","1",,"WR",,,
"eb79e2ae-1cfb-4f05-b59e-b8a4917a0180","Jalin","Conyers","-","0.0","1",,"TE",,,
"02f8a5a8-da49-4788-96a8-5b9c14470f70","Silas","Bolden","-","0.0","1",,"WR",,,
"ec39daf4-a4db-45ff-a2a6-bd0d6683caeb","Blaine","Gabbert","-","0.0","1",,"QB",,,
"ecb68929-062b-4efb-863c-015cd041fe36","Charleston","Rambo","-","0.0","1",,"WR",,,
"ecc57805-8af5-4c1c-8170-ffb7a3bfd369","Robert","Henry","-","0.0","1",,"RB","Washington Commanders",,
"ed02972c-538d-4a00-8f8e-7e9d6a69e440","Mike","Harley","-","0.0","1",,"WR",,,
"ed2dbf2d-04eb-4967-8ad8-391443b027b4","Luke","Stocker","-","0.0","1",,"TE",,,
"edaaa7bb-5802-4497-9e8b-fe7435eda211","Lynn","Bowden","-","0.0","1",,"WR",,,
"edac1c7f-b964-4667-a4c8-ceb415c8dc54","Mason","Pline","-","0.0","1",,"TE",,,
"edbe2dc5-a302-4140-9160-f96811e28f74","Caullin","Lacy","-","0.0","1",,"WR","New York Jets",,
"edfc64be-4591-4593-b52e-8d4f657fbc54","Sean","Brown","-","0.0","1",,"WR",,,
"ee388b17-364f-4881-9ab7-905b91029879","Braxton","Berrios","-","0.0","1",,"WR",,,
"ee8581fa-4aca-4895-883f-3ebcbb7c0a4c","Jaret","Patterson","-","0.0","1",,"RB","Los Angeles Chargers",,
"ef107dc9-4b03-493d-b068-9a4bd3be6da1","Raheem","Mostert","-","0.0","1",,"RB",,,
"ef64ba07-0ce5-4416-a4e5-47eeb33164cb","Rodney","Smith","-","0.0","1",,"RB",,,
"ef7c2e97-e243-4792-b795-cd1f531fe6a9","Jalen","Walthall","-","0.0","1",,"WR","Houston Texans",,
"02ea0fac-f434-4b19-8ca0-25fdc2ba51aa","Bernhard","Seikovits","-","0.0","1",,"TE",,,
"eff38d7e-e1ad-4e13-99a0-d55a7a565b10","Jaxon","Janke","-","0.0","1",,"WR",,,
"f025054c-e954-47b3-903f-e5550eddc141","Jalon","Daniels","-","0.0","1",,"QB","Tampa Bay Buccaneers",,
"f075654c-8035-4eca-aca4-790eaf0732a4","Anthony","McFarland","-","0.0","1",,"RB",,,
"02c7706a-187f-4476-8bef-5c80ff02419f","Cooper","Rush","-","0.0","1",,"QB",,,
"f177cd91-600b-422e-9774-5d2044b36007","Royce","Freeman","-","0.0","1",,"RB",,,
"f17ceae2-715e-48b9-a17d-9ce372b6958f","Marvin","Jones Jr.","-","0.0","1",,"WR",,,
"f182109f-eca7-4e4b-9004-332fe161ec1d","Sage","Surratt","-","0.0","1",,"TE",,,
"f1869670-65d6-48d5-86be-a4df1676b8d4","Shane","Buechele","-","0.0","1",,"QB","Buffalo Bills",,
"f188c2cc-e3cd-4b30-a0cf-e4f3616b9f12","Sal","Cannella","-","0.0","1",,"TE",,,
"f19d4b47-3d9b-44f6-921a-6019f3d83571","Elijah","Collins","-","0.0","1",,"RB",,,
"f213dd89-c6b8-4df0-9ce3-1083d5b01de7","Jared","Wiley","-","0.0","1",,"TE","Kansas City Chiefs",,
"f2db631a-08e0-4d90-b973-b6e517a7237f","Tim","Jones","-","0.0","1",,"WR","Jacksonville Jaguars",,
"f3a7096d-608e-4661-bda7-fcdae0920796","Raheem","Blackshear","-","0.0","1",,"RB",,,
"f3c1dcc7-a322-405f-86ad-cb0c0926431d","Kaden","Smith","-","0.0","1",,"TE",,,
"f49703c2-cc74-4983-9c08-038e51d358b3","Trishton","Jackson","-","0.0","1",,"WR",,,
"f5cfe0d7-0b64-4e51-8f6c-d3a073fd823a","Paul","Richardson","-","0.0","1",,"WR",,,
"f5fb5ef2-0aac-44e7-807f-a77c05390a36","Josh","Williams","-","0.0","1",,"RB","Tampa Bay Buccaneers",,
"f6f5d100-b721-4c92-907c-08f35e195459","Hendon","Hooker","-","0.0","1",,"QB","Tennessee Titans",,
"f7e81f8a-f4bc-41e5-9822-22e097450228","Braylon","Sanders","-","0.0","1",,"WR",,,
"f8b4600f-0581-4ce5-8b4d-5a5ebdd58b95","Rashard","Higgins","-","0.0","1",,"WR",,,
"f8e3f937-d78b-4fc1-91b2-a816bf76586f","Deuce","Vaughn","-","0.0","1",,"RB",,,
"0263aa94-490f-47cf-9f57-a13be3d7b8a1","Elijhah","Badger","-","0.0","1",,"WR",,,
"f8f72fd9-8912-413d-899b-16a35f37c353","Chris","Pierce","-","0.0","1",,"TE",,,
"02252591-8432-4f40-968b-f548a7ec7c5e","Tony","Jones Jr.","-","0.0","1",,"RB",,,
"02092774-f983-4ec4-a4fb-34afe0858491","E.J.","Williams","-","0.0","1",,"WR","Las Vegas Raiders",,
"f97067c3-c0ec-4c7d-baa4-c64f5add3878","Mason","Tipton","-","0.0","1",,"WR","New Orleans Saints",,
"f9b8491f-dfd1-4380-a2bb-8ea454e9d6e9","Cornelius","Johnson","-","0.0","1",,"WR","Baltimore Ravens",,
"f9c18c46-e0b6-401d-8882-4d96634b3b06","Antonio","Gibson","-","0.0","1",,"RB",,,
"fa08aab8-284a-4876-a088-4288357e3e1c","Slade","Bolden","-","0.0","1",,"WR",,,
"01dbe1a8-ed1d-42e0-b66a-100e9449869f","Diontae","Johnson","-","0.0","1",,"WR",,,
"fa8b02a9-359d-4806-bddf-7e7ad0030410","Mitch","Tinsley","-","0.0","1",,"WR","Cincinnati Bengals",,
"facb847d-9e24-4c92-af73-4a2a447ec955","Kevin","White","-","0.0","1",,"WR",,,
"facce38d-d599-40f8-b304-3558422ab8c3","John","Kelly","-","0.0","1",,"RB",,,
"fc1ac473-f6da-4de2-abaa-8169ad781727","Ja'Lynn","Polk","-","0.0","1",,"WR","New Orleans Saints",,
"fc782e6d-4eae-4b79-8a38-163ebf8b4a93","Tommy","Hudson","-","0.0","1",,"TE",,,
"fc7a63bd-bf3b-447e-924a-509c5f234a27","Treyton","Welch","-","0.0","1",,"TE","New Orleans Saints",,
"fc8d00d5-39e6-46e2-ad0c-2f8cd6f632e9","Greg","Bell","-","0.0","1",,"RB",,,
"fc99e619-43a5-409d-b7d9-64c00b5f4fdc","Tarik","Cohen","-","0.0","1",,"RB",,,
"0103b56b-4307-403c-9e1f-e2cf0790082c","Jamaal","Williams","-","0.0","1",,"RB",,,
"fd9ba4e7-e61e-464d-9dfa-566fc78b4d60","Jeshaun","Jones","-","0.0","1",,"WR","Minnesota Vikings",,
"fdf0ef7e-aeea-42e2-820f-c69f995cb16a","Dillon","Bell","-","0.0","1",,"WR","Minnesota Vikings",,
"fea8b284-a2c2-4e2d-a626-ebde76960b9c","Jerand","Bradley","-","0.0","1",,"TE","Los Angeles Chargers",,
"ff1d4f54-75e5-4d6e-9877-da8871df2d9a","Duke","Williams","-","0.0","1",,"WR",,,
"009c07c3-7cb3-4fb6-9d8d-e68044278096","Nick","Chubb","-","0.0","1",,"RB","Houston Texans",,
"150ea540-2468-4d02-b695-4f89492fe51b","Jeff","Driskel","-","0.0","1",,"QB",,,
"009b04ec-41a2-4c73-8cb8-42f7b1f19cbd","Hayden","Rucci","-","0.0","1",,"TE","San Francisco 49ers",,
"15413db6-b22a-449d-bfb5-1a0ed9691038","Kyric","McGowan","-","0.0","1",,"WR",,,
"155727ba-5ab6-42dd-a087-0d6638c4ca73","Kelly","Akharaiyi","-","0.0","1",,"WR",,,
"15a6bf96-519d-4677-9286-47c90f4a4414","Grant","DuBose","-","0.0","1",,"WR",,,
"15a7e757-af49-4b77-909f-82cf39582d30","Daniel","Arias","-","0.0","1",,"WR",,,
"15b01b4f-ed08-40b3-a48f-e595253b3089","Sincere","Brown","-","0.0","1",,"WR","Los Angeles Chargers",,
"15bc85ba-6df5-48d5-98c1-7de55f88d9ca","Deon","Jackson","-","0.0","1",,"RB",,,
"160f2175-f13f-4c1b-853a-2c37f151fdde","Phillip","Lindsay","-","0.0","1",,"RB",,,
"16503472-829e-4e2d-9d3c-31e47faf486f","Jaelon","Darden","-","0.0","1",,"WR",,,
"16a13779-8635-44e6-94ec-1de74cf6ea53","Jaden","Shirden","-","0.0","1",,"RB",,,
"15021488-a523-4489-824e-95c5cb40c1d6","Lawrence","Keys","-","0.0","1",,"WR",,,
"16ab7eac-f68e-4ac6-a760-657ab020ed00","Austin","Allen","-","0.0","1",,"TE",,,
"16d9cda9-0ae5-4512-8907-8d9570dd244e","David","Durden","-","0.0","1",,"WR",,,
"17207ff3-14e6-43cf-8d18-bbdd01b0996b","Jamoi","Mayes","-","0.0","1",,"WR",,,
"172ec28e-1f88-417e-b6a7-9958b574fd17","Ahmani","Marshall","-","0.0","1",,"RB","Cleveland Browns",,
"17c8d0ea-a811-4323-8ac0-907b4b3cfcae","Carlos","Washington","-","0.0","1",,"RB","Miami Dolphins",,
"13eb19b1-f76d-46b7-a002-1cb97256e329","Ryan","Miller","-","0.0","1",,"WR","New York Giants",,
"1814581e-fd56-4481-a7c0-dc24cc1e6648","Trey","Sermon","-","0.0","1",,"RB",,,
"18c45e3e-d94f-40f7-a62a-8b7a808c5413","Thaddeus","Moss","-","0.0","1",,"TE",,,
"18de0541-ac55-4d58-b02d-47e958dfa7e4","Ulysses","Bentley","-","0.0","1",,"RB","Indianapolis Colts",,
"190f8956-1dc4-47de-ae75-941194a4e6f7","Ezekiel","Elliott","-","0.0","1",,"RB","Dallas Cowboys",,
"193a3523-fd60-46f9-947a-f466d78b02ea","Taiwan","Jones","-","0.0","1",,"RB",,,
"13af2870-e809-45f9-9a16-765188c72ddf","Gerald","Everett","-","0.0","1",,"TE",,,
"19abe29a-a2d4-4fb6-978f-5ccb89c4adde","Kyle","Trask","-","0.0","1",,"QB",,,
"19cc17dc-1a80-4415-8b9a-756adc29f358","Eric","Gray","-","0.0","1",,"RB","New York Giants",,
"1a3f4201-ef2c-4451-91bf-9fc3da1bdfb3","DT","Sherffield","-","0.0","1",,"WR",,,
"135a9173-666a-403a-b459-a92320a86f5d","Owen","Wright","-","0.0","1",,"RB",,,
"1b2dd9ba-fb4a-4c9e-a1b1-f0c36e5d0b09","Antwane","Wells","-","0.0","1",,"WR",,,
"1b3019f9-08f7-4337-a9f2-158a20b6ad8a","Ke'Shawn","Vaughn","-","0.0","1",,"RB",,,
"1ba725fd-342d-4ef6-82c5-d1a11e4e3330","Jelani","Woods","-","0.0","1",,"TE","New York Jets",,
"1bd73c60-c68c-42b5-b687-ba0aff9c2c5e","Khalan","Laborn","-","0.0","1",,"RB",,,
"1c649950-0192-4e9c-9b9a-3cba61a0e234","Tom","Kennedy","-","0.0","1",,"WR","Detroit Lions",,
"1c6f0fbd-007a-4072-ae95-d6f0e7a3fc14","John","Stephens","-","0.0","1",,"TE",,,
"1cf8a290-a59d-4543-990d-80093dfe113b","Steven","Sims","-","0.0","1",,"WR",,,
"1d297d40-5188-40bb-a6cf-36c03206098a","Nick","Vannett","-","0.0","1",,"TE",,,
"1d354a80-8a59-419e-9f7c-b714821ce136","Michael","Wiley","-","0.0","1",,"RB",,,
"1d71f3b8-3634-4adb-8491-f8e96cc03827","Jake","Fromm","-","0.0","1",,"QB",,,
"1db2440d-34f3-4366-a418-257b06579454","Ja'Corey","Brooks","-","0.0","1",,"WR","Washington Commanders",,
"1323085b-bd73-43a9-b90c-8927f63c98f1","Nsimba","Webster","-","0.0","1",,"WR",,,
"1e505cb2-8eb7-46ae-b976-1f5a0bc3b0b2","Donald","Parham Jr.","-","0.0","1",,"TE",,,
"1e8e8fd0-f966-4580-9c76-0461b85f6915","Justyn","Ross","-","0.0","1",,"WR",,,
"1ea3ec83-99c6-4642-a7ed-896950cd206f","Blake","Watson","-","0.0","1",,"RB",,,
"1ef8e8f9-3de6-4239-b98e-77803e9a5285","Josh","Pederson","-","0.0","1",,"TE",,,
"1f846de7-2f33-449a-8d94-59c4d6d16510","Rakim","Jarrett","-","0.0","1",,"WR",,,
"207c17bb-799e-41a9-8098-92cbc4c42c63","Odell","Beckham Jr.","-","0.0","1",,"WR",,,
"20c5fc93-da5e-4356-b924-1210edada489","Sterling","Shepard","-","0.0","1",,"WR",,,
"20e2fa78-b8c5-4c76-81b8-7e5dc7357e15","Andrew","Beck","-","0.0","1",,"RB","New York Jets",,
"2100ff8b-3251-46d0-b576-db82b2f324ab","Nathan","Rourke","-","0.0","1",,"QB",,,
"2105049b-f210-44ba-8c90-ee9f41bdaa9f","Kevin","Rader","-","0.0","1",,"TE",,,
"210c8133-78b7-47dd-88c9-5a30d2c9348d","Harrison","Wallace","-","0.0","1",,"WR","Arizona Cardinals",,
"2135a47e-47c7-46f3-b938-e3a0e9985b8f","Holton","Ahlers","-","0.0","1",,"QB",,,
"21500795-8d63-4e92-8068-3eb972d0f076","Anthony","Schwartz","-","0.0","1",,"WR",,,
"2152841c-79c2-4b65-9a83-612559ee16f3","Lucky","Jackson","-","0.0","1",,"WR",,,
"216361e8-82cf-4225-abed-04e8c7e220d3","Matt","Sokol","-","0.0","1",,"TE",,,
"12c9a10c-6601-42af-a7ca-f17213f13afe","Mike","Williams","-","0.0","1",,"WR",,,
"2221f12a-fe8d-4e3b-8533-d723870d8044","La'Michael","Pettway","-","0.0","1",,"TE",,,
"224118d2-9fc3-474c-8389-516df5072eeb","Tommy","Mellott","-","0.0","1",,"WR",,,
"2250253a-21af-457a-87f6-73aaa6e9c72f","Jordan","Travis","-","0.0","1",,"QB",,,
"22bfacf7-c321-49c2-82ed-092caef09fab","Zach","Davidson","-","0.0","1",,"TE",,,
"2394a586-0f76-4ddf-bae8-1588a314546c","Armani","Rogers","-","0.0","1",,"TE",,,
"12a35c0b-9916-43a2-b6bc-d2e19045c3ab","Dan","Villari","-","0.0","1",,"TE","Los Angeles Rams",,
"23e46c8b-7108-4c35-b246-1fca07371c0c","Melvin","Gordon III","-","0.0","1",,"RB",,,
"24143aed-17f7-4016-bf51-f4d5d69b088e","Justin","Shorter","-","0.0","1",,"WR","Las Vegas Raiders",,
"2432416d-2252-4754-8c5b-43e84a7214b0","Austin","Stogner","-","0.0","1",,"TE",,,
"247585e6-9f55-4106-b510-1f9d2accef7b","Phillip","Brooks","-","0.0","1",,"WR",,,
"2476b394-74d3-42c9-9e3b-0a197b8389b8","Will","Grier","-","0.0","1",,"QB","Carolina Panthers",,
"24b37e0c-090c-4e33-b251-fb21a239be7f","Brennan","Presley","-","0.0","1",,"WR","Los Angeles Rams",,
"257b03c0-1da6-4c52-aecc-705697288d45","Justin","Watson","-","0.0","1",,"WR","Houston Texans",,
"259f0964-1918-4f62-b570-a3e0407f5675","Isaiah","McKenzie","-","0.0","1",,"WR",,,
"25a85ded-09b4-4161-af16-a3ca7dc915ca","Matt","Breida","-","0.0","1",,"RB",,,
"25e975ea-bce1-4c0d-bcf3-85f9335a9342","Dymere","Miller","-","0.0","1",,"WR",,,
"25fe2e96-8eaf-42f7-a7ce-9f9f847ea435","Sammy","Watkins","-","0.0","1",,"WR",,,
"262c9dd0-3628-4935-9bdf-3c901fa976da","Kearis","Jackson","-","0.0","1",,"WR",,,
"26dcee43-26f9-4f06-b64f-b5eaef06f59e","KJ","Hamler","-","0.0","1",,"WR",,,
"26df1b52-5ef8-432e-b25a-09837caed320","Montorie","Foster","-","0.0","1",,"WR","Seattle Seahawks",,
"26f1d424-c4f6-4e4a-99a3-c0ceed900ddd","Joe","Reed","-","0.0","1",,"WR",,,
"26f44a2c-58ac-4275-9994-3e2b5f652e51","Wesley","Grimes","-","0.0","1",,"WR","San Francisco 49ers",,
"27169c49-c432-4838-a8eb-cd32501af9bd","Jerjuan","Newton","-","0.0","1",,"WR",,,
"2726e686-fd87-458b-866b-5085cb66a198","Maurice","Alexander","-","0.0","1",,"WR","Chicago Bears",,
"273662d9-2555-42f0-8b15-b79776c69420","Danny","Gray","-","0.0","1",,"WR","Philadelphia Eagles",,
"2738f4c7-20f7-470c-8722-b8a0575e6c52","Joel","Wilson","-","0.0","1",,"TE","Tennessee Titans",,
"2788587c-777b-4307-afe4-c5224037d088","Jacob","Clark","-","0.0","1",,"QB","Las Vegas Raiders",,
"278ccf23-07e8-43a4-ae23-3e58941dd167","Jeff","Smith","-","0.0","1",,"WR",,,
"2794e025-4d29-449f-afc0-bcf000a9d78d","Greg","Ward","-","0.0","1",,"WR",,,
"11ca2a44-d1f7-4545-b949-3d2ed6b9fa06","Andre","Roberts","-","0.0","1",,"WR",,,
"2811abb5-a0b9-41ae-9649-73d5cdc1d9e2","Behren","Morton","-","0.0","1",,"QB","New England Patriots",,
"2811d02e-9207-487c-bb8f-d766421885ea","River","Cracraft","-","0.0","1",,"WR",,,
"119929b6-2120-4117-b150-7754683bf0cb","Jaheim","Bell","-","0.0","1",,"TE","Pittsburgh Steelers",,
"2848482f-bde6-437e-a72f-048516231d06","Tyler","Scott","-","0.0","1",,"WR","Los Angeles Rams",,
"28b02f21-32f5-426b-8c57-04c5325881ba","Kyle","Philips","-","0.0","1",,"WR",,,
"28c95aec-e990-462e-a6fa-559ff7ccc316","Denzel","Mims","-","0.0","1",,"WR",,,
"28d9da6e-b24c-455f-84eb-f663f4cef489","Craig","Reynolds","-","0.0","1",,"RB",,,
"28e1b503-9df2-41aa-a74c-5ce6ff3e9c52","Isaiah","Washington","-","0.0","1",,"WR",,,
"2994dabf-037b-4779-915f-857de04c9957","Mark","Gronowski","-","0.0","1",,"QB","Miami Dolphins",,
"1103877f-7d3d-48c1-af47-556cee1bd554","Aidan","Robbins","-","0.0","1",,"RB",,,
"29f05c1e-ad90-49b5-b00e-42feb2c73a49","Quentin","Skinner","-","0.0","1",,"WR","New York Jets",,
"2a1f995b-af94-4e55-97da-be42e5f5716c","Keleki","Latu","-","0.0","1",,"TE","Buffalo Bills",,
"2a210373-a0dd-4d87-bb73-5c609069fd2d","Taylor","Elgersma","-","0.0","1",,"QB",,,
"2a2e1794-a0c7-4a6e-92f0-128548391fcf","Freddie","Swain","-","0.0","1",,"WR",,,
"2a9b932f-482f-4d43-8cc1-91e0d2985a31","Donovan","Peoples-Jones","-","0.0","1",,"WR",,,
"2aa500d6-9546-4a17-806c-dcf864f438fa","Velus","Jones Jr.","-","0.0","1",,"RB","Seattle Seahawks",,
"2ae471de-7b80-411f-8dfb-c8cd9667de46","Micah","Bernard","-","0.0","1",,"RB",,,
"2aea242e-14c5-4fb2-9cce-99c33048a2e1","JuJu","Smith-Schuster","-","0.0","1",,"WR",,,
"2afbef67-6b69-4987-89c2-69114fc438b9","Phillip","Dorsett","-","0.0","1",,"WR","Las Vegas Raiders",,
"2b07c4bf-dfa4-43f8-8ae9-3704b3603331","Kobe","Hudson","-","0.0","1",,"WR",,,
"2b507927-2faf-408d-87f0-3c77e750f0fd","Shedrick","Jackson","-","0.0","1",,"WR","Las Vegas Raiders",,
"2bbcb602-aff4-4d2d-adf1-1b8af14757db","Travis","Homer","-","0.0","1",,"RB","Pittsburgh Steelers",,
"2bf4fde5-9c56-4c61-943d-84ff493aa41c","Jaray","Jenkins","-","0.0","1",,"WR",,,
"104daa04-baa4-4706-9f80-9ac9b484f565","Tru","Edwards","-","0.0","1",,"WR","Los Angeles Rams",,
"2d5a705f-3034-4e5f-81ae-2b345585fe80","Justin","Hall","-","0.0","1",,"WR",,,
"2db46b17-ec5b-4cd0-af67-c1de4b909618","Brayden","Willis","-","0.0","1",,"TE","San Francisco 49ers",,
"2dc7e83c-42e6-4b8c-b2e4-ad4ce3aaad3e","Seth","Henigan","-","0.0","1",,"QB","Indianapolis Colts",,
"2e8439e4-9f31-4430-809f-c8390d91c89d","Zach","Evans","-","0.0","1",,"RB",,,
"102b3a70-1f36-49d4-b40f-c630403113d0","Garrett","Nussmeier","-","0.0","1",,"QB","Kansas City Chiefs",,
"2ee7bdf6-8963-4c78-abb7-3f87085d05d6","Coleman","Bennett","-","0.0","1",,"RB","Chicago Bears",,
"2f0471f5-3032-4263-982f-81e82fb59193","Jack","Strand","-","0.0","1",,"QB","Atlanta Falcons",,
"2f1008af-7b76-4f71-b5a7-6d523926d111","Messiah","Swinson","-","0.0","1",,"TE","Green Bay Packers",,
"2f14d084-94b3-4b89-a10c-c04398e6a723","Boston","Scott","-","0.0","1",,"RB",,,
"2f24d153-14b4-469d-9159-9e5e22ab7209","Snoop","Conner","-","0.0","1",,"RB",,,
"2f4c832a-d794-44a4-abf9-0571cb0bcc0b","Giles","Jackson","-","0.0","1",,"WR",,,
"2f7e2148-2e40-4769-987d-9ec1b7fa0f40","DeeJay","Dallas","-","0.0","1",,"RB","Jacksonville Jaguars",,
"2f990bc4-cdb2-47e4-8546-682b8ff5fc3d","Ainias","Smith","-","0.0","1",,"WR","Carolina Panthers",,
"100da4cd-18b3-4070-a139-b59c81aeeb46","Jackson","Meeks","-","0.0","1",,"WR","Detroit Lions",,
"3069fe52-f6cc-4f22-8562-ed97a6c005cf","Keaontay","Ingram","-","0.0","1",,"RB",,,
"307cc484-92ab-4305-b5e0-638a1ed65e82","Isaiah","Neyor","-","0.0","1",,"WR","Green Bay Packers",,
"30baf471-b495-4080-8381-869aca53aab1","Bauer","Sharp","-","0.0","1",,"TE","Tampa Bay Buccaneers",,
"30cbcf4b-4b5f-46f2-9bbf-1c143cdd294c","Kazmeir","Allen","-","0.0","1",,"RB",,,
"30e408bc-a963-4a7a-8fee-222db6bd9fb7","Godwin","Igwebuike","-","0.0","1",,"RB",,,
"310fbd01-e8d1-4480-a403-ea73b88ca24b","Jamison","Crowder","-","0.0","1",,"WR",,,
"31202dbe-caf8-4ba8-a471-5e31e99a1695","Miles","Boykin","-","0.0","1",,"WR",,,
"316c43e8-a0c2-4394-abef-6c17f664ccec","Robbie","Chosen","-","0.0","1",,"WR",,,
"3182510e-aec6-4a0c-83e5-ab8b2165e711","AJ","Henning","-","0.0","1",,"WR","Miami Dolphins",,
"319bccb7-e540-4467-9726-937882ffbc6e","Michael","Gallup","-","0.0","1",,"WR",,,
"31a1affe-baf0-4343-862b-7c28413a8bc0","K.J.","Osborn","-","0.0","1",,"WR","Tennessee Titans",,
"3290479d-6f6b-4d09-8493-09ca0bb55a03","Adam","Prentice","-","0.0","1",,"RB","Denver Broncos",,
"32ad2088-9879-4553-be11-03ebeb5c6ade","Jordan","Mims","-","0.0","1",,"RB",,,
"32d134a2-cbdb-4c84-a94d-58be2c2c5f8b","Peyton","Hendershot","-","0.0","1",,"TE",,,
"333c5cb7-380c-4c6a-819b-58a4e2b0a5f0","Curtis","Samuel","-","0.0","1",,"WR",,,
"33ecfd2c-c0d6-49d7-a063-29f9723894a4","Derrick","Gore","-","0.0","1",,"RB",,,
"0ffecaae-8212-4aa2-963d-0afea8f4b158","Kurtis","Rourke","-","0.0","1",,"QB","San Francisco 49ers",,
"348815a7-d8fa-406a-b29d-d70483301535","Max","Duggan","-","0.0","1",,"QB",,,
"0fa3a9bd-4dc2-49b1-b09c-7bc7d0d28ca4","Pooka","Williams","-","0.0","1",,"WR",,,
"34c3204f-63de-49a4-9797-241e1454d846","N'Keal","Harry","-","0.0","1",,"TE",,,
"3514a08c-afbb-49d8-b0e9-15948ac4fe88","Ty","Scott","-","0.0","1",,"WR",,,
"3537f3e3-b7c6-4d7b-b0d8-570eb4ea6ad6","Nick","Muse","-","0.0","1",,"TE",,,
"356f4ab0-a960-4f7c-80fe-4d0a8c507cf6","Chris","Conley","-","0.0","1",,"WR",,,
"35c12261-de5e-4968-93a9-487c2276bed4","Israel","Abanikanda","-","0.0","1",,"RB","Dallas Cowboys",,
"35e6af16-cbde-4eff-80db-91e955f484ab","Joey","Aguilar","-","0.0","1",,"QB","Jacksonville Jaguars",,
"35f6e739-d1bc-4af5-b26a-50f42e44fd25","Bailey","Zappe","-","0.0","1",,"QB","New York Jets",,
"3613f491-2d51-4cbb-b0d1-d2853b56a6b3","Devonte","Ross","-","0.0","1",,"WR","Los Angeles Chargers",,
"0f9041d8-7ed9-44b5-a31b-48e90c593244","Ronald","Jones","-","0.0","1",,"RB",,,
"36c9632e-8320-413d-a87d-d162ed758bba","Chris","Oladokun","-","0.0","1",,"QB","Kansas City Chiefs",,
"373dbaa6-c5e0-4329-9424-5b34be21da8b","Ronnie","Bell","-","0.0","1",,"WR","New Orleans Saints",,
"37c89459-8c26-4af8-9b93-605f54f3f3e9","Chris","Collier","-","0.0","1",,"RB","Las Vegas Raiders",,
"37f16a14-4d95-498d-9ca1-a41493b2f5e5","Malik","Knowles","-","0.0","1",,"WR",,,
"3807d2ba-feae-4a5c-a3a1-2d3b76e9fe40","Hunter","Bryant","-","0.0","1",,"TE",,,
"3840be40-ded5-45c7-be09-49056c774b1e","Pete","Guerriero","-","0.0","1",,"RB",,,
"387a9309-8fc4-4e77-a421-eea89ec2b704","Lake","McRee","-","0.0","1",,"TE","Pittsburgh Steelers",,
"38beeb95-fe35-43a1-ada4-4029921bd26e","DJ","Rogers","-","0.0","1",,"TE","Dallas Cowboys",,
"38f91673-0f53-49ab-88aa-2f7ea79bdc93","Emory","Jones","-","0.0","1",,"QB",,,
"393442d0-a063-4cfd-b5cf-bc01009a1127","Marlon","Mack","-","0.0","1",,"RB",,,
"39a0d72a-3902-4bbe-81cb-d605f10904d7","Trinity","Benson","-","0.0","1",,"WR",,,
"3aa6353c-fc40-4942-b814-62b246cf3f5f","Will","Pauling","-","0.0","1",,"WR","San Francisco 49ers",,
"3ad8db0c-350b-4c4f-a300-45a2d5f13ecb","Tanner","Mordecai","-","0.0","1",,"QB",,,
"3af15759-50ac-4f0e-90d4-38f44036b321","Nate","Noel","-","0.0","1",,"RB",,,
"3b3c394b-c50c-4755-8f7d-d97071f83dbb","Sam","Brown","-","0.0","1",,"WR",,,
"3bba5b64-8372-4039-96eb-8585802acc00","Miles","Sanders","-","0.0","1",,"RB",,,
"3bf5caec-a327-4dac-bfc7-8c48fc0e2b90","Kobe","Prentice","-","0.0","1",,"WR","Carolina Panthers",,
"3c378f9e-ada3-4e12-990e-f993fdf4384a","Tyren","Montgomery","-","0.0","1",,"WR","Tennessee Titans",,
"3d16e9ff-2c20-41c9-b53f-d61aaaf5fa93","Matthew","Slater","-","0.0","1",,"WR",,,
"3def899a-83d1-4f6f-8d18-6e16fe56060e","Cade","Johnson","-","0.0","1",,"WR",,,
"3e3bb4ad-2f0c-41af-8bb2-fbc6e616b140","Jarvis","Landry","-","0.0","1",,"WR",,,
"3e633b36-a267-4a11-9c0f-73dea2802d0e","Russell","Gage","-","0.0","1",,"WR",,,
"3ea243d8-8c80-4f57-af63-e09dbe3619fc","Mac","Dalena","-","0.0","1",,"WR",,,
"3ea4f854-6167-44ff-83e4-a73886adecd2","Leonard","Taylor","-","0.0","1",,"TE",,,
"3ea592f8-6cb4-4078-9434-5457bd6cc4ec","Bailey","Gaither","-","0.0","1",,"WR",,,
"0f535ee5-3932-45ee-b459-95a423c5e0c5","Robert","Woods","-","0.0","1",,"WR",,,
"3eed15cd-5b30-4383-ae6d-5f4ac38f6bbc","Robert","Burns","-","0.0","1",,"RB",,,
"3f4f4027-bacf-4dd7-81f4-006565ea7a0f","Luke","Lachey","-","0.0","1",,"TE",,,
"3f78cdee-f7ea-4e75-b473-7851a6011f66","P.J.","Walker","-","0.0","1",,"QB",,,
"3ff43c5e-42ce-418e-9eff-8982a726e977","Austin","Mack","-","0.0","1",,"WR",,,
"0ebcbb7f-4628-49bf-9b24-e346ca6708a6","Cash","Jones","-","0.0","1",,"RB","Atlanta Falcons",,
"4072fba6-3a90-49aa-bef2-880525cff75e","Caden","Prieskorn","-","0.0","1",,"TE",,,
"40e41419-557e-4e51-b683-ee1ae33a9394","Tyree","Jackson","-","0.0","1",,"TE",,,
"4109b6fc-e28a-41ff-8976-7249ea04bad7","Marcus","Rosemy-Jacksaint","-","0.0","1",,"WR",,,
"413426c2-4f45-480c-9500-b3a50627a0a5","Joshua","Cephus","-","0.0","1",,"WR",,,
"413430e7-7088-4b34-ae9d-7a56c4e6bd13","Ben","Sims","-","0.0","1",,"TE","Miami Dolphins",,
"4212e7c4-b916-491e-872f-dab9bb0613fe","Clyde","Edwards-Helaire","-","0.0","1",,"RB",,,
"422702e7-ded8-4fe2-ad11-46efd3093bee","Michael","Thomas","-","0.0","1",,"WR",,,
"4233bd4a-bf7b-4a60-957a-3aeb53b78f71","Caleb","Lohner","-","0.0","1",,"TE","Denver Broncos",,
"4244138b-d9c9-49ea-a71a-7b44f1c3b773","Irvin","Charles","-","0.0","1",,"WR","New York Jets",,
"42d5465a-1f71-4aff-ae4b-2fd8927165bb","Kaden","Prather","-","0.0","1",,"WR",,,
"430b4d12-2243-4609-a44b-8bb4b73ba154","Jordan","Murray","-","0.0","1",,"TE",,,
"432be6b5-a976-4894-b78b-9cf63011d8bc","Jashaun","Corbin","-","0.0","1",,"RB",,,
"436e8d4c-503f-41a3-a2e2-f50d37e2d550","Sean","Ryan","-","0.0","1",,"WR",,,
"4382367a-4f70-408c-a11f-e3881cff6157","Malik","Benson","-","0.0","1",,"WR","Las Vegas Raiders",,
"439a1858-7a29-46b0-b940-d5d2d085d63a","Michael","Jacobson","-","0.0","1",,"TE",,,
"43a23ad3-3864-4050-bb22-f49d635f0abb","Kenny","Yeboah","-","0.0","1",,"TE",,,
"441d914d-57ea-48b3-a529-cfa68c1804e6","Josh","Ali","-","0.0","1",,"WR",,,
"4463bc93-cccf-40c1-a08e-5df91cddd420","Makai","Polk","-","0.0","1",,"WR",,,
"4483f499-d688-42c8-aa23-44f4780e8ecc","D.J.","Montgomery","-","0.0","1",,"WR",,,
"44d68d12-5278-4c1c-9c29-b2a0baf10697","Quez","Watkins","-","0.0","1",,"WR","Philadelphia Eagles",,
"44f590e9-24e3-4944-b847-34a7bbea6a02","Carson","Steele","-","0.0","1",,"RB","Philadelphia Eagles",,
"451d771d-c92e-48d3-84a9-0215d57169af","Jason","Bean","-","0.0","1",,"QB",,,
"455a12c8-3e72-466c-8a4f-d174a63e1ec8","Graham","Mertz","-","0.0","1",,"QB","Houston Texans",,
"0eb31042-f10c-45d5-a4d9-4724790e3240","Austin","Trammell","-","0.0","1",,"WR","Jacksonville Jaguars",,
"45e565f6-299c-4a87-9af4-71b2633d672e","Zach","Ertz","-","0.0","1",,"TE",,,
"468cfda9-d6cc-42a2-9bbc-47989ea4edc6","Tony","Brown","-","0.0","1",,"WR",,,
"46c3b096-9120-4b92-8b29-4909776aa888","Cole","Turner","-","0.0","1",,"TE","Miami Dolphins",,
"4747f2ff-48e4-4a88-bc5a-21fe09205fc9","Ty'Son","Williams","-","0.0","1",,"RB",,,
"47750122-9c5e-44a5-8b75-a5e69eb458ee","Joseph","Ngata","-","0.0","1",,"WR",,,
"47d0a452-af87-42cc-a51e-7e00c693c57e","Trey","Quinn","-","0.0","1",,"WR",,,
"47e91d6b-3990-41ed-901a-352b1b4e2714","Mitchell","Wilcox","-","0.0","1",,"TE",,,
"47fb83f8-9399-46f2-abd1-6b5b33a1f11d","Bryce","Ford-Wheaton","-","0.0","1",,"WR",,,
"481dc43f-e31b-4d0c-b42f-a713248b5aed","CJ","Donaldson","-","0.0","1",,"RB","New Orleans Saints",,
"486c4f3e-c931-4902-8f68-520edd5c1415","Dae'Quan","Wright","-","0.0","1",,"TE","Philadelphia Eagles",,
"48711f29-8265-4523-81d9-7723601a88fe","Mario","Williams","-","0.0","1",,"WR","Los Angeles Rams",,
"4881ebc2-5b6e-4ec5-adc7-cf45844892a8","Logan","Thomas","-","0.0","1",,"TE",,,
"489735dd-6962-4fb7-a81e-5c29520dd0ef","Matt","Bushman","-","0.0","1",,"TE",,,
"48f1f95b-1e4b-498c-b9a2-64819e36fc92","Josh","Reynolds","-","0.0","1",,"WR",,,
"490d57a9-7095-4705-af57-48ce4434239d","Hakeem","Butler","-","0.0","1",,"WR",,,
"498e7d6f-034a-4832-bc85-2601e2db6592","Jordan","Moore","-","0.0","1",,"WR","Cincinnati Bengals",,
"49cfc80a-4671-489c-9b09-06e6197114dd","Daurice","Fountain","-","0.0","1",,"WR",,,
"4a913c64-b469-4a58-a2c4-57b162a826a9","Duece","Watts","-","0.0","1",,"WR",,,
"4a994157-8f75-4426-868e-6a7f64923e63","Chris","Herndon","-","0.0","1",,"TE",,,
"4b3b6a11-7f52-4819-96ad-dcd03319dccf","Jaylon","Moore","-","0.0","1",,"WR",,,
"4bc97361-2ca0-49fe-8784-ca48e1a1bb7c","Joshua","Dobbs","-","0.0","1",,"QB",,,
"4c351c8a-9ec5-4186-946a-4a2712eeba0c","Trevon","Wesco","-","0.0","1",,"TE",,,
"4c4feeb9-72c0-465a-a75d-815186ef9f18","Darrynton","Evans","-","0.0","1",,"RB",,,
"4c7b890a-c9f3-4610-988d-4d3dfecd3108","John","Copenhaver","-","0.0","1",,"TE",,,
"4d30d232-6822-439b-956f-95f0af322774","Nick","Williams","-","0.0","1",,"WR",,,
"4d74314c-0e40-442a-a1c9-a76d83280b55","Pierre","Strong Jr.","-","0.0","1",,"RB","Green Bay Packers",,
"0e44b487-365f-47a5-830e-b26cf9b9fe60","Chase","Cota","-","0.0","1",,"WR",,,
"4e30dba1-3674-4130-a5de-65df3d72ed94","Kyron","Drones","-","0.0","1",,"QB","Green Bay Packers",,
"4e6ec08c-f160-44ca-9638-1c6a2a7b16d5","Donavon","Greene","-","0.0","1",,"WR",,,
"4f6431c0-621c-4caa-9428-7150309de6f9","Eric","Ebron","-","0.0","1",,"TE",,,
"4fbbb9d7-3976-4af5-88fd-5f550d398706","DeAndre","Carter","-","0.0","1",,"WR",,,
"4fe7e521-5dd3-4039-9c89-5399ee368ff7","Jacob","Copeland","-","0.0","1",,"WR",,,
"4ff012ce-3c2e-4f8a-a496-2fb1e8be70e6","Samori","Toure","-","0.0","1",,"WR",,,
"5026219a-fbef-43b0-89f6-4d7867df5ccc","Kendall","Milton","-","0.0","1",,"RB","Cincinnati Bengals",,
"50cf7161-29ed-46ff-b00e-941b20927d4b","DeAndre","Hopkins","-","0.0","1",,"WR",,,
"50e1dc14-7d39-4414-960d-373e8bd7e726","CJ","Dippre","-","0.0","1",,"TE","New England Patriots",,
"5110e65f-08a0-4b16-adfb-36f2319e5dee","Lee","Smith","-","0.0","1",,"TE",,,
"51380e2d-a107-4a58-82f9-2e08fd7dc7be","James","Robinson","-","0.0","1",,"RB",,,
"519ca221-48b4-45a3-a2c4-dd8e19e0c156","Cam","Akers","-","0.0","1",,"RB",,,
"519d2ac6-0dd9-4668-b685-3faa06f62ef9","Ian","Book","-","0.0","1",,"QB",,,
"5200271f-cac0-46df-a148-233ccd3d3f89","Keelan","Doss","-","0.0","1",,"WR",,,
"520bc475-4ba5-46ca-a752-84c4eeea65f1","Jared","Wayne","-","0.0","1",,"WR","Houston Texans",,
"52116d77-c384-43ee-8be7-60b275db0fa4","Alex","Bachman","-","0.0","1",,"WR",,,
"52507865-4a63-459d-8063-c78627b3aaae","C.J.","Beathard","-","0.0","1",,"QB",,,
"52aa350a-db99-412f-999d-dccd9f420346","Richard","Rodgers","-","0.0","1",,"TE",,,
"54dcd220-1e70-47d2-9374-ed3b3eda503f","Hayden","Large","-","0.0","1",,"TE","Chicago Bears",,
"553276f3-c7a3-4d90-8e0c-600a2624a689","Travis","Vokolek","-","0.0","1",,"TE",,,
"55513188-6b72-42e5-b975-0e8bfa420d65","Lance","McCutcheon","-","0.0","1",,"WR","Tennessee Titans",,
"55dc40ca-72b3-4c70-9398-1892fd148463","Marvin","Hall","-","0.0","1",,"WR",,,
"55dd5ca8-05fb-4fe9-b882-92afb1f855b9","Dominique","Dafney","-","0.0","1",,"TE",,,
"5661ede0-aea6-4918-afe8-66230ed757e2","Derek","Wright","-","0.0","1",,"WR",,,
"0e3dd964-37da-46a1-8c14-d0b9c603a622","Demetric","Felton","-","0.0","1",,"RB",,,
"569dbf8a-e48c-4909-862d-d62e3c410322","Max","Brosmer","-","0.0","1",,"QB","Minnesota Vikings",,
"56fe31ff-17d4-4d98-b30b-df67a1567c98","Marcedes","Lewis","-","0.0","1",,"TE",,,
"57183b93-bbc4-4fa9-a483-27f9ba62977b","Lew","Nichols","-","0.0","1",,"RB","Pittsburgh Steelers",,
"0e26f468-2b6c-46df-92b1-1d07beb2ad06","Brandon","Johnson","-","0.0","1",,"WR","Pittsburgh Steelers",,
"57b1f817-c168-4a6e-a120-3e405672234f","Kahale","Warring","-","0.0","1",,"TE",,,
"583b4d7d-f0fb-46c6-837e-11c534c66791","Colton","Dowell","-","0.0","1",,"WR","San Francisco 49ers",,
"58d53d72-881d-4cd7-83b2-2122397ed1a9","Nate","McCrary","-","0.0","1",,"RB",,,
"58efdf4d-81c3-4976-a69d-3911d7479693","Princeton","Fant","-","0.0","1",,"TE","Dallas Cowboys",,
"5939921e-6f6e-4a98-997c-00cf297bc4bb","Spencer","Brown","-","0.0","1",,"RB",,,
"595930d2-7989-4c66-892a-56c5c401a346","Willie","Snead","-","0.0","1",,"WR",,,
"599c8702-deb1-4a20-b6b5-248ceb4fb164","Theo","Riddick","-","0.0","1",,"RB",,,
"59aa7ed6-4bc9-4deb-a8df-9ce9c79d33f9","Cedrick","Wilson","-","0.0","1",,"WR","Detroit Lions",,
"5aa9af6a-cb79-4daa-84d5-56a575a8a627","Ja'Mori","Maclin","-","0.0","1",,"WR","Buffalo Bills",,
"5abca9ed-2abf-4aa6-a714-798722befd47","Malik","Cunningham","-","0.0","1",,"WR","Detroit Lions",,
"5b395d41-6e84-4d5d-b566-42cf47127589","Thomas","Odukoya","-","0.0","1",,"TE",,,
"5b466485-add7-4f85-98fb-4abbdc87ddf3","Gavin","Hardison","-","0.0","1",,"QB",,,
"5b730312-d77f-4303-957e-56828100bd80","Payton","Thorne","-","0.0","1",,"QB",,,
"5ba355c3-b2e7-465e-94cc-0b154701c72b","CJ","Williams","-","0.0","1",,"WR","Jacksonville Jaguars",,
"5ba9b593-6384-4b32-a996-1c37259d70f4","James","Proche","-","0.0","1",,"WR",,,
"5becb9ea-2f81-46d0-aff3-9d4d3ff9f24a","Ben","DiNucci","-","0.0","1",,"QB",,,
"5bf553de-205e-4109-a5e9-22ee717ef682","Roman","Hemby","-","0.0","1",,"RB","Las Vegas Raiders",,
"5d037b4b-6eae-4a0c-b17e-5313b9a1faa7","Hunter","Long","-","0.0","1",,"TE","Jacksonville Jaguars",,
"5ddc3367-09fb-4c4c-abd4-44edab58f4cf","McCallan","Castles","-","0.0","1",,"TE",,,
"5eaf2f41-75a4-4ac7-a6c6-85bd1101a065","Michael","Woods","-","0.0","1",,"WR","Denver Broncos",,
"5f300f1b-c9a0-420f-8570-0b6f261edb8e","Tre'Shaun","Harrison","-","0.0","1",,"WR",,,
"5f8db807-27e1-4927-8097-d05da71fcd6e","Davon","Booth","-","0.0","1",,"RB","Cleveland Browns",,
"5fe0ff1f-3902-49e7-8e5b-5449fc72c44f","Tyreik","McAllister","-","0.0","1",,"WR",,,
"60b340f7-d364-45ba-9a8d-5f4253a16499","Darrel","Williams","-","0.0","1",,"RB",,,
"61129421-4587-4859-9d00-a1099ab2cbf4","Blake","Bell","-","0.0","1",,"TE",,,
"61c83c26-d24e-4218-9b6c-f52fb936c6ba","Sam","Wiglusz","-","0.0","1",,"WR",,,
"61d833f0-2a6f-4271-a981-a54f05da79c5","Austin","Watkins","-","0.0","1",,"WR",,,
"621f5add-a8dc-497f-9eb9-b55ef88982b5","Chase","Edmonds","-","0.0","1",,"RB",,,
"6244c3b3-063e-4697-b729-9b61354a93bf","Trevor","Siemian","-","0.0","1",,"QB","Atlanta Falcons",,
"625dcfa2-f434-4b4d-980b-cbe1bde4f69b","David","Wells","-","0.0","1",,"TE",,,
"626b0157-9cb2-4836-8db7-23cc024a4000","Johnny","Johnson","-","0.0","1",,"WR",,,
"627bef61-4bf1-4a28-9305-bb5659195022","Kene","Nwangwu","-","0.0","1",,"RB","New York Jets",,
"627d9ee0-d843-44eb-a608-1a489d18b1ec","Jahmal","Banks","-","0.0","1",,"WR",,,
"627e952f-891c-44cd-8b72-baa798149d45","Nate","Sudfeld","-","0.0","1",,"QB",,,
"62a1e4e0-7b5a-429a-bfcf-6dc0d6188b82","Russell","Wilson","-","0.0","1",,"QB",,,
"62b729b2-b991-45f6-a2ea-bd12e505df7e","Matt","Barkley","-","0.0","1",,"QB",,,
"62de0fa1-6479-40d6-a657-b9a3e732ff51","Isaiah","Wooden","-","0.0","1",,"WR",,,
"6340e919-eeaf-4a32-82d3-d1a431e42f7f","Laquon","Treadwell","-","0.0","1",,"WR","Indianapolis Colts",,
"639ff396-653f-4ed5-9a6e-e3954bb47e59","Evan","Hull","-","0.0","1",,"RB","Houston Texans",,
"646b3e36-ea2c-4829-b18b-7450d0c9cbac","Jordan","Akins","-","0.0","1",,"TE",,,
"64962e6e-160c-4b39-b466-0158479788d4","Kendric","Pryor","-","0.0","1",,"WR","Cincinnati Bengals",,
"64967ce4-52f8-4841-9857-30119db182e8","Daylen","Baldwin","-","0.0","1",,"WR",,,
"0d41a7fb-67c4-4d2c-9819-ed9149103aef","Clive","Walford","-","0.0","1",,"TE",,,
"6555eb32-270c-4abb-a93f-5be5edee1386","DeWayne","McBride","-","0.0","1",,"RB",,,
"6570a4b2-4fee-4c27-bad6-e4130e4d7116","John Samuel","Shenker","-","0.0","1",,"TE",,,
"65aabfc5-bac9-4e9b-a4b7-9b3368655fe0","Marcus","Yarns","-","0.0","1",,"RB",,,
"65abaec7-5ea1-404d-8ea9-3318cc48b258","Tejhaun","Palmer","-","0.0","1",,"WR","Arizona Cardinals",,
"65d17a5e-e07d-4175-a782-7ba9249785d9","Jabari","Small","-","0.0","1",,"RB","Detroit Lions",,
"65d5f438-89da-4aeb-a0ac-95c399d1d511","Will","Dissly","-","0.0","1",,"TE",,,
"66b49eb4-9884-4991-a00f-7ecd36b0e9aa","Jha'Quan","Jackson","-","0.0","1",,"WR",,,
"66da86d1-293f-49d2-b675-72d7d15691ef","Luke","Wysong","-","0.0","1",,"WR","Minnesota Vikings",,
"671a45a5-89c3-4150-8606-cf2df6eb9a51","Ramel","Keyton","-","0.0","1",,"WR",,,
"6725419e-83e8-4607-ac63-598274269fbb","Sincere","McCormick","-","0.0","1",,"RB","San Francisco 49ers",,
"676b136d-6d03-4784-9698-7e827b1c8902","Chris","Blair","-","0.0","1",,"WR","Atlanta Falcons",,
"6784a9ad-80fa-4348-9fc2-2700134b948f","John","Ross","-","0.0","1",,"WR",,,
"67f48d1c-01c6-4087-af12-6fa4826c5d14","Luke","Altmyer","-","0.0","1",,"QB","Detroit Lions",,
"6804d036-33b8-402c-b4d4-2cfb81cff07f","Tre'Quan","Smith","-","0.0","1",,"WR",,,
"680592b2-af6b-464e-b13e-d96ec2f50a97","Trace","McSorley","-","0.0","1",,"QB",,,
"681d9aa2-a55a-4ca0-8ecf-eb0211d020b0","Ben","Patterson","-","0.0","1",,"WR","Jacksonville Jaguars",,
"0c5ec7ee-e918-4eaa-bea1-b6744613205b","Malik","Flowers","-","0.0","1",,"WR",,,
"69150cc1-d3b7-4cbd-b161-85ec91d38240","Adrian","Martinez","-","0.0","1",,"QB","San Francisco 49ers",,
"695435f6-6c03-48ef-9fb7-cc745f534357","Anthony","Brown","-","0.0","1",,"QB",,,
"6963a921-e47b-422e-9a80-396991efe528","Raleigh","Webb","-","0.0","1",,"WR",,,
"69ffbbdd-d1d5-4a38-96d5-44b75fa649f3","Patrick","Herbert","-","0.0","1",,"TE","Jacksonville Jaguars",,
"6a2bfa86-cb8b-4c4d-a17c-37828c263719","Tucker","Fisk","-","0.0","1",,"TE",,,
"6a3d366c-fa27-44c3-bc52-06696f8fd0ff","Luis","Perez","-","0.0","1",,"QB",,,
"6a780151-a0ed-43e2-8a7a-9e06a0c9754a","Anthony","Tyus","-","0.0","1",,"RB","Carolina Panthers",,
"6af75eb3-d4fa-4926-8826-3f0e0c41b177","Do not ","draft","-","0.0","1",,"RB",,,
"6b862bf2-ef06-4be7-842a-50c9bb5a6fdd","Reggie","Gilliam","-","0.0","1",,"RB","New England Patriots",,
"6b9e20a6-17a8-4fe0-a762-1d6894d35b44","Je'Quan","Burton","-","0.0","1",,"WR",,,
"6ba6ce5e-9588-4d5f-81aa-4cd18adaf66a","Duke","Johnson","-","0.0","1",,"RB",,,
"6baaa02a-74a8-4ef2-8850-73bda1ca6f5f","Mohamed","Ibrahim","-","0.0","1",,"RB",,,
"6bcf406d-35e4-482f-aac2-55dd22c86375","Bam","Knight","-","0.0","1",,"RB","Arizona Cardinals",,
"6c0e7443-0e9c-458b-a31a-7ce3d6097f9b","Gee","Scott","-","0.0","1",,"TE",,,
"6c942285-a647-44b1-a72a-e8cc8fb26a16","Ray-Ray","McCloud III","-","0.0","1",,"WR",,,
"0c23edc4-cca3-4d66-b7c3-939bf357e9c5","Alexander","Mattison","-","0.0","1",,"RB",,,
"6d26ea90-0599-472d-9161-7b4929da5dde","Richie","James Jr.","-","0.0","1",,"WR",,,
"6d30d781-759a-408a-a125-6a1988532aef","Erik","Krommenhoek","-","0.0","1",,"TE",,,
"6daace2c-bed7-4fd2-9ce6-680a831349ca","Jase","McClellan","-","0.0","1",,"RB",,,
"6e16afbc-5d68-450b-b200-fafa9a803f33","John","Wolford","-","0.0","1",,"QB",,,
"6e31824e-8d2e-4a5a-9e7e-373fd6d5cc95","AJ","Dillon","-","0.0","1",,"RB","Carolina Panthers",,
"6eb763b3-40af-4513-999e-9da2508d91d1","Brycen","Tremayne","-","0.0","1",,"WR","Carolina Panthers",,
"6f02beb0-1e10-4c00-8a61-b8b95ecb64af","Malik","Rutherford","-","0.0","1",,"WR",,,
"0bc0c5f3-fa9c-4774-82f9-41d3847ee698","J.J.","Taylor","-","0.0","1",,"RB",,,
"6f1f5521-6e23-415d-b970-3985639f7730","Javon","Baker","-","0.0","1",,"WR",,,
"6f501c47-4635-43ea-a81f-32ddfc70441d","Abram","Smith","-","0.0","1",,"RB",,,
"6fc6e6ff-4c3b-4f64-8366-86f07b76be15","Elijah","Cooks","-","0.0","1",,"WR",,,
"703ddc4d-b63f-4f9d-a3a0-f8e06e702cc0","D.J.","Williams","-","0.0","1",,"RB",,,
"70413736-9906-4f5d-b68f-1f5ac7ee42bc","Breshad","Perriman","-","0.0","1",,"WR",,,
"711f216b-9877-449e-a263-0afbe5289471","DJ","Turner","-","0.0","1",,"WR",,,
"716201fe-90b4-45c4-ad30-26847cac195e","Jack","Westover","-","0.0","1",,"RB","New England Patriots",,
"724adbf2-af38-49f2-825d-305e18fad223","Trent","Taylor","-","0.0","1",,"WR",,,
"72848bfc-2c36-44f9-84fc-b1b7d4cf14f0","Dwayne","Washington","-","0.0","1",,"RB",,,
"72908a7c-b5cd-442c-a330-04a9cc8c3e5c","Xazavian","Valladay","-","0.0","1",,"RB",,,
"72c870b0-d416-4760-bb36-113db16890bd","De'Anthony","Thomas","-","0.0","1",,"WR",,,
"0b763a29-4415-456f-aa89-2cacc77addf5","Mike","Boone","-","0.0","1",,"RB",,,
"735b99b8-3904-4f5b-8817-342053374b78","Jordan","Waters","-","0.0","1",,"RB","Los Angeles Rams",,
"73c178db-3ce4-4ead-92de-9f647d43724d","Hunter","Renfrow","-","0.0","1",,"WR",,,
"7408d078-b296-4b85-9947-960d344421cc","Tyler","Boyd","-","0.0","1",,"WR",,,
"7423653f-aaf5-42f6-ac23-853c0f45faad","Kenyan","Drake","-","0.0","1",,"RB",,,
"7443e741-6ad2-4eb2-a2dd-ecdc00b4a3e6","Jason","Huntley","-","0.0","1",,"RB",,,
"7450340a-2afc-42c4-a836-563606d89a02","Junior","Bergen","-","0.0","1",,"WR","San Francisco 49ers",,
"747bee7b-b17c-45d6-af53-cf3beff7a178","Quali","Conley","-","0.0","1",,"RB",,,
"74b921b3-92ac-4115-956c-aef858eba5ba","Elijah","Moore","-","0.0","1",,"WR","Philadelphia Eagles",,
"74cd16a7-8c1c-4d8b-a6a3-0bfcba681b32","Ja'Quinden","Jackson","-","0.0","1",,"RB",,,
"74f1bc96-a6d1-415f-b8fb-ed3b64049ac8","Erik","Ezukanma","-","0.0","1",,"WR",,,
"753af6e3-f6fe-4675-9c94-8050bf881be2","Emmanuel","Henderson","-","0.0","1",,"WR","Seattle Seahawks",,
"755a7093-91e0-4896-a3d4-252d05ddbb90","Cole","Hardy","-","0.0","1",,"TE",,,
"0b70a4ab-0433-4084-803b-ab934cd6b6f6","Alex","Bullock","-","0.0","1",,"WR",,"OUT",
"757cf507-c1c0-4548-94ea-86a45c26312d","Trestan","Ebner","-","0.0","1",,"RB",,,
"76277fa0-9b18-428f-9455-bcf4bf46daab","Cam","Camper","-","0.0","1",,"WR",,,
"7656b516-87bc-4f13-9eb1-ef21cb3dddfe","Dez","Fitzpatrick","-","0.0","1",,"WR",,,
"76e38b56-4905-44c2-98df-afe427e3a417","Nick","Nash","-","0.0","1",,"WR","Washington Commanders",,
"776429a5-cfa1-4dd3-a9f0-b16cd61399aa","Sam","Howell","-","0.0","1",,"QB","Dallas Cowboys",,
"7784f1b4-5d82-42fe-b900-15ce4e888239","Tanner","McLachlan","-","0.0","1",,"TE",,,
"77997810-b24b-4b70-bea2-df15d1f2f39f","Michael","Burton","-","0.0","1",,"RB","Cleveland Browns",,
"77c3b242-2087-4322-9c1d-546ee71c8bd1","Dontay","Demus","-","0.0","1",,"WR",,,
"7884dc22-5569-4340-97f6-a565611e90cd","JP","Richardson","-","0.0","1",,"WR","Chicago Bears",,
"78a823d4-6586-4188-9d4c-6c39ba5a5cec","Terion","Stewart","-","0.0","1",,"RB","Kansas City Chiefs",,
"78ca699c-20c9-492a-b0e6-881303d7c1c0","Cephus","Johnson","-","0.0","1",,"WR",,,
"78f4d1b9-b64e-483a-903b-61f6b131b808","Jason","Brownlee","-","0.0","1",,"WR","Kansas City Chiefs",,
"79d2e462-c609-4f58-a984-1233fe6ca232","Bryant","Koback","-","0.0","1",,"RB",,,
"7a6b534a-a381-4d5d-9a79-95d1adf1b09a","Justin","Johnson","-","0.0","1",,"TE",,,
"7a806b48-079e-43b9-9080-2ac6cf4ba16a","Jermaine","Burton","-","0.0","1",,"WR",,,
"7afbf8ad-0563-4140-8bfd-1ec114cee26c","Deven","Thompkins","-","0.0","1",,"WR",,,
"7b267034-c8df-423d-8761-2b9d1fd9c27a","Brady","Boyd","-","0.0","1",,"WR","Jacksonville Jaguars",,
"7b6a34ac-870c-4105-9980-a6929f9c89e6","Pharoh","Cooper","-","0.0","1",,"WR",,,
"7b75fd04-e414-449b-b65f-5bf5fc6442c8","Brenden","Bates","-","0.0","1",,"TE","Cleveland Browns",,
"7ba9eaa8-d4f8-4e6a-bbd8-e74242734e04","J.P.","Holtz","-","0.0","1",,"TE",,,
"7bf667c8-19cd-434b-a601-74699cbeb86c","Blake","Jarwin","-","0.0","1",,"TE",,,
"7c0a2320-28b7-45ed-93cb-f74583fa2847","Mathew","Sexton","-","0.0","1",,"WR",,,
"7c2c085f-5df9-4dc6-9dce-de5369250b94","Alex","Armah","-","0.0","1",,"RB",,,
"7c8c7460-a6c4-4a97-849b-46b9d0ab088e","Myles","Price","-","0.0","1",,"WR","Minnesota Vikings",,
"7c91cb61-daf2-447f-a234-0d1a3a3364e4","Trent","Pennix","-","0.0","1",,"RB",,,
"7cb98c40-1c95-4fb3-b016-cdb512d23b0b","Giovanni","Ricci","-","0.0","1",,"TE",,,
"7cc3e82a-bfca-4b2b-b700-10707bb8fbac","Ra'Shaun","Henry","-","0.0","1",,"WR",,,
"7cdb901f-6671-4768-ac7e-c3db9ec17cb5","Gerrid","Doaks","-","0.0","1",,"RB",,,
"7cde3519-9602-4458-a143-188ab81d43a4","Moliki","Matavao","-","0.0","1",,"TE","New Orleans Saints",,
"7cfcedf3-027d-4256-9b3e-4fbc47e4bf9d","Stephen","Carlson","-","0.0","1",,"TE","Chicago Bears",,
"7d154f3a-f384-4b47-a956-01858da16d0d","E.J.","Jenkins","-","0.0","1",,"TE","Philadelphia Eagles",,
"0afa3c54-bf44-4ba3-9b26-93fea15b505b","Nick","Bowers","-","0.0","1",,"TE",,,
"0add5c93-3cfe-43ce-806b-d30ee6f7447f","Davion","Davis","-","0.0","1",,"WR",,,
"7e1382b2-b2c2-4404-b0e0-bce30a1a2b7f","Jesse","James","-","0.0","1",,"TE",,,
"7e78829f-8731-4dfc-b3a3-a89a56871fce","Chase","Curtis","-","0.0","1",,"TE","New York Jets",,
"7ea12a46-62ac-4d99-83e9-f6e40c978bd5","Kayron","Lynch-Adams","-","0.0","1",,"RB",,,
"7ea78c21-53a7-4fef-bf3a-aadc303e1004","Christian","Wade","-","0.0","1",,"RB",,,
"7ef7993e-05b6-4906-a737-2b64b8db7ea0","Jalen","White","-","0.0","1",,"RB",,,
"0ac49f99-37c9-4581-a1bf-0b341cc7a16c","Anthony","Miller","-","0.0","1",,"WR",,,
"7f3f534b-67fc-48f8-8f1f-3e3c5d49fdd0","Brandon","Bolden","-","0.0","1",,"RB",,,